"","pf_rol","pf_ss","pf_movement","pf_religion","pf_association","pf_expression","pf_identity","ef_government","ef_legal","ef_money","ef_trade","ef_regulation","pf_rol_procedural","pf_rol_civil","pf_rol_criminal","pf_ss_homicide","pf_ss_disappearances","pf_ss_women","pf_movement_domestic","pf_movement_foreign","pf_movement_women","pf_religion_estop","pf_religion_harassment","pf_religion_restrictions","pf_association_association","pf_association_assembly","pf_association_political","pf_association_prof","pf_association_sport","pf_expression_killed","pf_expression_jailed","pf_expression_influence","pf_expression_control","pf_expression_cable","pf_expression_newspapers","pf_expression_internet","pf_identity_legal","pf_identity_parental","pf_identity_sex","pf_identity_divorce","ef_government_consumption","ef_government_transfers","ef_government_enterprises","ef_government_tax","ef_legal_judicial","ef_legal_courts","ef_legal_protection","ef_legal_military","ef_legal_integrity","ef_legal_enforcement","ef_legal_restrictions","ef_legal_police","ef_legal_crime","ef_legal_gender","ef_money_growth","ef_money_sd","ef_money_inflation","ef_money_currency","ef_trade_tariffs","ef_trade_regulatory","ef_trade_black","ef_trade_movement","ef_regulation_credit","ef_regulation_labor","ef_regulation_business"
"Albania",0.11297130871186,0.516573675052531,-0.362023083435443,1.03472516162477,1.14199962920249,0.567519355102235,-0.235117606749291,1.18576035083146,-0.0930844946929614,0.938434818000702,1.01424319548277,-0.106319647363684,0.75785136367867,-0.475480575426213,-0.105405808082952,0.498395477294889,0.70980956682031,-0.280582626517247,-0.76024086369841,0.699195424503564,-0.817777727231369,0.914468999268452,0.922518909006948,0.74439080124112,0.942362881985458,1.00761007973263,1.0626810526394,1.12320754412548,0.949901389688047,0.274440947210204,0.276654106104222,0.02870504522883,0.114203336643674,0.701371666692583,0.748011467587287,0.826985568632108,-1.62267169240272,0.710705582115871,0.672115777531138,-0.672272811687727,1.13288692514503,-0.0173326342104373,0.583373554623531,0.657878731089851,-1.0815174669243,-0.70215803343587,-0.620770067241834,0.746283548559559,-0.821683294108153,0.0506470046546921,-0.590043723182056,0.668372407302623,0.356241117821732,0.566218053760795,0.355156376738925,0.492069776163784,0.447467761442019,0.79293771156641,1.2130038621549,0.830600960125617,0.223291972552788,0.656252342052924,-0.736489092587403,0.394016779748505,0.21092278151362
"Algeria",-0.789592074364595,-0.0191418081653142,-0.966638955069109,-1.47838563261192,-0.771918131700293,-0.190747163679951,-1.98850882433882,-2.3410591369617,-0.341759226055549,-0.707550403076079,-2.45034693199517,-1.69724144253763,-0.727768589157925,-0.951916717256419,-0.628336878254878,0.69341508381159,0.109303508426777,-1.16114467342252,-0.76024086369841,-0.771839104971466,-0.817777727231369,-0.872213108665802,-1.15961354250354,-1.77115560530726,-0.852351758033466,-0.682828265504558,-0.487387065540274,-0.52255606268216,-0.972149025153572,0.274440947210204,0.276654106104222,-0.851065800117266,-0.423614702201536,0.701371666692583,-0.309880144091458,-0.275602215928849,-1.39448348574962,-1.26302534878878,-1.74750102158096,-2.03989351691988,-1.48175845170132,0.132060413259827,-2.11917962055379,-0.896359771109922,-0.349709284895871,0.0812013120761996,-0.513021252322022,-0.817254946477573,-0.422699197153878,0.129128802536345,-0.505756531766226,0.270841071578438,0.666795472212007,-0.309052583658221,-1.49226031145895,-0.119738755854875,-0.159646203456852,-0.454207038664254,-0.487706384080461,-1.65094781577359,-2.79482620292526,-1.79211311150296,-2.04997233480605,-0.982562814756704,-0.650569081147589
"Angola",-1.01505251344232,0.159200490637876,-0.966638955069109,0.794567394527207,-1.15470168388085,-0.764968411267287,0.169511135746468,0.0107376336150039,-1.46881473777286,-1.88654628492488,-1.48608904100482,-1.45489107521123,-0.920010688370031,-1.19269694032502,-0.855399623897185,0.185326622562109,-0.0680881043269619,0.159698396671223,-2.15977518096139,-0.771839104971466,0.722687293832372,0.914468999268452,0.410575450982783,0.467653023019687,-1.74970907804293,-1.52804743812315,-1.26242112463011,-0.52255606268216,-0.0111238177327628,0.274440947210204,0.276654106104222,-0.851065800117266,-1.06899634881579,-0.553476610775219,-1.3677717557702,-0.275602215928849,1.11558678852972,0.710705582115871,-1.74750102158096,0.695347893544428,0.861054838161761,0.65217253816766,-2.11917962055379,1.32398094631833,-1.47915760395947,-1.47838749675967,-1.83322585533905,-1.1299626457852,-0.821683294108153,-1.31206631245164,-1.20363776830868,-1.28641055563206,-0.788567256162,-0.133998460270685,0.718386202448455,-1.9103723261718,-3.52202769332222,-0.454207038664254,-0.392780667775812,-1.87704715123606,0.223291972552788,-1.56106280989859,-0.75861467087133,-1.3248811072502,-1.27575934290288
"Argentina",0.390719406266238,0.680585174319337,0.847208659469119,0.208415910004525,0.1850407487511,0.648499274625854,0.978768620737987,-0.92889305595636,-0.855142714023295,-1.88101333855878,-2.57279607899462,-1.60008453801603,0.986282355595901,0.339479084774945,-0.304576936608699,0.0261711512522427,0.449564156088426,1.0402604435765,0.639293453564572,0.699195424503564,0.722687293832372,0.0211279453013252,0.513651315408812,0.16600884423529,0.045005561975996,1.00761007973263,-0.487387065540274,0.300325740721658,-0.0111238177327628,0.274440947210204,0.276654106104222,0.280068144060734,0.221766944412716,0.701371666692583,0.748011467587287,0.826985568632108,1.11558678852972,0.710705582115871,0.672115777531138,0.695347893544428,-0.112483333944787,-0.727749494425733,-0.0922647391708,-1.11839384285275,-0.589237257958087,-0.844621848918913,-0.776116385262902,0.433575849627182,-1.22066739154121,-0.44246833240442,-0.368361307672617,-1.10193909864574,-0.882191804588537,-0.659160844087517,-3.05963438783947,-1.78360247453642,-4.14745346008279,0.79293771156641,-0.854468119736182,-0.496627658084319,-6.58026255794076,-0.212437045648601,-1.84006273393809,-0.89363017326329,-0.768731672711753
"Armenia",-0.0639298344401234,0.533242767330118,-0.362023083435443,-0.722633681604469,-0.197742803429457,-0.330621569961186,0.331362632744772,0.424459392280234,0.388120077331837,0.915734036450833,0.953510572418838,0.351331443726707,-0.10902220113218,-0.176946541928932,0.102482511968147,0.457748301935944,0.372494044927609,0.159698396671223,-0.76024086369841,-0.771839104971466,0.722687293832372,-0.872213108665802,0.158039584917073,-0.711249913548565,0.045005561975996,0.162390907114035,-0.487387065540274,-0.52255606268216,-0.0111238177327628,0.274440947210204,0.276654106104222,-0.599702701662407,-0.316051094432494,-0.553476610775219,-0.309880144091458,-0.275602215928849,0.29410924424999,0.710705582115871,0.672115777531138,-0.672272811687727,0.716920615104272,0.0987043370222067,0.583373554623531,-0.674325699367097,-0.503603092219367,-0.00467807172347391,0.0777060861968483,-0.19183954861282,-0.422699197153878,0.579493434644168,1.38691799559682,0.0598550977341974,0.827593354462827,0.91632630736298,0.438688175901036,0.37398393156291,0.448891880835022,0.79293771156641,0.874654774014243,0.684196447553242,0.223291972552788,0.872253419189478,0.580563752741987,-0.103312054624138,0.287674464708636
"Australia",1.63617815336404,1.26591062186846,0.847208659469119,0.965701715604632,1.14199962920249,1.05339887224395,0.735991375240531,0.0495218039485176,1.76491075607562,0.866063354766686,0.430992314180298,1.40759262123808,1.68709378751288,1.47458521314489,1.5601661935999,0.75430008485837,0.708952761802394,1.0402604435765,0.639293453564572,0.699195424503564,0.722687293832372,0.914468999268452,-0.0652914536418951,1.20654289144376,0.942362881985458,1.00761007973263,1.0626810526394,1.12320754412548,0.949901389688047,0.274440947210204,0.276654106104222,1.15983898940683,1.18983941433409,0.701371666692583,0.748011467587287,0.826985568632108,0.29410924424999,0.710705582115871,0.672115777531138,0.695347893544428,-0.466497214867123,-0.428202877516691,1.25901184841786,-0.674325699367097,1.85765626215643,0.932106691722312,1.49273096039553,1.37169894679956,1.57222128857506,1.12101141962044,0.435411265812338,1.55357227891622,0.698209024991112,0.91632630736298,-0.0284460698624652,0.500684412114556,0.448073012184044,0.79293771156641,1.09624450765941,0.799485625028153,0.223291972552788,-0.638328803332425,0.892367587940623,0.964789220307932,1.39632818180246
"Austria",1.87863180024351,1.29306798785066,0.847208659469119,0.284889505381938,1.14199962920249,1.01658981763395,0.978768620737987,-1.14102022410797,1.7629323723537,0.851956169837932,0.922568646679382,0.344790138363384,1.96452848984115,1.70147670620787,1.75104487469406,0.795928076521577,0.70980956682031,1.0402604435765,0.639293453564572,0.699195424503564,0.722687293832372,0.914468999268452,-0.18726455944129,-0.434512135327132,0.942362881985458,1.00761007973263,1.0626810526394,1.12320754412548,0.949901389688047,0.274440947210204,0.276654106104222,0.908475890574926,1.29740302210314,0.701371666692583,0.748011467587287,0.826985568632108,1.11558678852972,0.710705582115871,0.672115777531138,0.695347893544428,-0.796488725279877,-2.16118940697813,1.25901184841786,-1.34042791459557,1.31978274627269,0.846950415002683,1.54987812686079,1.37169894679956,1.97120538552934,1.24887675601584,0.372728219923182,1.45098833103522,0.939001347288094,0.91632630736298,-0.511541283729069,0.70084923034795,0.493988994946789,0.79293771156641,0.645763061190762,1.20918251932251,0.223291972552788,0.40237923595897,0.598292354972474,-0.591786447906777,0.808752394543907
"Azerbaijan",-0.512913323776146,0.418769073168572,-0.966638955069109,-1.17292949476449,-1.53748523606141,-1.84339415457677,-0.235117606749291,-1.06821487970762,0.28600444531564,-0.521754408935777,0.168092071637102,-0.13742263672333,-0.491854457002038,-0.656437955849132,-0.349691821825093,0.579584421720941,-0.0547404828303736,0.159698396671223,-0.76024086369841,-0.771839104971466,-0.817777727231369,-1.76555416263293,0.0377844100110636,-0.525835602065485,-1.74970907804293,-0.682828265504558,-1.26242112463011,-1.34543786608598,-1.93317423257438,0.274440947210204,-2.59077938733992,-1.73083664584041,-2.03706881873716,0.701371666692583,-3.48355497912769,-0.275602215928849,-1.62267169240272,0.710705582115871,0.672115777531138,-0.672272811687727,0.311068987473838,0.163219577152652,-2.11917962055379,-0.00822348413862298,0.368460029899947,1.09814961501591,0.476339455612795,-0.504547247545197,-0.0237151001996023,1.92327229957632,1.40381581587599,0.287632244301483,0.989740679857896,-1.0092690976897,0.586203448304881,-1.02231803879339,0.10366160464783,-0.454207038664254,0.407978841365983,0.488313649345841,0.223291972552788,-0.519622424154468,-0.493773617362202,-0.218477153410932,0.524248616323237
"Bahamas",0.792897562552798,-2.1565068734539,0.847208659469119,0.292997021415801,0.167638583953201,0.74604326841478,0.978768620737987,1.46821872622959,0.942080168196645,-0.967921854171747,-0.281625987217582,1.11969420592895,0.898644361483208,0.481383515329758,0.880223941957455,-2.74830139543821,0.70980956682031,-1.60142569661099,0.639293453564572,0.699195424503564,0.722687293832372,0.177958930370814,0.828032699820911,-0.0415444898043809,0.028687243305877,0.1470207134383,0.273553106449727,0.285361749013601,-0.0285999281238215,0.274440947210204,0.276654106104222,1.28552053863426,0.97471219879601,0.147147010643658,0.280776005621456,0.340009296970674,1.11558678852972,0.710705582115871,0.672115777531138,0.695347893544428,0.639796162800239,0.726942386503467,0.245554407726366,1.54601501806115,0.841343741128202,1.65427454678121,0.680210675887657,1.37169894679956,0.375268997233455,0.254417475963076,-0.790284357073314,0.53095128164746,0.619630121862439,0.547293281635164,0.0527687604103565,0.2201632382825,0.558549074096267,-1.70135178889492,-3.43156034080312,1.13581210780374,0.223291972552788,0.136905043941643,0.265472434242947,1.44852493655573,0.895130577879292
"Bahrain",0.486082145737625,-0.0450625686188126,-0.362023083435443,0.0105486983167861,-0.771918131700293,-2.20052152930804,-1.1792513393473,1.49764618196204,0.0333753198996323,0.831575079457086,0.326477210050048,0.387967019378789,0.359953456387619,0.410438135486462,0.656403327815884,0.815061294439472,-0.121457914311813,-1.16114467342252,0.639293453564572,-0.771839104971466,-0.817777727231369,0.914468999268452,-0.00859972874872873,-1.2425864484311,-0.852351758033466,-2.37326661074174,-2.03745518371995,1.12320754412548,0.949901389688047,0.274440947210204,-5.31932128418834,-1.60515509623593,-1.82194160319908,-0.553476610775219,-0.309880144091458,-2.48077778505076,-0.709918865516514,-1.92093565909033,0.672115777531138,-2.03989351691988,-0.820511095789458,0.990108460020468,1.25901184841786,1.54601501806115,0.920600544984146,1.34362322489643,1.15164900444006,-0.504547247545197,0.77425309418773,0.310983295196995,0.822651939611373,1.08314462607226,0.993939839646933,-2.24745683000482,1.2423761088227,-0.185829348362738,0.267554011459282,0.79293771156641,0.854845446697514,0.238872267162683,0.223291972552788,-0.162950389396305,-0.400827011177861,0.177428292349872,1.31020748719816
"Bangladesh",-1.21057593977587,-0.339690605411686,-0.966638955069109,-0.893548880850785,-0.00635102733917836,-0.4003587554098,-1.85363257673233,1.68353691038978,-1.29221408877675,-0.900992735835829,-0.829577788809745,-0.31689809188926,-1.5047979595041,-1.02223214637292,-0.916182517290398,0.526906573705385,-0.363668185528496,-1.16114467342252,-0.76024086369841,-0.771839104971466,-0.817777727231369,0.0211279453013252,-1.7660432081676,-1.14849560368637,-0.852351758033466,0.162390907114035,0.287646993549562,0.300325740721658,-0.0111238177327628,0.274440947210204,0.207971420337984,-0.474021152057933,-0.746305525508661,-0.553476610775219,-0.309880144091458,-0.275602215928849,-1.62267169240272,-1.92093565909033,-0.53769262202491,-2.03989351691988,1.65885040532337,1.05958867160521,0.245554407726366,0.657878731089851,-0.493257507520059,-0.521397693638665,-0.274552636705848,-0.817254946477573,-1.22066739154121,-2.20151812820583,-2.59569511395391,-0.917720215306187,-0.528602565925801,-0.484106713872869,0.812503272820693,0.5259703254324,-0.0547123395157333,-1.70135178889492,-0.757192756895741,-1.27571814904627,0.223291972552788,-0.375038995960371,-0.220102015326143,0.618272377770934,-1.24870789717791
"Barbados",0.975899353169517,-0.17735366517467,0.847208659469119,0.621680096434387,0.264236546990297,0.887758127735712,-0.639746349245051,-0.0818067989725009,0.353865531959305,-1.31539677346972,0.0607747290781472,-0.477490758204696,1.28439978952274,0.816795969016626,0.661200329638661,-0.69659824540216,0.70980956682031,-0.112271183089991,0.639293453564572,0.699195424503564,0.722687293832372,0.376479164387211,0.828032699820911,0.511931067136614,0.119268867030873,0.232339374524702,0.35178709635443,0.368425616911046,0.0684085007235743,0.274440947210204,0.276654106104222,1.53688363746616,1.08227580656505,0.262174769578852,0.377749403499726,0.441079844035773,-0.253542451936499,0.710705582115871,-1.74750102158096,-0.672272811687727,0.845792020859129,-0.766644948790852,-0.0922647391708,-0.230257555881448,0.731489966685539,-0.0627078875706513,0.583444519903166,1.29664909902577,-0.0603946364438838,-0.331286855843586,-0.775116283571097,0.94890155742039,-0.428753363276924,0.0410556699439636,-1.96643249707135,0.342019339004471,0.587743521652833,-1.70135178889492,-0.154201182006195,-0.0751056593839073,0.223291972552788,0.1524263790365,-1.2704332764033,0.556854799278347,-0.255748268502645
"Belarus",0.0131459738313786,0.784738907554257,-1.57125482670277,-1.35501991863835,-1.72887701215169,-1.16250619734499,0.331362632744772,0.226948008594949,0.203275154936221,-2.08253067852931,0.133525126842307,-0.620781612443219,-0.380598924817216,0.432861743040049,0.0810534828257864,0.369445628061908,0.191211119388795,1.0402604435765,-2.15977518096139,-2.2428736344465,0.722687293832372,-1.76555416263293,0.0755788935308651,-1.01012671432659,-1.74970907804293,-1.52804743812315,-1.26242112463011,-1.34543786608598,-1.93317423257438,0.274440947210204,0.276654106104222,-1.60515509623593,-1.06899634881579,-0.553476610775219,-1.3677717557702,-1.37819000048981,0.29410924424999,0.710705582115871,0.672115777531138,-0.672272811687727,-0.219951833479791,-1.50014939471027,1.25901184841786,0.435844659347027,0.295722260599878,-0.00306627131637601,-0.00617702049368915,-0.504547247545197,-0.0237151001996023,1.73855487231382,1.47116564094115,-0.0339922273114267,-0.0539443537422777,-0.928838821276101,0.0930950941650292,-4.57395678294053,-0.805114168522614,-0.454207038664254,0.188847199206053,1.93997321812641,0.223291972552788,-1.95518741596785,-2.87162681701758,0.592843907195574,1.37178840561672
"Belgium",1.6207421977264,0.894496771877562,0.847208659469119,0.406940487185592,1.14199962920249,1.27425319804881,0.735991375240531,-2.129867352492,1.20864962960172,0.812259566920905,1.00265074531123,1.05513036917088,1.80730362173914,1.35556971821336,1.48378095615607,0.607575865636784,0.0950917572278018,1.0402604435765,0.639293453564572,0.699195424503564,0.722687293832372,0.914468999268452,-0.0309328326819319,-0.226958801287461,0.942362881985458,1.00761007973263,1.0626810526394,1.12320754412548,0.949901389688047,0.274440947210204,0.276654106104222,1.53688363746616,1.83522106094835,0.701371666692583,0.748011467587287,0.826985568632108,0.29410924424999,0.710705582115871,0.672115777531138,0.695347893544428,-1.33509555804125,-2.69153060300677,1.25901184841786,-2.4505982733097,1.33563539245807,0.790273520938007,1.43768982778575,1.37169894679956,1.17323719114201,0.820208205931387,-1.61425188048284,1.03454496622852,0.393922440968919,0.91632630736298,-0.456015796521131,0.665338090540851,0.365580896344335,0.79293771156641,0.645763061190762,1.11172006222396,0.223291972552788,0.694543581571724,0.911896950316263,0.69405527034714,0.770663787178406
"Belize",-0.51413283724916,-0.986200377789557,0.847208659469119,0.953321319722727,0.158576562311043,0.514146226226924,0.978768620737987,0.434802987672037,-0.0502866626628954,-0.742884808120658,0.0273260031599653,0.842620692460889,-0.239616790116802,-0.35073903406656,-0.939584586409293,-2.74830139543821,0.70980956682031,1.0402604435765,0.639293453564572,0.699195424503564,0.722687293832372,0.576786080868878,0.943134081273698,0.996222179895847,0.0201896248388862,0.139016822580394,0.266213840823634,0.277569384196561,-0.0377004562721143,0.274440947210204,0.276654106104222,0.908475890574926,0.759584983257926,-0.0410802309765127,0.122092263869644,0.17462112928653,1.11558678852972,0.710705582115871,0.672115777531138,0.695347893544428,0.44521336524956,0.430689699015674,-0.767903032965131,1.1019468745755,1.50113859502007,-0.00306627131637601,1.1209678259055,0.0208016868713354,-0.356915933518946,-0.641006684246128,-0.111434508739105,-1.13027525613091,-0.505481317101172,-0.190772769820468,0.742920402899736,0.524586596220515,0.516537552002673,-1.70135178889492,-0.693824599773443,0.525046951551109,0.223291972552788,-0.206360427498363,1.13663988881143,0.468901852780045,0.19324077923865
"Benin",-0.599590899495355,-0.0280561085768682,-0.362023083435443,1.16532190312451,0.950607853112215,0.803097302751092,0.978768620737987,-0.245772277883464,-0.90817629173443,-0.879329118076527,-0.840448806655138,-0.155829870806369,-0.565761343633855,-0.749005175633185,-0.436985399398752,-0.00879817149468238,0.450510343104553,-0.509528758490717,-0.76024086369841,0.699195424503564,-0.817777727231369,0.914468999268452,0.180372688850277,1.55246511434508,0.942362881985458,1.00761007973263,1.0626810526394,0.300325740721658,0.949901389688047,0.274440947210204,0.276654106104222,0.280068144060734,0.97471219879601,0.701371666692583,0.748011467587287,0.826985568632108,1.11558678852972,0.710705582115871,0.672115777531138,0.695347893544428,0.800366744129693,1.08238677218265,-0.767903032965131,-1.34042791459557,-0.751823976106208,-0.0702275909039315,-0.331825558569435,-0.01672323701556,-0.986338584056153,-2.11813202045845,-0.532633187004964,-0.0419111223878767,-0.379877090252291,-1.41488232340508,0.766874228381715,0.127786877299277,0.489241930303445,-1.70135178889492,-0.540410761271602,-0.545262481934143,0.223291972552788,-1.28617651207744,0.176850906970587,-0.32003790410556,-0.26095770911949
"Bhutan",0.501553651880691,0.546499359620821,-0.966638955069109,-0.109968428894214,-0.159092070630087,-0.27172708320357,-1.04437509174081,0.798726341442465,1.08105112728653,-1.0890161370212,-0.581111769526757,0.665456851129321,0.373145459521662,0.426960913121302,0.67198478715499,0.726910458938828,0.450510343104553,-0.280582626517247,-0.76024086369841,-2.2428736344465,0.722687293832372,-0.0654268767369705,0.814289251900766,-0.711249913548565,-0.277693888162904,-0.141559098272894,0.00893631818049852,0.0044084962009151,-0.356718932509391,0.274440947210204,0.276654106104222,-0.348339602830503,0.00663972887463215,-0.678961438522,-0.415669305259332,-0.385860994384945,-1.62267169240272,0.710705582115871,-1.74750102158096,-0.672272811687727,-0.494312591065639,1.144601870667,0.245554407726366,0.879912802832676,0.600888782599837,0.738990298045712,0.708866995168598,1.0714995557044,0.473132135920416,1.99672110563177,-0.342129930233576,1.1853058296235,1.1487125121256,0.391163923546148,0.0708038082458131,0.278708492120557,0.0801636346632773,-1.70135178889492,-0.813656568218815,0.802748229288626,0.223291972552788,-1.8763436036383,-0.298075355002737,1.66935892360789,0.184794933340955
"Bolivia",-1.26053598704538,0.257427421729024,0.847208659469119,0.582457249618244,-0.197742803429457,0.449730381587002,0.978768620737987,-0.261916933041362,-1.03204415387311,0.818654071066073,-0.026400798813397,-1.98253717749223,-0.788771921947557,-1.25193943628213,-1.69622640198066,-0.0258938627307324,0.450510343104553,0.159698396671223,0.639293453564572,0.699195424503564,0.722687293832372,0.0211279453013252,0.369345105676213,1.20377551343739,0.045005561975996,0.162390907114035,-0.487387065540274,-0.52255606268216,-0.0111238177327628,0.274440947210204,0.276654106104222,-0.0969765039985994,-0.316051094432494,0.701371666692583,0.748011467587287,0.826985568632108,1.11558678852972,0.710705582115871,0.672115777531138,0.695347893544428,0.09360331780125,0.627748974952096,-2.11917962055379,1.54601501806115,-1.90657184938769,-1.65799000898025,-1.28749006978375,-0.504547247545197,-0.821683294108153,0.118697750453902,-0.429797521868162,-1.56374829249637,0.222667337576881,0.0410556699439636,1.24969901778654,-0.140353951002724,0.169408449958145,0.79293771156641,0.225302854322766,-0.907894009143394,0.223291972552788,0.560582323461772,-0.386693607201185,-1.77128203104764,-2.60169367653378
"Bosnia and Herzegovina",0.2223005915134,0.610843879931592,-0.362023083435443,0.633950931400737,0.950607853112215,0.59696659879024,0.735991375240531,-0.918624870049343,-0.70447948755332,0.0525520943107627,0.649702000027653,0.385855554268655,0.575262466366701,-0.181761422371171,0.16358836357644,0.705644611809998,0.191211119388795,0.159698396671223,-0.76024086369841,-0.771839104971466,0.722687293832372,0.914468999268452,0.0343485482242943,0.304377733595071,0.942362881985458,0.162390907114035,1.0626810526394,1.12320754412548,0.949901389688047,0.274440947210204,0.276654106104222,0.531431242515593,-0.316051094432494,0.701371666692583,0.748011467587287,0.826985568632108,0.29410924424999,0.710705582115871,0.672115777531138,0.695347893544428,-0.00627916992601109,-1.06655971411093,-0.767903032965131,-0.00822348413862298,-0.88223947393832,-1.22481938725509,-1.15662009134504,-0.467022323658302,-0.836888843612978,-0.337786937427889,0.215739600394987,-0.60854785915855,-0.263884585672398,0.0410556699439636,0.191671873092981,0.610950013574047,0.451094518829533,-0.454207038664254,0.878161169388578,0.671789591923318,0.223291972552788,0.153812624516868,0.882425081480573,0.746750181114366,-0.983050399792094
"Botswana",0.327506801038391,-0.638686843265152,0.242592787835453,0.925711941196347,-0.05368816470219,0.0761184800782144,-0.882523594742507,0.17843356975274,0.480328796679778,0.582812413466709,0.56049836281046,0.731802634144548,0.0636289494007898,0.512308181400841,0.43122749193278,-1.29801798544014,0.70980956682031,-0.280582626517247,0.639293453564572,0.699195424503564,-0.817777727231369,0.560110381075713,1.08572236011291,0.857853290536066,-0.178854775559266,-0.0484627239363897,0.0943021773872048,0.0950445287071827,-0.250867142399518,0.274440947210204,0.276654106104222,0.405749693288163,0.114203336643674,-0.396620576091744,-0.177643692631615,-0.137778742858729,0.29410924424999,-0.605115038487228,-1.74750102158096,-0.672272811687727,-0.839476125093878,-0.18551629222333,0.245554407726366,1.1019468745755,0.207506069224706,0.802418173703754,0.774255683908784,0.746283548559559,-0.0237151001996023,-0.808806196250267,0.201537355271243,0.232551836567285,-0.0297477494519727,0.741272177148332,0.142943007865385,-0.179257335522573,0.152319017242106,0.79293771156641,-1.2429188997746,0.842981947472913,0.223291972552788,1.08995747618948,0.419312569883997,0.826961862140965,0.409388712286422
"Brazil",-0.279446580062038,-1.37637768815702,0.847208659469119,-0.0188136560417291,-0.197742803429457,0.403081341202146,0.169511135746468,-1.10919219758674,-0.417174570964116,-0.193544644883503,-0.0151722341375979,-2.83919749492737,-0.12898192786574,0.0100362559846305,-0.701417836359482,-2.74830139543821,0.70964307130736,0.159698396671223,0.639293453564572,0.699195424503564,0.722687293832372,-0.872213108665802,-0.166649386401471,1.27572733612365,0.942362881985458,1.00761007973263,-1.26242112463011,-1.34543786608598,-0.0111238177327628,-0.448984078083616,0.276654106104222,0.154386594456259,-0.208487486663452,0.701371666692583,0.748011467587287,0.826985568632108,-1.62267169240272,0.710705582115871,0.672115777531138,0.695347893544428,-0.379258080152767,-0.855420833055052,-0.767903032965131,-0.230257555881448,0.126904228238344,-0.79460821406104,-0.0109858032534618,0.120868150694806,-1.22066739154121,-0.42261449735095,0.524244925029323,-0.646035427743222,-1.67183641406384,0.391163923546148,0.462053517037162,0.517452472281287,-0.437503764693383,-0.454207038664254,-0.171118636413229,-0.15112520431464,0.223291972552788,0.0587748987507262,-2.41842017141645,-1.62435434789136,-2.39792242894588
"Brunei Darussalam",0.647348853812167,-1.03235311512625,-0.0597151477999953,-4.40388412536241,-2.30305234042252,-1.93549633797118,-1.71875632912584,-1.21149070653107,0.0914777723707721,0.397209036552968,0.0310623247375279,1.38578999216468,0.497459843850071,0.582662735520801,0.818816129218612,0.819551243314093,0.70980956682031,-4.24311183679848,0.639293453564572,-0.771839104971466,-0.0475452166994983,-2.65889521660006,-6.47317432683979,-3.24616796464716,-2.64706639805239,-2.37326661074174,-2.03745518371995,-1.34543786608598,-1.93317423257438,0.274440947210204,0.276654106104222,-1.60515509623593,-0.531178309970577,-3.06317316571082,-2.42566336744895,-2.48077778505076,-1.62267169240272,-1.92093565909033,-0.53769262202491,-1.58401994841799,-2.40598754770235,-1.23780576002775,-0.430083886067966,1.54601501806115,0.116816215058388,-0.451619113364023,0.0746079866922582,0.746283548559559,1.17323719114201,-0.0907322143958463,-1.59293457138391,0.482112178858856,0.918988552439424,-0.484106713872869,0.821428303625977,-1.4560274318377,0.512704297303173,0.79293771156641,1.4528123928538,-1.01673250467361,0.223291972552788,0.0428500460366428,0.598004229983457,1.68571835580119,0.887527652628508
"Bulgaria",-0.132492188998021,1.24673771665704,0.847208659469119,-0.180306607084266,0.950607853112215,0.70003195046147,0.735991375240531,0.440859728243811,-0.250093943939114,0.856621864878368,0.935809065932543,0.579278469345268,-0.118957601290487,0.234679665122075,-0.481106813861475,0.72592765904195,0.706899289829833,1.0402604435765,0.639293453564572,0.699195424503564,0.722687293832372,0.0211279453013252,-0.219905249507869,-0.34318866809065,0.942362881985458,1.00761007973263,0.287646993549562,1.12320754412548,0.949901389688047,0.274440947210204,0.276654106104222,0.405749693288163,0.329330552181758,0.701371666692583,0.748011467587287,0.826985568632108,0.29410924424999,0.710705582115871,0.672115777531138,0.695347893544428,0.0645236065163804,-0.826178260496643,0.583373554623531,0.879912802832676,-0.764860566162713,-0.582174701715448,-0.820243583800267,0.746283548559559,-0.422699197153878,0.505803963633976,0.722713760206056,-0.665319835527526,-0.424166379498212,-0.133998460270685,-0.121458372562393,0.475998484212857,0.504847905318438,0.79293771156641,0.645763061190762,0.887148318932974,0.223291972552788,0.764599709285307,0.914858960820705,0.481133869972997,-0.219337002281068
"Burkina Faso",-0.151373315196799,0.17801360033126,0.242592787835453,0.340327384265807,0.1850407487511,0.0301071621249037,0.978768620737987,-0.880381140481466,-0.996341413571323,-0.80235442849365,-0.350916909422381,0.399396741214278,-0.0329431717747297,-0.254884863533943,-0.178073322374359,0.83745919934836,0.358173816935589,-1.17875591418099,0.639293453564572,0.699195424503564,-0.817777727231369,0.0211279453013252,-0.188982490334674,0.951944135280791,0.045005561975996,0.162390907114035,0.287646993549562,0.300325740721658,-0.0111238177327628,0.274440947210204,0.276654106104222,-0.0969765039985994,0.867148591026968,-0.553476610775219,-0.309880144091458,-0.275602215928849,1.11558678852972,0.710705582115871,0.672115777531138,0.695347893544428,-1.0639869481371,1.19351024729725,-1.44354132675946,-0.00822348413862298,-1.47392812678134,-0.40439025060734,-0.831934464642903,-1.1299626457852,-0.0237151001996023,-1.41859075428594,-1.6010154631415,-0.257913922557383,-0.558858361246436,0.0410556699439636,1.18864944565124,0.0369962846163743,0.570298059088543,-1.70135178889492,-0.0849408349284017,-0.63183611673078,0.223291972552788,-0.307429200517936,0.519384065181276,0.570621897992997,-0.283511748307097
"Burundi",-1.31567123751141,-0.873821889432375,-2.17587069797367,0.0147120178409022,-2.11166056433224,-2.77474277689537,-0.369993854355779,-0.300594976588615,-1.12174508574598,-0.470234275794946,-0.769066316431427,-0.723124558261475,-1.17633758462692,-1.51374236956329,-1.15815479086945,0.0148217189123777,-1.24962841921047,-0.720863649705716,-2.15977518096139,-2.2428736344465,-0.817777727231369,-0.872213108665802,0.716367180927961,0.791436223862548,-2.64706639805239,-2.37326661074174,-1.26242112463011,-1.34543786608598,-1.93317423257438,0.274440947210204,0.276654106104222,-1.2281104481766,-1.82194160319908,-4.31802144317863,-3.48355497912769,-3.58336556961172,-0.0253542452834039,0.0527952718143218,-1.74750102158096,0.695347893544428,0.156820082435899,1.19351024729725,-1.44354132675946,-0.00822348413862298,-1.3578393604874,-0.802853090846898,-1.30945733377867,-1.74286973581274,-1.14303127719929,-1.08176182491648,0.63846611486173,-1.11473066376295,-0.561919949691381,0.250266696621502,-0.1773461477374,-0.275091993732697,-0.0576199166097811,-0.454207038664254,-0.467029494728156,-1.6896153343246,0.223291972552788,0.0134944675406161,-2.11604482633536,1.04119304865412,-0.369765943492609
"Cambodia",-1.5576703961896,1.06478897958983,0.847208659469119,0.490425988849692,0.1850407487511,0.125810703492525,0.43926363063574,1.15497621523656,-0.611163073555122,0.762995362237124,0.25922495144278,0.0438724778634786,-1.14427077973337,-2.15397076080838,-1.32343286355296,0.622938481084836,0.450510343104553,1.0402604435765,0.639293453564572,0.699195424503564,0.722687293832372,0.914468999268452,0.188962344090268,-0.15777435660757,0.942362881985458,0.162390907114035,-0.487387065540274,-0.52255606268216,0.949901389688047,0.274440947210204,0.276654106104222,-1.10242889894917,-0.746305525508661,0.701371666692583,0.748011467587287,0.826985568632108,0.659210374949707,0.710705582115871,0.672115777531138,-0.672272811687727,1.8409146869897,1.05349372561345,-1.44354132675946,1.54601501806115,-1.06614262112665,-0.722918469233201,-0.53187027230412,-0.129298008676245,-0.768423783951468,-1.62421779212544,0.0315933223129147,-1.13605383881434,-0.319282664493429,0.91632630736298,-0.362666374673122,0.575637284488542,0.240976383287359,0.79293771156641,0.140336036757961,-0.602266682411189,0.223291972552788,0.985429847444616,0.842171272923785,0.125863332840155,-1.10363457287063
"Cameroon",-1.27554632367226,-0.888201150190429,-1.57125482670277,0.265825887143269,-0.580526355610015,-0.427205812389197,-0.639746349245051,0.512914803678469,-1.31485731719726,-0.730359929576861,-1.66405601847279,-0.472362484768006,-1.35257741972627,-1.03343323737453,-1.28170802792899,0.283632484121057,-2.0793870034137,-0.298193867275718,-2.15977518096139,-0.771839104971466,-0.817777727231369,0.0211279453013252,0.094476135677299,0.581115511816504,0.045005561975996,-1.52804743812315,-0.487387065540274,-0.52255606268216,-0.0111238177327628,0.274440947210204,0.0379096940915445,-0.851065800117266,-0.316051094432494,-0.553476610775219,-0.309880144091458,-0.275602215928849,-0.253542451936499,0.710705582115871,-1.74750102158096,-0.672272811687727,0.766229691639662,0.983006983240107,0.245554407726366,-0.896359771109922,-0.713781646228889,-0.00337318498137106,-0.262695059102719,-0.504547247545197,-1.22066739154121,-1.39942318773251,-2.44418257058823,-0.0978421719608442,-0.77194057862725,-1.91442702463408,0.901372140839091,0.486655039286676,0.496872836717621,-1.70135178889492,-1.60751173156139,-1.70955694126435,0.223291972552788,-1.40064831144044,-0.691791921176596,0.699305258183766,-1.14296209048053
"Canada",1.61290891143525,1.18753105134607,0.847208659469119,0.92297291594096,1.14199962920249,1.12701698084557,0.735991375240531,-0.375217944113896,1.73679908736652,0.957082598834192,0.772145787257143,1.45544403078128,1.78302085094107,1.24935480521058,1.58895892504642,0.646138096259412,0.689407658601289,1.0402604435765,0.639293453564572,0.699195424503564,0.722687293832372,0.914468999268452,0.0549637204910452,1.02112857996068,0.942362881985458,1.00761007973263,1.0626810526394,1.12320754412548,0.949901389688047,0.274440947210204,0.276654106104222,1.28552053863426,1.40496662987218,0.701371666692583,0.748011467587287,0.826985568632108,0.29410924424999,0.710705582115871,0.672115777531138,0.695347893544428,-0.71936427254597,-0.181294008062109,0.583373554623531,-0.674325699367097,1.80053924255278,1.44755000806928,1.72459021603059,1.37169894679956,1.57222128857506,-0.434526798644433,0.891691964189844,1.60832472299439,0.743398810439365,0.91632630736298,0.360770533702662,0.559182492910618,0.431090388422481,0.79293771156641,-0.345317809216818,1.04479320253448,0.223291972552788,0.829638039710577,0.981628548085228,1.31592878711098,1.00341649344722
"Cape Verde",0.375877046038017,-0.258620232490177,0.847208659469119,0.393245359133771,0.371296743185487,0.771809606641783,0.978768620737987,-1.11287482924497,0.528589727728015,-0.083521390051859,0.154698660784419,-0.090862222389985,0.265985486677295,0.292744722852677,0.545415020403999,-0.780843805960885,0.70980956682031,-0.173417775991439,0.639293453564572,0.699195424503564,0.722687293832372,0.238507601647547,1.08572236011291,-0.0387771117980089,0.219661112403095,0.32689864169593,0.438494373040105,0.460485881063994,0.175923619039278,0.274440947210204,0.276654106104222,1.15983898940683,1.18983941433409,0.168061148768767,0.29840753262382,0.358385760193701,1.11558678852972,0.710705582115871,0.672115777531138,0.695347893544428,-0.203716801966241,0.882292495658339,-2.11917962055379,-0.230257555881448,0.253912690260785,-0.318150678253541,-0.13323545814856,0.771300164609239,0.0677982716959966,1.14274069045523,0.806478490467045,-0.0855596049248236,-0.363237903264244,0.91632630736298,-0.100945296504336,0.393152768244413,0.432633184431568,-0.454207038664254,-0.629841919373166,-0.0137131867481963,0.223291972552788,0.612112600188174,0.715283067483569,-1.08182752523416,0.0954977749186999
"Central Afr. Rep.",-1.75867292316448,-2.59554174757397,-0.966638955069109,0.500067358884581,0.567824300931658,0.192067001172143,0.43926363063574,0.479540432351166,-2.19147211628378,-1.22305463331108,-2.00375709813489,-1.55328045820051,-1.55406936920439,-1.98684552294862,-1.60430480938281,-1.98505513213919,-2.66424845473251,-0.262971385758776,-0.76024086369841,-0.771839104971466,-0.817777727231369,0.914468999268452,-0.992974228837735,0.628160934437931,0.045005561975996,1.00761007973263,0.287646993549562,0.300325740721658,0.949901389688047,0.274440947210204,0.276654106104222,-0.725384250889836,-0.853869133277703,0.701371666692583,0.748011467587287,0.826985568632108,0.659210374949707,-0.605115038487228,0.672115777531138,0.695347893544428,1.76505456934215,0.989326306147175,-0.767903032965131,-0.674325699367097,-1.47284390795919,-1.13005802762273,-2.23101988621042,-2.08059405079479,-1.92787632030944,-2.48446988365079,-1.49520321953414,-1.86518841871553,-2.23725471096268,-1.18432322790435,0.0475284454328591,-0.0839306935373495,0.0536987492766351,-1.70135178889492,-2.42533328810503,-1.57365014352828,0.223291972552788,-1.84400311792869,-0.0157113958613679,-2.27963220575121,-1.38073951651607
"Chad",-1.3531406707685,-1.26843239429977,0.242592787835453,0.423155519253319,-0.197742803429457,-0.102405433234331,-1.71875632912584,1.01753604607664,-1.66484823302332,-1.0853349560321,-1.60770808388424,-2.0037975284338,-1.20828643798273,-1.55375780878979,-1.19589051261211,-0.424812037402186,-0.736916088012835,-1.49575825100349,0.639293453564572,0.699195424503564,-0.817777727231369,0.0211279453013252,0.642496144781743,0.625393556431559,-0.852351758033466,-0.682828265504558,0.287646993549562,0.300325740721658,-0.0111238177327628,0.274440947210204,0.276654106104222,-0.851065800117266,-1.06899634881579,0.701371666692583,-0.309880144091458,0.826985568632108,-1.1662952788227,-1.92093565909033,-1.74750102158096,-0.672272811687727,1.8927524336978,1.15376121185717,1.25901184841786,-2.4505982733097,-1.50813750064936,-0.886236501475236,-1.43648784242819,-0.997509687746879,-1.5414991113942,-1.36368628385206,-1.51825610792655,-1.34468815255171,-1.40838725922188,-1.0092690976897,0.559781592798321,-0.34743513988811,0.469066905569233,-1.70135178889492,-0.943122087542269,-1.87663678487838,0.223291972552788,-1.50929583853918,-1.48490737052859,-0.739139857139853,-2.44239901618089
"Chile",0.863593808196062,0.638018042854799,0.847208659469119,1.0781113273734,1.14199962920249,0.906162655040715,-0.639746349245051,1.1406007125023,0.786789926743033,0.779370531913641,1.05972456005527,0.0795788179458503,1.30392517396478,0.666505321129991,0.4405557364667,0.387189614871057,0.705176574761058,0.159698396671223,0.639293453564572,0.699195424503564,0.722687293832372,0.914468999268452,0.594394075128566,1.06540662457574,0.942362881985458,1.00761007973263,1.0626810526394,1.12320754412548,0.949901389688047,0.274440947210204,0.276654106104222,0.908475890574926,0.759584983257926,0.701371666692583,0.748011467587287,0.826985568632108,-1.62267169240272,-1.92093565909033,0.672115777531138,0.695347893544428,0.443824193034651,0.168293226001157,1.25901184841786,0.213810587604202,0.736146059590848,0.333855420659443,0.929424210442159,0.433575849627182,0.77425309418773,0.522433866326738,0.948781950384227,1.27323453046016,-0.244760229736014,0.250266696621502,0.106874321531876,0.430489799137564,0.150301514768686,0.79293771156641,1.6254571842531,0.602623978061426,0.223291972552788,0.741500774191011,0.478968285747097,-0.879617642270287,0.605197932595387
"China",-0.246864274852088,-0.380931392947635,-1.57125482670277,-2.23479495029596,-2.11166056433224,-1.55494627979274,0.735991375240531,-1.17963367680157,0.284390699063942,0.214677617542616,-0.262170101909231,-0.639412837095505,-0.657026400983299,0.0699518064970105,-0.0357896412144528,0.801695990789706,-0.846582615906626,-1.16114467342252,-2.15977518096139,-2.2428736344465,0.722687293832372,-2.65889521660006,-0.68890043055901,-1.49441782658769,-1.74970907804293,-1.52804743812315,-2.03745518371995,-2.1683196694898,-1.93317423257438,0.274440947210204,0.122412818403028,-1.85651819506784,-1.49925077989195,-0.553476610775219,-2.42566336744895,-1.37819000048981,0.29410924424999,0.710705582115871,0.672115777531138,0.695347893544428,-0.745915313658132,0.364080372243278,-1.44354132675946,-0.230257555881448,0.438987645836235,0.641985064679738,0.257142415698887,-0.504547247545197,-0.0237151001996023,0.934530196481731,0.619114176670779,0.19325174459541,0.412716291747051,0.0410556699439636,1.26071383119975,0.547289096857846,0.362257951093994,-0.454207038664254,0.601264372445538,0.201464085736078,0.223291972552788,-1.37849776296373,-0.713336782576179,-0.610442444168376,-0.0444518336877401
"Colombia",-0.419657285417972,-1.83876972375318,0.242592787835453,0.767396260254674,1.14199962920249,0.471815813734614,0.978768620737987,0.3068726631279,-0.910542132582658,-0.192181376501102,-0.175783712002198,0.0272916013746801,-0.127370545413734,-0.261310725503771,-0.871054473316527,-2.74830139543821,-1.17918763497893,1.0402604435765,0.639293453564572,0.699195424503564,-0.817777727231369,0.914468999268452,-0.125419041094901,0.74439080124112,0.942362881985458,1.00761007973263,1.0626810526394,1.12320754412548,0.949901389688047,0.274440947210204,0.276654106104222,0.280068144060734,-0.638741917739619,0.701371666692583,0.748011467587287,0.826985568632108,1.11558678852972,0.710705582115871,0.672115777531138,0.695347893544428,-0.214894492274629,0.1432858104497,1.25901184841786,-0.896359771109922,-0.792054806537537,-0.961492524871248,-0.445295738181189,-0.817254946477573,-1.22066739154121,-1.36765705138556,0.963708567238876,-0.833789931459928,-1.45595133486012,0.0410556699439636,0.426521940197432,0.411839223355775,-0.292480939839224,-0.454207038664254,0.28319454109143,-0.740413399138054,-0.093463680663458,0.230797520984921,0.436540689939328,-0.393287868504544,-0.0340939731814425
"Congo, Dem. R.",-1.53485164519898,-1.28204087973093,-2.17587069797367,0.630554539468763,-0.792107366508633,-0.609791424039386,-0.639746349245051,0.529322282649783,-1.68718399090242,-0.641838388222273,-1.27848838865725,-1.23121164854792,-1.36322492438544,-1.74781584015157,-1.3788928740743,-1.08082987923038,-1.4572694432616,0.159698396671223,-2.15977518096139,-0.771839104971466,-2.35824274829511,0.381839210711013,-0.364211459240467,1.29509898067387,-0.871283561698957,-0.700660095783888,-0.50373818043462,-0.539916635103614,-0.992424048423329,-0.361528144652306,0.276654106104222,-0.222658053603074,-0.531178309970577,-0.953363034011599,-0.647001770954301,-0.626967311924304,-0.253542451936499,-1.92093565909033,0.672115777531138,-0.672272811687727,0.893927555565439,0.634506310621937,0.583373554623531,-1.11839384285275,-1.25016411731337,-0.719669621814855,-0.952656979446848,-1.44267034471758,-2.01863558544976,-2.18262521334591,-1.0979837113716,-0.825742335644675,0.0722311647149799,-1.91442702463408,0.170954696045978,0.360806919952558,-1.56030322946032,-0.454207038664254,0.226586135960203,-1.88086835898977,0.223291972552788,-1.44616600059649,-1.23953635269993,-0.416153534607723,-1.12763460963269
"Congo, Rep. Of",-0.977937871004507,-0.510002979143301,-0.362023083435443,1.12785203273213,0.567824300931658,-0.455772355016812,0.709016125848715,-0.530934996663948,-1.28529578559468,-1.88843699043895,-1.8094459437184,-1.4231468192854,-0.888364352529748,-1.15306039955608,-0.818021214407986,-0.465888945544834,-1.05507815795651,0.599979420388029,0.639293453564572,-0.771839104971466,-0.817777727231369,0.914468999268452,0.896749942513906,0.996222179895847,0.942362881985458,-1.52804743812315,1.0626810526394,1.12320754412548,0.949901389688047,0.274440947210204,0.276654106104222,-1.2281104481766,-1.28412356435387,0.701371666692583,-0.309880144091458,-0.275602215928849,0.887398581876627,0.0527952718143218,0.672115777531138,0.695347893544428,-0.0694959341307859,1.14401606647061,-0.767903032965131,-1.11839384285275,-0.803615542834347,-0.334534434935893,-1.38913566375219,-0.504547247545197,-1.22066739154121,-0.848381114379057,-2.09496094870383,-1.17226074929467,-1.41108645845494,-1.08185251803434,-0.758401605003719,-1.70389359520515,0.172375365360234,-1.70135178889492,0.420594635267182,-2.88032144795449,0.223291972552788,-1.81588179464746,-1.42097480716618,-0.524258111002542,-1.26883459514556
"Costa Rica",0.931506443195697,0.239814428578122,0.847208659469119,0.379550231081951,0.950607853112215,1.17854965668118,-0.0328032355014116,0.919207037272956,0.44159132337403,1.10024524225558,0.835128534811361,-0.550957878673929,1.48554413803506,0.650550382779717,0.446272088538264,-0.841866033764693,0.70980956682031,1.0402604435765,0.639293453564572,0.699195424503564,0.722687293832372,0.914468999268452,0.828032699820911,-0.849618802908346,0.942362881985458,1.00761007973263,1.0626810526394,0.300325740721658,0.949901389688047,0.274440947210204,0.276654106104222,1.41120208823873,1.51253023764122,0.701371666692583,0.748011467587287,0.826985568632108,-1.62267169240272,0.0527952718143218,0.672115777531138,0.695347893544428,-0.0694959341307859,0.464759850819593,1.25901184841786,-0.00822348413862298,1.12936484747536,0.122515262680914,0.464619196175044,1.37169894679956,-0.422699197153878,-0.513942139511817,0.714868492579494,0.251325462343247,-0.123814410015924,0.0410556699439636,0.830688677577655,0.559416934655615,0.59912460913525,0.79293771156641,0.39865255212689,0.137194497828073,0.223291972552788,1.44703802568121,-0.93401541548233,-0.16866866235088,-0.0416113577196285
"Cote d'Ivoire",-0.658277133349208,-1.09616491379279,-0.362023083435443,1.18372815527822,0.950607853112215,0.59696659879024,0.978768620737987,-0.53909443717062,-0.424382448005732,-0.763091512791314,-1.30350210116165,-0.0716548907222098,-1.16218997262192,-0.0562629765002874,-0.563112104018408,-0.801909226524188,-0.388375087328123,-0.914587300162245,-2.15977518096139,0.699195424503564,0.722687293832372,0.914468999268452,0.828032699820911,1.18163649137893,0.942362881985458,0.162390907114035,1.0626810526394,1.12320754412548,0.949901389688047,0.274440947210204,0.276654106104222,0.154386594456259,0.114203336643674,0.701371666692583,0.748011467587287,0.826985568632108,1.11558678852972,0.710705582115871,0.672115777531138,0.695347893544428,0.747264662335242,1.17320804771928,-0.767903032965131,-2.00653012982405,-0.299344079721962,0.41970500679708,-0.0812102992050538,-1.1299626457852,-0.821683294108153,-0.21936515364091,-0.28290637730225,-0.254861704524431,-0.586419118425815,0.391163923546148,0.452110100297354,0.637768425019715,0.513451959984499,-1.70135178889492,-1.38086122032425,-1.4287160598264,0.223291972552788,-0.965365485758446,0.311883646022647,-0.325001289926553,-0.20956832892821
"Croatia",0.363588805118449,1.25660921168745,0.847208659469119,0.359610124335585,0.759216077021937,0.567519355102235,0.978768620737987,-1.46963564163933,0.172861667536241,0.639741030828074,0.991563058510707,0.263473968973646,0.575493025378184,0.300429825648418,0.135472656746927,0.739235204842263,0.70980956682031,1.0402604435765,0.639293453564572,0.699195424503564,0.722687293832372,0.0211279453013252,0.565189246848756,0.514698445142986,0.942362881985458,1.00761007973263,0.287646993549562,0.300325740721658,0.949901389688047,0.274440947210204,0.276654106104222,0.782794341347496,0.329330552181758,0.701371666692583,0.748011467587287,-0.275602215928849,1.11558678852972,0.710705582115871,0.672115777531138,0.695347893544428,-0.498105597184447,-1.57949568193592,0.583373554623531,-2.00653012982405,-0.847235153899819,-1.61706766812276,-0.698524653365375,0.746283548559559,0.77425309418773,0.217253280013384,0.0227822263078793,0.239805102761939,0.968463550887755,0.566218053760795,-1.34243521966441,0.577576318340097,0.469066905569233,0.79293771156641,0.891572228421276,1.23502790838866,0.223291972552788,0.387757194862321,0.78269006222838,-0.00297351937867563,-0.312120835616322
"Cyprus",0.748088772298928,1.13337751131276,0.847208659469119,-0.168254894540655,0.567824300931658,1.09020792623556,0.978768620737987,0.678161423940555,0.471607867916877,0.892720826272496,1.07200767811747,0.516135725439112,0.583357190114332,0.690247818493132,0.920271988086609,0.729592660136351,0.450510343104553,1.0402604435765,0.639293453564572,0.699195424503564,0.722687293832372,0.0211279453013252,0.183808550637045,-0.572881024188785,0.942362881985458,1.00761007973263,0.287646993549562,0.300325740721658,-0.0111238177327628,0.274440947210204,0.276654106104222,1.41120208823873,1.08227580656505,0.701371666692583,0.748011467587287,0.826985568632108,1.11558678852972,0.710705582115871,0.672115777531138,0.695347893544428,0.397043787101841,-0.637106619132457,1.25901184841786,-0.00822348413862298,0.568494843744729,0.0224254290122206,0.201700408769706,0.746283548559559,1.17323719114201,-0.200251543575778,-0.634138749278735,0.27763550621864,0.758498478536536,0.2161097933315,0.127306658660785,0.505072488359411,0.430022298877729,0.79293771156641,0.645763061190762,1.01920511000714,0.223291972552788,0.955896388150075,0.891551217589668,-0.119692692573694,0.336569201616414
"Czech Rep.",1.64256239499719,1.29616775759959,0.847208659469119,0.189790535428075,0.950607853112215,1.13437879176757,0.735991375240531,-0.582616045081418,0.711424055637185,0.818952390721029,1.03091133255645,1.04192917474461,1.82948133263479,1.2857200735169,1.58938226756456,0.802125991449403,0.707846355870327,1.0402604435765,0.639293453564572,0.699195424503564,0.722687293832372,0.0211279453013252,0.0841685487708559,0.395701200333425,0.942362881985458,0.162390907114035,1.0626810526394,1.12320754412548,0.949901389688047,0.274440947210204,0.276654106104222,1.41120208823873,1.29740302210314,0.701371666692583,0.748011467587287,0.826985568632108,0.29410924424999,0.710705582115871,0.672115777531138,0.695347893544428,-1.01901173615763,-2.03824662981861,1.25901184841786,-0.00822348413862298,0.440987324192538,-0.7674532137797,0.312404222432663,1.37169894679956,1.17323719114201,-0.329231321126767,0.405799489346676,0.333181486506451,1.13746684024058,0.391163923546148,-0.631602677146088,0.646030213645551,0.523741222598948,0.79293771156641,0.645763061190762,1.28975177003302,0.223291972552788,0.579669553904985,1.01890016913163,1.271885648334,-0.0628818432928111
"Denmark",2.19458235002037,1.25496910671495,0.847208659469119,0.152978031120655,0.950607853112215,1.2374441434388,0.978768620737987,-1.91856480852964,1.86835101206113,1.16026759113126,1.22325063489125,1.2668128447826,2.12326398573443,2.19062819655567,2.05686154896884,0.74854580205708,0.692909274731828,1.0402604435765,0.639293453564572,0.699195424503564,0.722687293832372,0.914468999268452,-0.489620426826629,-0.572881024188785,0.942362881985458,1.00761007973263,1.0626810526394,0.300325740721658,0.949901389688047,0.274440947210204,0.276654106104222,1.66256518669359,1.51253023764122,0.701371666692583,0.748011467587287,0.826985568632108,1.11558678852972,0.710705582115871,0.672115777531138,0.695347893544428,-1.75864787988975,-1.46600156770881,0.583373554623531,-1.78449605808122,1.76256144844871,1.17435121034997,1.60390310250045,1.37169894679956,1.97120538552934,0.708259125867381,1.34234005560894,1.16296822875906,0.778329708421866,0.91632630736298,1.13884754149458,0.583952403109793,0.569942029240292,0.79293771156641,0.645763061190762,1.18601288207219,0.223291972552788,1.14763236161381,1.01938409055568,0.686257235610388,1.19013116793372
"Dominican Rep.",-0.463111761244664,-0.183997865434203,-0.362023083435443,0.617297655670791,0.1850407487511,0.729479194149473,0.169511135746468,1.10213811879284,-0.772877224719595,0.881923730492031,0.785810362297249,-0.387058335050046,0.0158277997610941,-0.477466318140472,-0.967639104893051,-1.31890707153511,0.450510343104553,1.0402604435765,-0.76024086369841,-0.771839104971466,0.722687293832372,0.914468999268452,1.25751546645887,-0.525835602065485,0.045005561975996,0.162390907114035,0.287646993549562,-0.52255606268216,0.949901389688047,0.274440947210204,0.276654106104222,0.908475890574926,-0.10092387889441,0.701371666692583,0.748011467587287,0.826985568632108,-1.62267169240272,0.710705582115871,0.672115777531138,0.695347893544428,0.92427160279641,0.992001120883949,-0.0922647391708,0.657878731089851,-1.29498394195209,-0.924604283489339,-0.433894444268913,-0.504547247545197,-0.821683294108153,-0.507729128795056,0.331851229540698,-1.57843546310435,-1.40641676033382,0.91632630736298,0.332152928700641,0.372346385458259,0.408067124902263,0.79293771156641,0.354551495947418,0.627328155766081,0.223291972552788,0.853324172091905,0.075226358081916,-0.264524358361818,-0.793197481182516
"Ecuador",-0.520325619176018,0.684373723274925,0.847208659469119,0.21301747319086,-0.197742803429457,0.155257946562137,0.978768620737987,-0.666853465905241,-0.916572433407132,0.00881330233229723,-0.439505375736383,-0.942396749064061,-0.441031075284496,-0.443458714803828,-0.632961331301222,0.039098754627302,0.439538109417981,1.0402604435765,0.639293453564572,0.699195424503564,0.722687293832372,-0.872213108665802,0.742136146647934,1.27572733612365,0.045005561975996,1.00761007973263,-0.487387065540274,-1.34543786608598,-0.0111238177327628,0.274440947210204,0.276654106104222,-0.97674734972174,-0.746305525508661,0.701371666692583,0.748011467587287,0.826985568632108,1.11558678852972,0.710705582115871,0.672115777531138,0.695347893544428,0.206129158541416,0.994765069610605,-1.44354132675946,-0.674325699367097,-1.80649386385159,-1.36561090143593,-1.04909941736125,-1.44267034471758,-0.821683294108153,0.366246223222959,0.665421863435609,-0.375299433940847,-0.632961918513045,0.0410556699439636,0.695670191912701,0.234557980654105,0.395487403597402,-0.454207038664254,-0.938043236740958,-0.809730401239239,0.223291972552788,0.195809292197884,0.230007762587156,-1.04745308627078,-1.52798065116628
"Egypt",-0.908172552378518,-1.58912267738834,-2.17587069797367,-2.19513385922597,-1.34609345997113,-0.760195532317445,-2.25826131922809,-0.34028669516769,-0.829049814522021,-0.066428786265279,-1.18717152228883,-2.13441958618365,-1.18320883868487,-0.98878411301693,-0.413905727247259,0.52542161441696,-1.55677735464523,-2.76376759829349,-0.76024086369841,-2.2428736344465,-2.35824274829511,-1.76555416263293,-1.92924665927356,-1.84034004998715,-0.852351758033466,-1.52804743812315,-1.26242112463011,-1.34543786608598,-0.972149025153572,0.274440947210204,-1.18537236674272,-1.35379199778107,-1.49925077989195,-0.553476610775219,0.748011467587287,-0.275602215928849,-1.62267169240272,-1.92093565909033,-1.74750102158096,-2.03989351691988,1.11771490195942,-0.231101258266949,-1.44354132675946,0.213810587604202,0.944836441609294,-0.0753865501325882,-0.396494649972446,-1.75537804364995,-0.422699197153878,-0.589386712845704,0.444542912396149,0.367208783805191,0.0337772468802888,-2.23464799553801,-2.05030422950717,0.243308896952421,-1.03978759131765,0.79293771156641,-2.09204497674299,-1.0563867373569,-0.332809547023767,-0.20818942880005,-2.77342618172628,-1.11135231900519,-0.711892030231631
"El Salvador",-0.461268431949654,-1.10323102756665,0.847208659469119,0.973370987384647,0.376432524841379,-0.146576298766336,0.169511135746468,1.58875427059268,-1.06902718070551,1.12074368983703,0.5595128160386,-0.750542688776762,-0.0552433978077385,-0.193540222788499,-1.14587610926961,-2.74830139543821,0.450510343104553,1.0402604435765,0.639293453564572,0.699195424503564,0.722687293832372,0.914468999268452,0.828032699820911,0.650299956496394,0.045005561975996,0.162390907114035,0.287646993549562,0.300325740721658,0.949901389688047,-4.7329350230232,0.276654106104222,0.657112792120067,0.221766944412716,0.701371666692583,0.748011467587287,0.826985568632108,-1.62267169240272,0.710705582115871,0.672115777531138,0.695347893544428,1.13794426635019,0.936806626315611,0.583373554623531,0.657878731089851,-0.572665133082928,-1.08547428611522,-0.83116064985961,-0.817254946477573,-1.61965148849549,-0.311433020790116,0.411190639061451,-1.65040737461906,-2.87863284638919,0.91632630736298,0.844541459801255,0.676550113699099,0.527942374808307,0.79293771156641,0.614386244675271,0.373617218762308,0.223291972552788,0.408252675069771,0.115415601271502,-1.40788193364512,-0.472254331486954
"Estonia",1.65138662242904,1.0554567056178,0.847208659469119,0.524170784563432,0.950607853112215,1.19327327852519,0.735991375240531,-0.489820836330337,1.4533638053623,0.775972215338086,1.20019792017159,1.15089801853291,1.85801496787045,1.68529365619568,1.20553168183445,0.426445956232836,0.70980956682031,1.0402604435765,0.639293453564572,0.699195424503564,0.722687293832372,0.0211279453013252,0.570343040301978,0.927037735215956,0.942362881985458,0.162390907114035,1.0626810526394,1.12320754412548,0.949901389688047,0.274440947210204,0.276654106104222,1.28552053863426,1.7276574531793,0.701371666692583,0.748011467587287,0.826985568632108,0.29410924424999,0.710705582115871,0.672115777531138,0.695347893544428,-0.912807571708976,-0.721702521702647,0.245554407726366,0.213810587604202,1.41049213370333,0.881316604624014,1.09530021272524,0.746283548559559,0.375268997233455,0.911602223101074,1.20985306674284,1.37076577986046,1.24404870728336,0.91632630736298,-0.701394777716603,0.50633379744621,0.581916499803128,0.79293771156641,0.645763061190762,1.3260246603086,0.223291972552788,0.948647080616693,1.17086195061925,-0.0820643260723683,1.57916425178899
"Ethiopia",-1.10661020054054,-0.963867461068295,-0.362023083435443,-1.11902547047328,-2.11166056433224,-1.50666654744632,-0.100241359142804,0.0716449948903897,-0.372023906379585,-1.79609496980543,-1.66260771692544,-0.360648731285702,-1.35825837461567,-0.90128677268734,-0.889205877753686,-0.20953758633696,-0.714576500482596,-1.14353343213571,-0.76024086369841,-0.771839104971466,0.722687293832372,-1.76555416263293,-0.180392835094683,-0.249097823345924,-2.64706639805239,-2.37326661074174,-1.26242112463011,-1.34543786608598,-1.93317423257438,0.274440947210204,-0.597689759295402,-1.73083664584041,-1.92950521096812,-0.553476610775219,-0.309880144091458,-2.48077778505076,0.202833961643517,0.710705582115871,-1.74750102158096,0.695347893544428,1.11012889015167,0.75862804458373,-0.767903032965131,-0.674325699367097,-0.212067408432657,0.060724586509474,-0.121212615186626,-1.75537804364995,0.77425309418773,0.80826271647999,-0.256433542619574,-0.285229452150997,0.0440853053146794,-0.484106713872869,0.38486018873989,-1.70778061177593,-0.262693109202242,-1.70135178889492,-1.82179948684158,-1.16612077260714,0.223291972552788,-1.8208640381459,-0.75310523135851,0.664116928943608,-0.735589354651851
"Fiji",-0.248710821576047,0.557871048077839,0.242592787835453,1.04075101789657,0.296891785031971,-0.01406370278871,0.978768620737987,-0.403680741020456,0.560329486831925,-1.28522790246309,-0.358357578718915,1.76928321365823,-0.266578378201672,-0.374283189916593,-0.083611680224546,0.562612297386048,0.70980956682031,-0.280582626517247,0.639293453564572,-0.771839104971466,0.722687293832372,0.629592463249454,0.527394764102024,1.41132884747706,0.14989026309287,0.261181609905002,0.378234336885858,0.396505612529707,0.101202497992896,0.274440947210204,0.276654106104222,-0.0969765039985994,0.4368941599508,-0.469820058776719,-0.239354036505156,-0.202096363477773,1.11558678852972,0.710705582115871,0.672115777531138,0.695347893544428,-0.90395722481488,0.932246203476828,-0.0922647391708,-0.674325699367097,0.559413640194394,0.262108259579237,0.325544740937408,0.583675545174763,0.0910853270765547,0.522226388876407,0.139859683832064,0.23903722366636,0.271584953791354,0.362776768771256,-1.14869806945521,0.354110497341129,0.141044738714164,-1.70135178889492,-2.04505204765382,0.302335966233965,0.223291972552788,-0.0586354036529954,0.776585610416261,2.12828881887524,1.14391158192529
"Finland",2.16524507265342,1.22167463591611,0.847208659469119,0.270865693991823,1.14199962920249,1.22272052221319,0.735991375240531,-1.90473898257536,2.33862419160701,0.800224943893904,1.02952176218863,0.681437341666831,2.24067090047027,1.75606877022032,2.23935366713768,0.684912443177412,0.70980956682031,1.0402604435765,0.639293453564572,0.699195424503564,0.722687293832372,0.914468999268452,0.25596165511681,-0.75552795816362,0.942362881985458,1.00761007973263,1.0626810526394,1.12320754412548,0.949901389688047,0.274440947210204,0.276654106104222,1.41120208823873,1.7276574531793,0.701371666692583,0.748011467587287,0.826985568632108,0.29410924424999,0.710705582115871,0.672115777531138,0.695347893544428,-1.17705364731437,-2.09095641035868,0.583373554623531,-1.78449605808122,2.30611265597405,2.50351544048149,2.27467342921257,1.37169894679956,1.97120538552934,0.990183584802964,0.191760430887735,2.04299048158173,1.9574944802055,0.91632630736298,-0.691000928917806,0.594732517614818,0.557362307935432,0.79293771156641,0.645763061190762,1.33294719031137,0.223291972552788,0.532011000602452,0.818837865524633,-0.857675826297418,1.70357197431859
"France",1.02002701408286,1.13987117879276,0.847208659469119,-0.112378771402936,1.14199962920249,0.96505714179833,0.978768620737987,-1.84840989564645,1.114308794524,0.885797183731015,0.983013084641875,0.429565930805169,0.841806766054653,1.14469422343837,1.00806607201643,0.694460261326928,0.514957152478529,1.0402604435765,0.639293453564572,0.699195424503564,0.722687293832372,0.0211279453013252,-0.992974228837735,0.326516755653534,0.942362881985458,1.00761007973263,1.0626810526394,1.12320754412548,0.949901389688047,0.274440947210204,0.276654106104222,1.15983898940683,0.759584983257926,0.701371666692583,0.748011467587287,0.826985568632108,1.11558678852972,0.710705582115871,0.672115777531138,0.695347893544428,-1.13280191198415,-2.49311022871566,0.583373554623531,-1.34042791459557,1.06835379830256,0.973757433869352,1.06366249895073,0.746283548559559,1.17323719114201,1.38579145779586,-0.646330244906459,1.11043499056641,0.547624637775306,0.566218053760795,-0.420345897172966,0.672837914118121,0.577857759533069,0.79293771156641,0.645763061190762,0.922587853250877,0.223291972552788,0.841498686805988,0.802417237885052,-0.548970312198864,0.71886286978488
"Gabon",-0.531203157283317,-0.0227575833686148,-2.78048656960734,0.887913387465674,-1.15470168388085,-0.934290060618135,-1.1792513393473,-0.194824271754171,-0.856120952853919,-1.18284565986826,-1.12404112849707,-0.22390343384681,-0.507449547662029,-0.675970563031833,-0.368111637871168,-0.279596535449141,0.191211119388795,0.159698396671223,-2.15977518096139,-2.2428736344465,-2.35824274829511,0.0211279453013252,1.17161891328589,1.45837426960036,-0.852351758033466,-1.52804743812315,-1.26242112463011,-1.34543786608598,-0.0111238177327628,0.274440947210204,0.276654106104222,-1.10242889894917,-0.531178309970577,-0.553476610775219,-0.309880144091458,-2.48077778505076,-0.709918865516514,-1.92093565909033,0.672115777531138,-2.03989351691988,-0.828097107597201,1.10076249761289,0.583373554623531,-1.34042791459557,-0.712884726693215,-0.376763899945587,-0.235590612666815,-1.1299626457852,-0.422699197153878,-0.91101884254173,-1.70139701096258,-0.346849300226706,0.188724965437118,-0.415792907292865,-0.133742944386596,-0.123833495759619,0.349595156157873,-1.70135178889492,-0.967196926506123,-1.04769184378575,0.223291972552788,-1.18431096953647,-0.0720270655256506,0.65015758999828,-1.23340942669194
"Gambia, The",-0.690238534853684,-1.34152176400401,-0.362023083435443,0.0773809236593097,-0.65605540627802,-2.96430940659092,-0.639746349245051,0.810273540579173,0.177628293605265,0.72137800147058,0.389071217488977,-0.00458826633621537,-0.643053358947865,-0.845812216156581,-0.528277251107377,-0.43765370717755,-0.327387328042719,-2.05931796108627,0.639293453564572,-0.771839104971466,-0.817777727231369,0.0477296565273079,0.230192689396838,-0.0194054672477895,-0.743705224835634,-0.58049430014906,-0.393550684254091,-0.422926569304357,-0.85579397374451,0.274440947210204,-5.31932128418834,-1.73083664584041,-1.606814387661,-2.86448885527907,-2.25816386240753,-2.30620138597562,-0.253542451936499,0.710705582115871,-1.74750102158096,-0.672272811687727,1.1720813192701,0.989041458026388,-0.767903032965131,0.657878731089851,-0.150019751655025,0.614537527833532,0.185232300269006,-1.1299626457852,-0.0237151001996023,0.512683273101257,-0.727640857851729,1.02783500141258,0.78471994006693,0.566218053760795,0.409195613477774,0.446733618783385,-0.257233984862396,0.79293771156641,-0.809463353475764,-0.306647838868228,0.223291972552788,1.58735180681423,-0.688617154455532,1.14703462101423,-0.451133076628573
"Georgia",0.170640148984684,0.420729376806961,0.242592787835453,-0.167378406032958,0.567824300931658,0.582242976946237,0.331362632744772,0.857729435815527,0.717540843930591,0.701635475085964,1.30938384346968,1.42857409660696,0.22824177715433,0.104200878745696,0.147711103247708,0.747244906332924,0.142873853044027,-0.280582626517247,-0.76024086369841,0.699195424503564,0.722687293832372,0.0211279453013252,-0.207879732481109,-0.318282268025815,0.942362881985458,0.162390907114035,0.287646993549562,0.300325740721658,0.949901389688047,0.274440947210204,0.276654106104222,0.280068144060734,-0.10092387889441,0.701371666692583,0.748011467587287,0.826985568632108,0.29410924424999,-0.605115038487228,0.672115777531138,0.695347893544428,-0.14788472238092,-0.322392163885974,0.583373554623531,1.54601501806115,-0.303088945436931,-0.117794909173124,0.358941241794146,-0.391972475884512,0.206429289430648,1.62577181373782,1.49369606817872,0.684132498071462,0.840705267099467,0.91632630736298,-0.230899873654433,0.220352477402883,0.346248475584316,0.79293771156641,1.48140578303572,0.883892360231385,0.223291972552788,1.14197615131913,1.03994048376714,1.05418131061201,1.16004128786393
"Germany",1.95922736052603,1.22492128568394,0.847208659469119,0.150348566780823,1.14199962920249,1.03131343947795,0.978768620737987,-0.81879991355625,1.45146665267276,0.885482849142193,0.873166139151042,0.942249977661897,1.78324282170766,2.14066046674807,1.79450863036317,0.720082308229763,0.666890529929767,1.0402604435765,0.639293453564572,0.699195424503564,0.722687293832372,0.914468999268452,-0.860693536904965,-0.340421290582406,0.942362881985458,1.00761007973263,1.0626810526394,1.12320754412548,0.949901389688047,0.274440947210204,0.276654106104222,1.15983898940683,1.08227580656505,0.701371666692583,0.748011467587287,0.826985568632108,1.11558678852972,0.710705582115871,0.672115777531138,0.695347893544428,-0.74717964917436,-2.17888985772797,1.25901184841786,-0.674325699367097,1.26032325786145,1.83091328348526,1.25060364932255,1.37169894679956,1.17323719114201,0.99270629062983,-0.393587309469548,0.818803324013169,0.610775156073203,0.91632630736298,-0.411179089031474,0.698566058213315,0.542254774707989,0.79293771156641,0.645763061190762,1.08736820021329,0.223291972552788,0.408837207805341,0.075226358081916,0.775575954654456,1.45083986080016
"Ghana",0.392252435751647,0.658426957440793,0.847208659469119,0.377359010404339,0.1850407487511,0.655861085547855,0.169511135746468,0.437839875751704,0.0929362217561438,-0.908702645354492,-0.443950085329603,0.1307729112741,0.333626278173745,0.635378405432178,0.19188429388938,0.646182897427478,0.450510343104553,0.0892534331090013,0.639293453564572,0.699195424503564,0.722687293832372,0.0211279453013252,0.312653380783047,0.722251779182657,0.045005561975996,0.162390907114035,0.287646993549562,0.300325740721658,-0.0111238177327628,0.274440947210204,0.276654106104222,0.782794341347496,0.759584983257926,0.701371666692583,-0.309880144091458,0.826985568632108,0.431022168296612,0.0527952718143218,-0.53769262202491,0.695347893544428,-0.0669672635282048,1.01728952314011,-0.0922647391708,0.213810587604202,0.538778505254413,0.724513258939675,-0.0133765920734134,-0.504547247545197,-0.821683294108153,-0.38797126629571,-0.239294265096773,0.427085705604949,-0.0345445601820365,0.74981140467761,-1.34721519991777,0.377873004546512,-1.47413213852202,-0.454207038664254,-0.148200546287916,-0.693745589372098,0.223291972552788,-0.427589604227409,0.116939235075095,0.189647384720113,-0.0283966355149673
"Greece",0.418307655414997,0.562640029023998,0.847208659469119,-0.0707455820780705,1.14199962920249,0.648499274625854,-0.0732661097509876,-1.71824631753225,0.368082873997674,-0.146786989202531,0.560018043855214,-0.56501612167081,0.632103673991509,0.267975911247232,0.264536338367134,0.782078350801839,-0.0244999909076854,0.159698396671223,0.639293453564572,0.699195424503564,0.722687293832372,0.914468999268452,-0.615029394412793,-1.05717213694802,0.942362881985458,1.00761007973263,1.0626810526394,1.12320754412548,0.949901389688047,0.274440947210204,0.276654106104222,0.280068144060734,0.221766944412716,0.701371666692583,0.748011467587287,0.826985568632108,0.29410924424999,-0.605115038487228,0.672115777531138,-0.672272811687727,-0.187079116076113,-1.79407312313585,-0.0922647391708,-1.78449605808122,-0.105945065796522,-1.27554532996023,-0.440740857950234,0.746283548559559,0.77425309418773,-0.120836203361898,0.33917403601242,0.0267506197176035,0.569653558353718,0.91632630736298,-0.870723037495188,0.594031438409941,0.501702974992224,-0.454207038664254,0.645763061190762,1.05215512521769,0.223291972552788,-0.306419465157712,-0.208968080100921,-1.0254109783431,-0.0182394227551055
"Guatemala",-0.686526971230095,-1.22026167734374,0.847208659469119,0.607218041382054,0.1850407487511,-0.141905824313541,-0.235117606749291,2.48657759816401,-0.542915177785328,0.941173390300359,0.996477651441273,-0.45290857465084,0.122914256309113,-1.1810885766122,-1.10559475143043,-2.74830139543821,0.191211119388795,1.0402604435765,0.639293453564572,0.699195424503564,0.722687293832372,0.914468999268452,0.393396140502801,0.00550093281704586,0.045005561975996,0.162390907114035,1.0626810526394,-1.34543786608598,0.949901389688047,-2.7452396383711,0.276654106104222,-0.348339602830503,-0.316051094432494,0.701371666692583,0.748011467587287,0.826985568632108,-1.62267169240272,-0.605115038487228,0.672115777531138,0.695347893544428,1.34908825973126,1.1345002253044,1.25901184841786,1.32398094631833,-0.318637101906643,-0.710840330857975,-0.334348124860127,0.120868150694806,-0.821683294108153,-0.601299014139188,0.509640529529522,-1.29584123142164,-1.81758616471387,0.566218053760795,0.60438184185846,0.692189223520605,0.0716901242749086,0.79293771156641,0.917382190642944,0.241706399596282,0.223291972552788,1.40269788066922,0.92527247904975,-1.74118766664173,-0.351546779804361
"Guinea",-1.21802567825036,-0.729172239722246,-1.57125482670277,0.648851230706919,0.759216077021937,-1.17580173598238,-1.71875632912584,0.0511843404282853,-1.29631221684121,-0.212988087940726,-1.64540877447382,-0.136892726317921,-1.09307868844153,-1.40946190405586,-1.05981528227855,-0.393406461171765,0.44772126257124,-1.53098073304877,-2.15977518096139,-0.771839104971466,-0.817777727231369,0.914468999268452,0.556599591608766,0.00550093281704586,0.045005561975996,0.162390907114035,1.0626810526394,1.12320754412548,0.949901389688047,-3.76509331430856,0.276654106104222,-0.599702701662407,-0.961432741046745,-0.553476610775219,-0.309880144091458,-0.275602215928849,-1.1662952788227,-1.92093565909033,-1.74750102158096,-0.672272811687727,1.73741403837414,-0.485938785375115,-0.0922647391708,-1.11839384285275,-1.16258925711266,-0.956633609298427,0.210795233788744,-2.06808574295758,-0.821683294108153,0.703566362816158,-0.734520297099818,-1.80856823533631,-0.916049626960067,-1.0092690976897,0.746839642843726,0.227144093767695,-0.365205970175254,-0.454207038664254,-0.0539797241880069,-1.32714667111956,-2.10078726070998,-0.982696137215475,1.17086195061925,-0.895435825351036,-0.817701122521009
"Guinea-Bissau",-1.4148480213587,-0.749004768762727,0.847208659469119,1.42531021605288,-0.060047244120223,-0.374792435493193,0.43926363063574,-1.44767109782207,-0.909890129543556,-1.58781721136195,-1.08749280116308,-1.02440382007752,-1.2609021015679,-1.61965810465038,-1.2580364061828,-0.498995575463142,0.191211119388795,-1.16114467342252,0.639293453564572,0.699195424503564,0.722687293832372,0.861861137280908,1.17161891328589,1.64378858158157,-0.18481779714866,-0.0540792827605166,0.089152005071433,0.0895764037475911,-0.257253242932738,0.274440947210204,0.276654106104222,-0.222658053603074,-0.423614702201536,-0.7626179905205,-0.486195412845634,-0.45936684683602,0.659210374949707,-0.605115038487228,0.672115777531138,0.695347893544428,0.874962526261019,-1.378440705416,-2.11917962055379,-0.00822348413862298,-0.526371363142893,-0.66600259855541,-1.04036458228874,-1.1299626457852,-0.821683294108153,-0.660860519299599,-0.113405712163621,-0.88519855452614,-1.06882610101941,-0.484106713872869,-1.69337401279769,-0.461187163892384,0.39853739263075,-1.70135178889492,-0.0152647804488348,-0.736065546325825,0.223291972552788,-2.01142224173369,-0.444909251634301,-2.1257444366181,0.3570177565208
"Guyana",-0.273688426314856,-0.482573122273562,0.847208659469119,1.01609978704832,0.00964774539424905,0.243599677007758,-0.639746349245051,-0.456514065115121,-0.53531193840667,0.0623343932428394,-0.513066583635243,-0.525398809856271,-0.18214398814763,-0.0879469676381483,-0.528828323471469,-1.78318729476879,0.450510343104553,1.0402604435765,0.639293453564572,0.699195424503564,0.722687293832372,0.614703445564224,0.999825806939934,1.06540662457574,-0.119463568992802,0.0074777418686892,0.145597471773352,0.149506605380525,-0.187262104209261,0.274440947210204,0.276654106104222,0.531431242515593,0.4368941599508,-0.260678679533378,-0.0630387681741359,-0.0183317330116372,-0.253542451936499,-0.605115038487228,-0.53769262202491,-0.672272811687727,-0.13903437505695,-0.78825066294893,-0.0922647391708,-0.00822348413862298,-0.50800324061429,-0.0563752022263634,-0.607206103013667,0.120868150694806,-1.61965148849549,0.0885331961221114,0.096730486113857,-1.30158359065322,-0.734851546501716,0.391163923546148,1.09026418375766,0.057770738522116,0.512027840591496,-0.454207038664254,-0.816403847320357,-0.978591219952177,0.223291972552788,0.116540371807047,-1.23953635269993,0.580687460999606,-0.44634390780457
"Haiti",-0.935082821564136,-0.21977727586808,0.847208659469119,0.561202410701962,1.14199962920249,0.331941407453378,-0.0328032355014116,1.59009542970459,-1.77106114933335,-0.734578921332385,0.411807587974199,-0.126346810779209,-0.851823375762575,-1.10729339756638,-0.774861601881848,-0.570301193244885,0.168900327555947,0.159698396671223,0.639293453564572,0.699195424503564,0.722687293832372,0.914468999268452,0.427754762235833,-0.132867956542735,0.942362881985458,1.00761007973263,1.0626810526394,1.12320754412548,0.949901389688047,0.274440947210204,0.276654106104222,-0.222658053603074,0.329330552181758,0.701371666692583,-0.309880144091458,0.826985568632108,-1.62267169240272,0.0527952718143218,0.672115777531138,0.695347893544428,1.37943230653236,1.15309872784402,0.245554407726366,0.657878731089851,-1.2243757032878,-1.2119103993991,-1.66499170759103,-2.38079344188996,-1.61965148849549,-0.279727449808902,-2.82731847362974,-1.07719451497446,-1.17996404112816,0.2161097933315,-0.613702739184867,0.0780948556450337,-1.04204244702324,-0.454207038664254,-0.377526039722516,0.203525715178018,0.223291972552788,0.848403274794084,0.0138707651312235,1.14046214547277,-1.65320347627933
"Honduras",-1.17266916118113,-1.49675781972495,0.242592787835453,0.761918208560642,0.567824300931658,0.169981568406139,0.169511135746468,1.6731125157966,-1.16104094270444,0.752343741403596,0.168968499120047,-0.18634061964422,-1.10717733872072,-0.798779974003541,-1.4820171846058,-2.74830139543821,0.44292255963849,0.159698396671223,0.639293453564572,0.699195424503564,-0.817777727231369,0.914468999268452,0.355601656983001,0.42060760039826,0.045005561975996,0.162390907114035,0.287646993549562,1.12320754412548,0.949901389688047,0.274440947210204,0.276654106104222,-0.348339602830503,-1.39168717212291,0.701371666692583,0.748011467587287,0.826985568632108,-1.62267169240272,0.710705582115871,0.672115777531138,0.695347893544428,0.658761192104659,1.19351024729725,0.583373554623531,1.1019468745755,-1.03471634874503,-0.849170051538648,-0.55782251676993,-0.817254946477573,-1.61965148849549,-0.946755745768677,0.0614465560222126,-1.50257101753743,-2.05653896137297,0.391163923546148,-0.105916670964086,0.361118331894355,0.276518843038236,0.79293771156641,0.765558881590764,-0.486846757417414,0.223291972552788,0.259608946825467,0.792963321571437,-0.909974599091728,-0.44757227156669
"Hong Kong",1.2447520070227,0.92842959173774,0.847208659469119,0.679528317826979,0.376432524841379,0.60432840971224,0.735991375240531,1.71892656616517,1.76325023439055,0.949390192229708,1.95421114123576,2.35394455512164,0.665541144265154,1.60476288686346,1.4613666378805,0.835523870633781,0.70980956682031,0.159698396671223,0.639293453564572,0.699195424503564,0.722687293832372,0.0211279453013252,0.857237528100721,1.1345910687575,0.045005561975996,0.162390907114035,0.287646993549562,0.300325740721658,0.949901389688047,0.274440947210204,0.276654106104222,0.280068144060734,0.00663972887463215,0.701371666692583,0.748011467587287,0.826985568632108,0.29410924424999,0.710705582115871,0.672115777531138,0.695347893544428,0.997603049411508,0.919341367947211,0.245554407726366,1.54601501806115,1.73894181038506,2.18382990275116,1.87548404057094,0.746283548559559,1.17323719114201,1.18885468862282,-0.313523528813957,1.63455307298588,1.40876725543275,0.91632630736298,0.499947682899678,0.557601176610536,0.316567453901808,0.79293771156641,2.05417728943498,1.49757484499282,0.223291972552788,1.70146998750797,1.17086195061925,2.18640350142311,2.08700439129215
"Hungary",0.203256741148018,1.0415308583437,0.847208659469119,-0.0941916416719646,0.759216077021937,0.70003195046147,0.978768620737987,-1.30091338995111,0.459933730838067,1.05071379373082,0.79287436621643,0.598626985219884,0.702180982295839,-0.169885243861906,-0.0550559490399166,0.589739310929552,0.446282935481872,1.0402604435765,0.639293453564572,0.699195424503564,0.722687293832372,0.0211279453013252,-0.316109389587291,-0.0636835118628443,0.942362881985458,0.162390907114035,1.0626810526394,1.12320754412548,-0.0111238177327628,0.274440947210204,0.276654106104222,0.405749693288163,0.329330552181758,0.701371666692583,0.748011467587287,0.826985568632108,1.11558678852972,0.710705582115871,0.672115777531138,0.695347893544428,-1.00004670685321,-1.09610862421979,-0.767903032965131,0.213810587604202,-0.636048333856323,-0.982921144136848,-1.02784322777044,1.37169894679956,0.375268997233455,0.446823352856787,0.328150279339233,0.10243839262365,1.19943765985827,0.91632630736298,0.678168850780905,0.543464350069886,0.552057463196494,0.79293771156641,0.645763061190762,0.883460371653825,0.223291972552788,0.425416256964082,0.969789061885799,0.361574259234311,-0.102056760102871
"Iceland",1.51143898541811,1.3262833386745,0.847208659469119,0.40146243608319,1.14199962920249,1.20063508944719,0.735991375240531,-0.843001714033084,2.07835876053095,-0.849689906509819,0.121635801860054,0.964668150023491,1.2342387727296,1.50546682252843,1.68904719311373,0.847577468525573,0.70980956682031,1.0402604435765,0.639293453564572,0.699195424503564,0.722687293832372,0.914468999268452,0.913929253766957,-0.849618802908346,0.942362881985458,1.00761007973263,1.0626810526394,1.12320754412548,0.949901389688047,0.274440947210204,0.276654106104222,1.41120208823873,1.62009384541026,0.701371666692583,0.748011467587287,0.826985568632108,0.29410924424999,0.710705582115871,0.672115777531138,0.695347893544428,-1.39704798715967,0.200502498618179,0.583373554623531,-1.34042791459557,1.46588792143842,1.70953128472401,1.59883484317241,1.37169894679956,1.97120538552934,1.61098415866847,0.760170804298281,1.67124492323128,1.54566855858378,0.91632630736298,0.572023108409496,0.412345073136409,0.398489921984317,-1.70135178889492,-0.121197686368998,0.590441569209252,0.223291972552788,-0.405110238610507,0.075226358081916,0.944727562936793,1.31469556885674
"India",-0.482517772229893,-0.448546042651385,-0.362023083435443,-1.15649534086565,-0.00635102733917836,0.143318868956889,-0.477894852246747,1.00927084626438,-0.0377367203780289,-0.0305582953376582,-1.22510214565389,-0.504091193860487,-0.36102151115767,-0.707001532543302,-0.364704803330264,0.421996517778876,-0.887536166755797,-0.720863649705716,-0.76024086369841,-0.771839104971466,0.722687293832372,-0.872213108665802,-2.18693631956556,-0.296143245967351,0.045005561975996,0.162390907114035,1.0626810526394,-0.52255606268216,-0.972149025153572,0.0853651165306611,0.272428085366409,0.531431242515593,-0.208487486663452,0.701371666692583,-0.309880144091458,-0.275602215928849,0.29410924424999,-0.605115038487228,-0.53769262202491,-0.672272811687727,0.560143039463751,0.696438091255793,0.245554407726366,0.657878731089851,0.331519801967303,1.01754378097786,0.0384252694190751,0.120868150694806,0.77425309418773,-0.779983530273923,-0.73794024279401,0.169805333949671,0.0146079720946755,-0.559805795548284,1.07537309381012,0.238206077307117,0.0132300231921271,-0.454207038664254,-0.96016606173477,-0.92679312295552,0.223291972552788,-1.55525728151588,-1.09770593413243,-0.00739844606860526,0.103002184838798
"Indonesia",-0.631704915524025,0.603308566877589,-0.362023083435443,-2.12370007069711,-0.00635102733917836,-0.102405433234331,-0.235117606749291,1.08398953433977,-0.216208080001706,1.03126090389526,-0.0178674958293276,-0.570107729019026,-0.538274254179126,-0.502047095726983,-0.799366578877586,0.819243729680453,0.444816888786889,-0.280582626517247,0.639293453564572,-0.771839104971466,-0.817777727231369,-1.76555416263293,-1.64922389582143,-1.84034004998715,0.942362881985458,1.00761007973263,-0.487387065540274,-1.34543786608598,-0.0111238177327628,0.274440947210204,0.276654106104222,-0.0969765039985994,0.221766944412716,-0.553476610775219,0.748011467587287,-1.37819000048981,1.11558678852972,-0.605115038487228,-0.53769262202491,-0.672272811687727,0.871169520572085,0.76571062031345,0.245554407726366,0.435844659347027,0.336215847195832,0.50776467680374,0.29999688897143,-0.817254946477573,-0.821683294108153,-0.755129947099932,-0.432210421740239,-0.0514256307779429,-0.202185639918202,0.416781599306871,1.16637375888618,0.532545034042837,0.181276111566504,0.79293771156641,0.378337147294967,-0.47428635930306,0.223291972552788,0.0404586311828225,-0.0952185574378004,-1.2745089859395,0.109579370911359
"Iran",-0.448628384670435,-0.680316728453169,-2.78048656960734,-1.87653039790449,-1.15470168388085,-1.44194971343187,-1.28715233723827,0.320455941219266,-0.41570128022101,0.135167491812413,-2.05614543824901,-1.3075815714415,-0.941789323719166,-0.0407433505452472,-0.204653136956559,0.531863668832154,-1.12544044245967,-1.16114467342252,-2.15977518096139,-2.2428736344465,-2.35824274829511,-1.76555416263293,-1.10979354118391,-1.56360227126758,-1.74970907804293,-0.682828265504558,-0.487387065540274,-1.34543786608598,-0.972149025153572,0.274440947210204,-0.28100953881622,-1.85651819506784,-1.71437799543004,-0.553476610775219,-1.3677717557702,-1.37819000048981,0.29410924424999,-1.92093565909033,-1.74750102158096,-0.672272811687727,-0.0353588816407544,0.215683972748315,-0.767903032965131,1.54601501806115,-0.256795885385584,-0.244348642608991,-0.47967331969457,0.433575849627182,0.375268997233455,0.859915876038327,0.252955187839644,-0.00309682846209798,0.06809914640903,-1.91442702463408,0.194000080288029,-1.90541952264346,0.552140536827753,0.79293771156641,-2.76982760495878,-1.58173352429526,0.223291972552788,-1.74607499441838,-1.19193055606717,-1.11990639640832,-0.578136661375984
"Iraq",-1.62042119920563,-2.88407460624853,-2.78048656960734,-1.25181343265063,-0.963309907790572,-1.50114949728347,-2.25826131922809,-1.00881280013084,-1.59222844053043,-0.70440000878472,-1.50744348498138,-0.525558852101939,-1.4361870403033,-1.83919974939029,-1.46507055542547,-0.543340881552805,-4.47617490749484,-1.16114467342252,-2.15977518096139,-2.2428736344465,-2.35824274829511,0.0211279453013252,-2.41885701336452,-1.63278671594748,-0.852351758033466,0.162390907114035,-0.487387065540274,-1.34543786608598,-1.93317423257438,-4.7329350230232,0.276654106104222,-0.97674734972174,-1.28412356435387,-0.553476610775219,-0.309880144091458,-0.275602215928849,-1.62267169240272,-1.92093565909033,-1.74750102158096,-2.03989351691988,-0.683962884539711,0.21460307821457,-2.11917962055379,1.1019468745755,-1.03029111568878,-0.798589864003217,-1.67429182022687,-2.38079344188996,-1.61965148849549,0.345284555891339,-0.186388143591126,-1.40696355718202,-1.69091942978514,-1.91442702463408,-2.08462041251213,-2.20129392378575,-0.417328739959172,0.79293771156641,1.83909426820995,-2.65311503561045,-0.0403672592933093,-2.0140379222395,-0.720782147729396,0.0683693452950421,-0.519542857396039
"Ireland",1.53713117143973,1.14980379050522,0.847208659469119,0.969865034537119,0.1850407487511,1.11965516992357,0.978768620737987,-0.139989743437716,1.63566222667656,0.724919907072857,1.33995425595727,1.40796908946859,1.25614558615704,1.53290476377751,1.71492196885482,0.77454750349127,0.422850460843892,1.0402604435765,0.639293453564572,0.699195424503564,0.722687293832372,0.914468999268452,0.170065101943833,1.06540662457574,0.942362881985458,1.00761007973263,0.287646993549562,-0.52255606268216,-0.972149025153572,0.274440947210204,0.276654106104222,1.15983898940683,1.51253023764122,0.701371666692583,0.748011467587287,0.826985568632108,1.11558678852972,0.710705582115871,0.672115777531138,0.695347893544428,-0.800281730968811,-0.25888508012202,1.25901184841786,-0.896359771109922,1.8784022023829,0.741502867165064,1.67184784420685,1.37169894679956,1.97120538552934,-0.24732646259043,0.660272170964469,1.19707840806213,0.557899126063104,0.91632630736298,-0.701166571508039,0.337872924917238,0.599611183261193,0.79293771156641,0.645763061190762,1.05765156376691,0.223291972552788,1.55937541205085,0.628978842358029,1.12985936365113,1.54333768066961
"Israel",1.03192877667694,0.771714833630555,-2.17587069797367,-0.894644491189592,1.14199962920249,0.160473065539274,0.978768620737987,-0.188765759925533,0.615771138950237,0.828417830006781,1.01176163470151,0.383410037188517,0.825377468728228,0.993374432853932,1.20612919204148,0.692741206081091,-0.29829985782934,1.0402604435765,-2.15977518096139,-2.2428736344465,-0.817777727231369,0.0211279453013252,-1.48258458215563,-1.33390991516945,0.942362881985458,1.00761007973263,1.0626810526394,1.12320754412548,0.949901389688047,0.274440947210204,-4.30699060859317,0.908475890574926,0.652021375488884,0.701371666692583,0.748011467587287,0.826985568632108,1.11558678852972,0.710705582115871,0.672115777531138,0.695347893544428,-0.997518036250626,-0.395083498645121,1.25901184841786,-0.674325699367097,1.69584628175085,0.953207475715366,1.24242283581856,-0.817254946477573,1.17323719114201,-0.553649809618757,-1.03377282868549,0.60383261477709,0.653034370353105,0.566218053760795,-0.328364396042305,0.486084926338116,0.535051104111714,0.79293771156641,0.850832973807986,0.425400401030039,0.223291972552788,1.29247542368188,0.89551944426407,-0.699883038855106,0.654107544765489
"Italy",0.856073986418827,1.29098559549806,0.847208659469119,0.358295392165669,0.950607853112215,0.854629978586707,0.735991375240531,-0.84574613894118,0.32285521485328,0.856160195188287,1.0445221429338,0.4561179552576,1.20798500939875,0.185000793950747,0.985226427406657,0.793330332694088,0.708897156121065,1.0402604435765,0.639293453564572,0.699195424503564,0.722687293832372,0.914468999268452,-0.436364563720231,-0.08858991192768,0.942362881985458,1.00761007973263,1.0626810526394,0.300325740721658,0.949901389688047,0.274440947210204,0.276654106104222,0.405749693288163,1.08227580656505,0.701371666692583,0.748011467587287,0.826985568632108,0.29410924424999,0.710705582115871,0.672115777531138,0.695347893544428,-0.327420333014795,-1.98849789652743,1.25901184841786,-1.34042791459557,0.0499689102683962,-1.46952247220888,-0.29960821501973,1.37169894679956,0.375268997233455,-0.466292934991387,0.462608471629853,0.0865422792801454,-0.33412700849702,0.91632630736298,-0.579481261105923,0.671380080868197,0.584978356498084,0.79293771156641,0.645763061190762,1.1653400357452,0.223291972552788,0.739991505846053,0.878633280842186,0.289922749210578,-0.272262364247923
"Jamaica",0.181679757718331,-1.10323102756665,0.242592787835453,1.10155738696729,0.950607853112215,1.14174060268957,-0.235117606749291,0.773291747005617,-0.0915267596718422,0.250347031442177,-0.13419841540859,0.915284322549627,0.299996533464151,0.107814842816621,0.0929055914917883,-2.74830139543821,0.450510343104553,1.0402604435765,0.639293453564572,0.699195424503564,-0.817777727231369,0.914468999268452,0.828032699820911,0.974083157339255,0.942362881985458,1.00761007973263,1.0626810526394,0.300325740721658,0.949901389688047,0.274440947210204,0.276654106104222,1.53688363746616,1.18983941433409,0.701371666692583,0.748011467587287,0.826985568632108,-1.62267169240272,0.710705582115871,-0.53769262202491,0.695347893544428,0.751057668024177,0.404682885184248,0.245554407726366,0.213810587604202,0.717875492057124,-0.0841614431862,0.269146949329597,1.37169894679956,-1.22066739154121,-0.680007317522643,-0.617965300134408,-0.513451351968692,-1.63387045058075,0.547293281635164,-2.91104520488279,0.46947704150185,0.320839812080818,0.79293771156641,-1.96588703691767,0.188578848462375,0.223291972552788,0.546473546864911,0.878729328859878,1.15528762775035,-0.0780520328522636
"Japan",1.55476843335368,1.12856542048841,0.847208659469119,0.383932672437176,0.1850407487511,0.928248087188325,0.735991375240531,-1.59100210962709,1.54823723198866,0.917679963999101,0.40481890051893,1.1467697204089,1.28912739434003,1.69690998868901,1.57459232181218,0.850041406110422,0.700389996141411,0.599979420388029,0.639293453564572,0.699195424503564,0.722687293832372,-0.872213108665802,0.69918787044798,1.73511204831992,0.942362881985458,1.00761007973263,0.287646993549562,-0.52255606268216,-0.972149025153572,0.274440947210204,0.276654106104222,1.28552053863426,0.4368941599508,0.701371666692583,0.748011467587287,0.826985568632108,0.29410924424999,0.710705582115871,0.672115777531138,0.695347893544428,-0.656147508341195,-1.68979583807964,0.245554407726366,-1.5624619863384,1.67416772080473,1.46552601914405,1.76617220412093,0.746283548559559,1.17323719114201,1.31992318839504,0.222096578488236,1.50255869716323,1.04889346281602,0.566218053760795,0.0392923113065118,0.491050219503115,0.585773489825845,0.79293771156641,0.16072373849396,0.73069284223016,0.223291972552788,-0.0457615950549651,0.310936929439165,1.25709724129157,1.1269253167521
"Jordan",0.423835785063148,-0.0609923441102864,-0.362023083435443,-0.656677944178013,-0.771918131700293,-0.676626680821667,-1.1792513393473,0.900999894365706,-0.29887757817061,0.984559286168426,0.475508189589416,0.733957005056852,-0.0130555499149597,0.594410991237733,0.735417185128929,0.666007047968794,0.0556301601776526,-1.16114467342252,0.639293453564572,-0.771839104971466,-0.817777727231369,0.0211279453013252,-0.481030771586639,-1.37818795978451,-0.852351758033466,0.162390907114035,-0.487387065540274,-1.34543786608598,-0.972149025153572,0.274440947210204,0.276654106104222,-0.851065800117266,-0.638741917739619,-0.553476610775219,-0.309880144091458,-1.37819000048981,-0.709918865516514,-1.92093565909033,0.672115777531138,-2.03989351691988,0.623536848134407,0.123714733853352,0.583373554623531,0.435844659347027,0.809617848973319,0.577219768016396,0.594043143041123,0.433575849627182,0.375268997233455,-0.378668816128805,-0.449952924529093,1.32372701935531,0.524024518915755,-2.58048663537556,0.687288956992792,0.381895937185987,0.506212686403399,0.79293771156641,-0.298433325890435,0.0755353174561303,0.223291972552788,1.08314688265637,0.329697952375199,0.94734407893019,0.39094870294827
"Kazakhstan",-0.349178291637215,0.655860527257922,-0.966638955069109,-1.14466275015315,-1.15470168388085,-0.958076714821312,0.735991375240531,0.841157436561758,0.152634235361979,0.221061621370714,-0.41972417425734,0.50677679595981,-0.688455962183008,0.229906326965169,-0.458632462459523,0.191677073942343,0.158958516831319,1.0402604435765,-0.76024086369841,-0.771839104971466,-0.817777727231369,-1.76555416263293,0.0755788935308651,-0.478790179444059,-0.852351758033466,-0.682828265504558,-1.26242112463011,-1.34543786608598,-0.972149025153572,0.274440947210204,-0.666784785067871,-1.60515509623593,-1.49925077989195,-0.553476610775219,-0.309880144091458,-0.275602215928849,0.29410924424999,0.710705582115871,0.672115777531138,0.695347893544428,0.389457775294099,0.489096877177034,-0.0922647391708,1.1019468745755,-0.249406920076333,-0.0141748871899137,-0.234005598113453,0.746283548559559,-0.0237151001996023,1.32626314079337,1.44593963854815,-0.197475242344572,0.771049621284649,-0.834214967475054,0.308130861809578,-0.208690506323976,-1.12238651611184,0.79293771156641,0.246756946983973,-0.252327550376609,0.223291972552788,-1.06929611974037,0.20426733889285,0.610385140963944,0.349901500017842
"Kenya",-0.707287273958647,-0.652143788282893,-0.362023083435443,-0.135386586742981,-0.00635102733917836,0.398197705132996,0.169511135746468,1.09236386774685,-0.196535556554691,0.698999375173742,-0.281928431985317,0.338137371937501,-0.913303478205852,-0.443298588867172,-0.640168709147181,0.181820003876924,-0.961844441952737,-0.756086131750995,-0.76024086369841,-0.771839104971466,0.722687293832372,0.0211279453013252,-0.546312151719796,-0.0194054672477895,0.942362881985458,0.162390907114035,-0.487387065540274,-0.52255606268216,-0.0111238177327628,0.274440947210204,0.276654106104222,-0.222658053603074,-0.423614702201536,0.701371666692583,0.748011467587287,0.826985568632108,1.11558678852972,-0.605115038487228,-0.53769262202491,0.695347893544428,0.805424085334855,1.10315806306338,-0.0922647391708,0.657878731089851,0.230066694574888,0.367402746688814,0.260767144314928,0.120868150694806,-1.22066739154121,0.0721687973856482,-0.3578204654867,-0.237094176241431,-1.28348767584822,0.391163923546148,0.283123761786166,0.355394718605759,-0.147754806525275,0.79293771156641,-0.593548919073863,-0.187249645399264,0.223291972552788,-0.280176196141934,-0.0849534417349733,0.98185933389172,-0.144141024859972
"Korea, South",1.42889929614585,0.976689401786658,0.242592787835453,1.129824130987,0.950607853112215,0.79573549182909,0.735991375240531,0.28001493525622,0.767874694292831,0.978139421227469,0.467212225084498,0.220326307962469,1.42570168670861,1.39461161418931,1.31806559558578,0.789246530777054,0.450510343104553,0.599979420388029,0.639293453564572,-0.771839104971466,0.722687293832372,0.914468999268452,0.582368558101807,1.20377551343739,0.942362881985458,1.00761007973263,0.287646993549562,1.12320754412548,0.949901389688047,0.274440947210204,0.276654106104222,0.531431242515593,0.652021375488884,0.701371666692583,0.748011467587287,0.826985568632108,0.29410924424999,0.710705582115871,0.672115777531138,0.695347893544428,-0.355235709643185,-0.248197099077353,1.25901184841786,-0.452291627624273,-0.123218475873477,0.151618835023588,0.621236553426162,0.120868150694806,1.17323719114201,2.08955076533406,0.443739447926171,0.761851899541956,0.419959973198134,0.391163923546148,0.284812516480387,0.618560656971523,0.484494865660101,0.79293771156641,-1.52632240913777,0.823706871806864,0.223291972552788,1.06304979483569,0.721591433733077,-1.1339776600137,0.95206005384866
"Kuwait",0.070452436455039,0.0828615985314929,-0.966638955069109,-1.65521712721449,-1.15470168388085,-0.139214487844336,-1.71875632912584,-0.201067421390768,-0.190557949304253,0.0714184872938564,-0.150675550926485,0.402509718254011,0.00556078273609084,-0.0334331464305397,0.23781981335868,0.622143384007744,0.436860492286173,-1.16114467342252,0.639293453564572,-2.2428736344465,-0.817777727231369,-1.76555416263293,-0.242238353441072,-1.56360227126758,0.045005561975996,0.162390907114035,-2.03745518371995,-1.34543786608598,-1.93317423257438,0.274440947210204,0.276654106104222,-0.725384250889836,-0.316051094432494,0.701371666692583,-0.309880144091458,-0.275602215928849,-1.1662952788227,-1.92093565909033,-0.53769262202491,-2.03989351691988,-1.95335551456898,-0.315689746782107,0.245554407726366,1.54601501806115,0.537740173771898,0.438752932878097,0.304097654742893,0.746283548559559,0.375268997233455,0.495953806588259,1.01271182856306,0.531822631512298,0.670340241711499,-2.5847562491402,0.692531380062457,-2.09034400635779,0.22103277795451,0.79293771156641,1.06219270813312,-0.676555678821116,0.223291972552788,-0.498122053179594,1.17086195061925,0.146338125621109,-0.618321378745917
"Kyrgyz Republic",-0.797279071248632,-0.0510514690977232,-0.966638955069109,-0.185236853017265,-0.294582083553003,-0.899632969127361,0.331362632744772,0.486495690126709,-0.623436839204829,0.799455094800523,0.254914232708592,-0.365092720653061,-0.849518131184901,-0.408976573894023,-1.01976815612634,0.238314357971129,-0.609433968219367,0.159698396671223,-0.76024086369841,-0.771839104971466,-0.817777727231369,-0.110888010292779,-0.494774220279852,0.00550093281704586,-0.404745277066057,-0.261228562614739,-0.100796060949783,-0.112098355299983,-0.492784672043858,0.274440947210204,-0.643812279229236,-0.599702701662407,-0.746305525508661,-1.18862293221523,-0.845336085423167,-0.833681298478771,0.29410924424999,0.710705582115871,0.672115777531138,-0.672272811687727,0.46026055173649,-0.192603278360286,-0.0922647391708,0.879912802832676,-0.669271865594438,-0.592351422027359,-0.809056457530436,-0.879796486414149,-0.77742888885718,0.13656823674946,1.42634624311356,-0.74627802536883,-0.0327728840197006,-0.834214967475054,0.040091323729386,0.170179629574384,0.549648327889998,0.79293771156641,0.537679324611012,0.207330761634082,0.223291972552788,-0.104042485198535,0.156296531919892,-0.579086324497216,-0.47865794436461
"Laos",-0.70749114173362,0.163267283473674,-0.966638955069109,-0.421559984520635,-2.4944441165128,-1.19195344103299,0.978768620737987,1.10781273335773,0.471639610790036,-0.648857715985571,-0.159161692342003,-0.414097852676075,-0.657764043345746,-0.864237118325932,-0.545652469144166,-0.129228605087301,0.389122789534244,0.159698396671223,-0.76024086369841,-0.771839104971466,-0.817777727231369,0.0211279453013252,-0.130572834548123,-1.01012671432659,-2.64706639805239,-2.37326661074174,-2.03745518371995,-2.1683196694898,-1.93317423257438,0.274440947210204,0.276654106104222,-1.35379199778107,-1.49925077989195,-0.553476610775219,-2.42566336744895,-0.275602215928849,1.11558678852972,0.710705582115871,0.672115777531138,0.695347893544428,0.398308122618069,1.11421117379714,-0.0922647391708,1.1019468745755,-0.0928140648821311,0.27603393454191,-0.428683324262052,0.471100773514077,0.0260146991514706,0.585538764945955,0.711971007444076,-0.067349901228534,0.461965753545833,0.91632630736298,-2.26905382594158,-0.0107472917592957,0.420528169591041,-0.454207038664254,0.590528295610306,-1.12488545627997,0.223291972552788,0.236392226964977,0.596891800707907,-1.11171829322167,-0.555311713401874
"Latvia",0.965107191574779,1.03961563912462,0.847208659469119,0.652357183554447,1.14199962920249,1.04603706132195,0.978768620737987,0.138627670027589,0.641041155218348,0.773599320463135,1.12886228894877,0.626240988740269,0.768401079232727,0.922012395981697,1.1388327180191,0.401813326055093,0.70980956682031,1.0402604435765,0.639293453564572,0.699195424503564,0.722687293832372,0.914468999268452,0.570343040301978,0.00550093281704586,0.942362881985458,1.00761007973263,1.0626810526394,1.12320754412548,0.949901389688047,0.274440947210204,0.276654106104222,1.0341574401794,1.29740302210314,0.701371666692583,0.748011467587287,0.826985568632108,1.11558678852972,0.710705582115871,0.672115777531138,0.695347893544428,-0.216158827790857,-0.256013722661845,0.583373554623531,-0.00822348413862298,-0.259412969788079,-1.02200281244962,-0.287892292225895,0.746283548559559,1.17323719114201,0.795001917953616,0.927217351525124,-0.0799128442289723,0.831953747337674,0.91632630736298,-0.682784436351099,0.48672246345489,0.583696649044382,0.79293771156641,0.645763061190762,1.1099200596112,0.223291972552788,0.999231669340121,0.137723911850786,0.861972435852972,0.454874261118515
"Lebanon",-0.470695097202848,-0.331022815785656,-0.362023083435443,-0.171541724965445,0.759216077021937,0.376112272985384,-1.1792513393473,1.78429899405644,-0.822282437957291,1.03924218767067,-0.17158484075103,-1.15688916570717,-0.318953845373028,-0.34518860133313,-0.719872165124527,0.309983237438088,-0.467541203831766,-0.720863649705716,-0.76024086369841,0.699195424503564,-0.817777727231369,0.0211279453013252,-0.331570769173888,-0.249097823345924,0.942362881985458,1.00761007973263,0.287646993549562,0.300325740721658,0.949901389688047,0.274440947210204,0.276654106104222,-0.599702701662407,-0.10092387889441,0.701371666692583,0.748011467587287,0.826985568632108,-0.709918865516514,-0.605115038487228,-0.53769262202491,-2.03989351691988,0.838296803168407,0.282723909412505,1.25901184841786,1.1019468745755,-0.71825861151953,-0.851540501694039,-0.141534799108919,-1.1299626457852,0.375268997233455,-0.751866960083456,-0.0340663026428682,-0.748341775600164,-0.660430456402531,-0.834214967475054,1.26402147693987,0.209437847326413,0.503008417769142,0.79293771156641,0.288038427157827,-0.826045639214269,0.223291972552788,0.0890148607383342,-2.11604482633536,0.840155610904812,-1.26079228197483
"Lesotho",-0.134254254302075,-1.68838427504773,0.847208659469119,1.05718517179541,-0.125609555033686,-0.0913627168513287,-0.437431977997171,-1.30775441676653,0.153109188827605,-0.288794613492145,-0.578309421766881,0.342621835910986,-0.168985333269409,-0.252049427254608,0.0316583091728505,-2.74830139543821,0.450510343104553,-0.280582626517247,0.639293453564572,0.699195424503564,0.722687293832372,0.639518475039609,0.999825806939934,1.1345910687575,-0.246296739260761,-0.111986182750934,0.0360535648055326,0.0331998616182737,-0.323094142402607,0.274440947210204,0.276654106104222,0.280068144060734,-0.208487486663452,-0.53256247265011,-0.292248617089093,-0.257225752705821,-1.62267169240272,0.0527952718143218,0.672115777531138,-0.672272811687727,-1.27314312892283,0.655307018967569,-2.11917962055379,0.657878731089851,-0.154070621322087,-0.0579210616828634,-0.678202470049351,-0.129298008676245,-0.207686998216421,-0.24966245995085,-0.566507920898436,0.971112793367851,1.99116671812037,0.178260255907348,0.644471571609707,-0.101515393695463,-0.184722572435316,-0.454207038664254,-2.2540621362565,0.484050883271058,0.223291972552788,-0.642218802396698,0.951734832374732,0.143118395785113,-0.490403461877526
"Liberia",-0.810162992653058,0.0924984686432089,-0.362023083435443,1.0437091655747,-0.234719026995584,-0.297493421430574,-0.909498844134323,0.719100367037516,-0.670536083418128,0.801411859769626,-0.703580329165533,-1.28241079173163,-0.653771283137744,-0.630993229805641,-1.08052876138013,0.421303757702513,0.450510343104553,-0.861753577358495,-0.76024086369841,0.699195424503564,-0.817777727231369,0.631379145357389,0.822878907140757,1.22591453599398,-0.348610626876488,-0.20835544113849,-0.0523134054658441,-0.0606225594810466,-0.432667244304642,0.274440947210204,0.276654106104222,-0.222658053603074,-0.208487486663452,-0.69987557664711,-0.433300832261697,-0.404237457607973,-0.481730658589593,0.0527952718143218,-1.74750102158096,-0.672272811687727,1.38196097713494,0.534472280313771,-0.767903032965131,0.657878731089851,-0.513465896707583,-0.171070695255558,-0.559371565612821,-0.504547247545197,-1.22066739154121,-0.93881421200869,-1.69459666504963,-0.658040594355428,-0.271047885586476,0.91632630736298,0.984787509079136,0.520144875909922,-0.448766175559717,0.79293771156641,-0.271538910920961,-1.75227023821096,0.223291972552788,0.112720613491722,-2.44473550403082,-0.10094234328231,-0.0867470213921788
"Libya",-1.78372644034369,-1.96181876222195,-0.966638955069109,-0.298632514209283,-1.72887701215169,-1.75881287769833,-1.98850882433882,-1.41564663817978,-1.31043398048356,-1.84840356074005,-1.91068316458414,-1.66601798901669,-1.57543161242045,-2.01360139852369,-1.62953637737753,0.526791721509111,-3.95757646006332,-1.16114467342252,-0.76024086369841,-0.771839104971466,-0.817777727231369,0.0211279453013252,-0.649388016145825,-0.365327690647241,-1.74970907804293,-1.52804743812315,-1.26242112463011,-1.34543786608598,-1.93317423257438,-4.7329350230232,0.276654106104222,-0.851065800117266,-1.606814387661,-0.553476610775219,-0.309880144091458,-1.37819000048981,-1.39448348574962,-1.26302534878878,-1.74750102158096,-2.03989351691988,-2.40598754770235,-1.359371560394,-0.514538672792257,1.32398094631833,-0.729679073233585,-1.24138145060669,-1.36899458821664,-0.504547247545197,0.375268997233455,-0.448300374959292,-2.54451656834884,-1.95667816500812,-1.88290242539644,-0.415792907292865,-1.45114015681092,-4.00861118312296,-2.61652511260435,0.79293771156641,-2.20284222502262,-0.461450663722036,-1.5645033783371,-1.56506169155465,-1.02040923379803,-0.0721886124048758,-2.92589713860043
"Lithuania",1.03513084007239,0.863177262805973,0.847208659469119,0.608751895974708,1.14199962920249,1.11965516992357,0.978768620737987,0.6122781668766,0.838589517634731,0.785757578979978,0.994588098610459,0.990041701973572,0.828107754322765,0.996794072866126,1.20935401192237,0.127454192792864,0.70980956682031,1.0402604435765,0.639293453564572,0.699195424503564,0.722687293832372,0.914468999268452,0.506779591062204,-0.0636835118628443,0.942362881985458,1.00761007973263,1.0626810526394,1.12320754412548,0.949901389688047,0.274440947210204,0.276654106104222,1.15983898940683,1.51253023764122,0.701371666692583,0.748011467587287,0.826985568632108,1.11558678852972,0.710705582115871,0.672115777531138,0.695347893544428,-0.0126008462175265,-0.573780220562639,1.25901184841786,0.213810587604202,0.214553009393752,-0.343917285681254,0.0209554574070652,0.746283548559559,0.375268997233455,1.26273086809946,1.30878587169818,0.305636127713611,0.681391582160776,0.91632630736298,-0.5780442319049,0.543880120956679,0.492208845705536,0.79293771156641,0.645763061190762,0.916555331691064,0.223291972552788,0.87546278626582,1.06944677572012,0.147796713204772,1.02856213138108
"Luxembourg",1.71065011747748,1.28709510278208,0.847208659469119,1.00404807450471,1.14199962920249,1.23008233313519,0.735991375240531,-1.88981417789141,2.04670154803684,0.764402456971881,1.09402228404539,0.83004737602458,1.40409902125112,1.71821412760428,1.88967408266006,0.786640326654084,0.70980956682031,1.0402604435765,0.639293453564572,0.699195424503564,0.722687293832372,0.914468999268452,0.913929253766957,0.672438979052986,0.942362881985458,1.00761007973263,1.0626810526394,1.12320754412548,0.949901389688047,0.274440947210204,0.276654106104222,1.53688363746616,1.62009384541026,0.701371666692583,0.748011467587287,0.826985568632108,0.29410924424999,0.710705582115871,0.672115777531138,0.695347893544428,-1.84462267951775,-1.78653322853547,0.245554407726366,-0.896359771109922,1.79653643904867,2.01452996400073,2.01252796308736,1.37169894679956,1.97120538552934,2.0559963385055,-0.772499801750817,1.54626904429807,1.4716983829316,0.91632630736298,-0.569782509524739,0.410555347141193,0.564115007390588,0.79293771156641,0.645763061190762,1.25733148459356,0.223291972552788,0.76437008300928,0.732607713472838,-0.036201187669472,1.25498758127046
"Macedonia",-0.0693254591080834,0.386480059492221,-0.362023083435443,0.527238493157112,0.376432524841379,0.0963634598045212,0.735991375240531,-0.167589471959855,-0.0940846917897059,-0.0794851965705496,0.794994786646624,1.15141384587342,-0.27583482765227,0.235060958600518,-0.105327187100249,0.66006372697133,0.191211119388795,-0.280582626517247,0.639293453564572,-2.2428736344465,0.722687293832372,0.914468999268452,0.221603034156847,-0.0858225344194361,0.045005561975996,0.162390907114035,-0.487387065540274,1.12320754412548,0.949901389688047,0.274440947210204,0.276654106104222,-0.474021152057933,-0.531178309970577,0.701371666692583,0.748011467587287,-0.275602215928849,0.29410924424999,0.710705582115871,0.672115777531138,0.695347893544428,0.198543146733673,-1.45446958740557,-0.0922647391708,0.879912802832676,-0.701439049713741,-0.307070397604502,-0.25421479648655,-0.204347856450036,-0.38904998741949,-0.243969778251572,0.54001622439366,0.514937868730955,0.0471536065990401,0.2161097933315,-0.0417165182378537,0.245656785734069,0.571247472017212,-0.454207038664254,0.626026031591448,0.930026570215035,0.223291972552788,0.395058251940459,0.902212103163695,0.631906010454349,1.10331574683451
"Madagascar",-0.91610118994766,0.091506051075697,0.847208659469119,0.0574408175045737,-0.580526355610015,0.361388651141383,0.169511135746468,0.994895319848034,-1.5822507483615,-0.248320098188705,-0.265759904462101,-1.14800326558194,-0.981821534689014,-0.879389919138063,-0.77888699681365,-0.227757846472027,0.370516209501409,0.159698396671223,0.639293453564572,0.699195424503564,0.722687293832372,-0.872213108665802,0.70777752568797,0.904898712659365,0.045005561975996,-1.52804743812315,-0.487387065540274,-0.52255606268216,-0.0111238177327628,0.274440947210204,0.276654106104222,-0.474021152057933,-0.316051094432494,0.701371666692583,0.748011467587287,0.826985568632108,0.431022168296612,0.0527952718143218,0.672115777531138,-0.672272811687727,1.20495403667377,1.14846134023824,-0.767903032965131,0.879912802832676,-1.26885426906127,-0.951775747794366,-1.19311430490658,-1.75537804364995,-0.821683294108153,-0.88322347307477,-1.40455905002506,-1.2515974975511,-1.08112042991502,-1.08185251803434,-0.282100406434653,0.568072261941977,-0.190063020159078,-0.454207038664254,-0.505455251664362,-0.604078832132517,0.223291972552788,0.131276688149047,-0.544564456243991,-1.36716717857783,-0.706233942124535
"Malawi",-0.113320488134265,0.489957819950402,0.242592787835453,0.644359229027768,0.164069419392967,0.0761184800782144,0.169511135746468,-0.347378152714851,-0.352929026482051,-1.08685096391179,-0.797772554480341,-1.2206361215659,-0.079750008723156,0.0907217470702465,-0.333735693539982,0.638989179698219,0.450510343104553,-0.280582626517247,0.639293453564572,0.699195424503564,-0.817777727231369,0.390177060786264,0.814289251900766,0.558976489758041,0.0253403743756956,0.143868303885324,0.270662465949717,0.282292651030431,-0.032184258842608,0.274440947210204,0.276654106104222,0.02870504522883,0.544457767719842,-0.396620576091744,-0.177643692631615,-0.137778742858729,1.11558678852972,0.710705582115871,-1.74750102158096,0.695347893544428,0.544971015848265,0.886145556766845,-1.44354132675946,-0.230257555881448,0.115132901269914,-0.356148739352071,-0.430112642810387,-0.19183954861282,-0.821683294108153,-1.29258008468798,0.414167217532011,-0.464278054503518,-0.711931273532811,0.547293281635164,-0.891131210265078,0.0305296931121433,-1.9765021220655,-0.454207038664254,-0.0568173742163096,-0.210877194505452,-2.0628979593697,-0.120799280936827,-2.33517194457988,0.35355009883273,-0.58811932884933
"Malaysia",0.192531805303371,0.370897435293346,-0.966638955069109,-2.07878005035583,-1.15470168388085,-0.551475895766041,-0.882523594742507,0.309747060235074,0.356245718866032,-1.75363826790096,0.439797864493159,1.56034615476582,0.0105748781043752,0.200139902288399,0.380472242888135,0.584042006007259,0.697171882224128,-0.720863649705716,-0.76024086369841,-0.771839104971466,-0.817777727231369,-1.76555416263293,-1.15102388726355,-2.04789338352869,0.045005561975996,-1.52804743812315,-1.26242112463011,-1.34543786608598,-0.972149025153572,0.274440947210204,0.276654106104222,-1.35379199778107,-0.531178309970577,-0.553476610775219,-0.309880144091458,-0.275602215928849,0.29410924424999,-0.605115038487228,-1.74750102158096,-0.672272811687727,0.293368293685646,0.304592189166425,-0.767903032965131,1.1019468745755,0.568248187547074,1.50353382606953,1.04827125558482,0.746283548559559,0.375268997233455,0.447856459662755,0.672744669907331,0.918928141029194,0.435160825911543,-1.35937735129189,-4.11597895381189,0.512325277467314,0.347114814881726,-1.70135178889492,-0.0944840140663846,0.575423305716465,0.223291972552788,0.357023142875656,0.93458508072292,1.19301184514548,1.47567649835773
"Mali",-0.721736923932017,-1.8814058897254,0.242592787835453,0.68522549135212,0.1850407487511,0.111087081648523,-0.639746349245051,-1.25756155647982,-1.14581690986354,-0.743103528343868,-0.121367325279539,-0.471127727600399,-0.669910915257914,-0.879450885448661,-0.559999493540208,-0.696018382682449,-1.36288612777967,-1.84798306987127,0.639293453564572,0.699195424503564,-0.817777727231369,0.0211279453013252,0.484446487129001,1.3891898254186,0.045005561975996,0.162390907114035,0.287646993549562,0.300325740721658,-0.0111238177327628,0.274440947210204,0.276654106104222,0.908475890574926,0.114203336643674,-0.553476610775219,-0.309880144091458,-0.275602215928849,-0.253542451936499,-1.92093565909033,0.672115777531138,-0.672272811687727,0.571522056960428,1.1195323053295,-2.11917962055379,-1.5624619863384,-0.487158125612984,-0.134565213420908,-0.706591276056905,-0.817254946477573,-0.422699197153878,-1.09623662841868,-0.996596788504471,-0.874292423770404,-1.07021046425553,-1.41488232340508,1.21967069788718,0.361602416815275,0.38594580366428,-1.70135178889492,0.104838301590158,-0.482658551114475,0.223291972552788,-0.0283355881423297,0.31924660053439,-0.971695262670493,-0.509855771918144
"Malta",1.08710087185427,1.26683448732863,0.847208659469119,0.595166328838442,1.14199962920249,1.08284611531356,0.978768620737987,-0.46235851618293,0.93651731304108,0.886585212808981,1.18914939342345,1.11765811858061,0.872420752411204,1.05229541002537,1.26169338532102,0.755135360786789,0.70980956682031,1.0402604435765,0.639293453564572,0.699195424503564,0.722687293832372,0.914468999268452,0.599547868581789,-0.15777435660757,0.942362881985458,1.00761007973263,1.0626810526394,1.12320754412548,0.949901389688047,0.274440947210204,0.276654106104222,1.28552053863426,1.18983941433409,0.701371666692583,0.748011467587287,0.826985568632108,1.11558678852972,0.710705582115871,0.672115777531138,0.695347893544428,-0.632125137831613,-0.487530212992973,-0.0922647391708,0.213810587604202,0.350955476114841,0.204832715448848,0.814118539775733,1.37169894679956,1.17323719114201,0.681231359903592,-1.28953188926053,0.336797016341336,1.14823354035395,0.91632630736298,-0.40024154806871,0.705445395808017,0.531134775780956,0.79293771156641,0.645763061190762,1.16619496685438,0.223291972552788,1.08614324322146,1.05647233638776,1.20030915919061,0.167243825169007
"Mauritania",-0.719520705779894,-1.58149806971467,0.242592787835453,-1.05460358763947,-0.580526355610015,-1.04398377739116,-2.25826131922809,-0.942485243412584,-0.97274957356736,-0.102185235919561,-0.914266858053074,-0.295023330210267,-0.668021224846511,-0.877084077758498,-0.557767525126495,-0.556040042027429,-0.327387328042719,-2.42915402071252,-0.76024086369841,0.699195424503564,0.722687293832372,-0.872213108665802,0.535984419342015,-1.79329462736572,0.045005561975996,0.162390907114035,0.287646993549562,-2.1683196694898,-0.972149025153572,0.274440947210204,-1.02442749615941,-0.222658053603074,0.00663972887463215,-1.80832488824302,-1.3677717557702,-1.37819000048981,-1.62267169240272,-1.92093565909033,-1.74750102158096,-2.03989351691988,-0.691548896347454,-1.07762494057861,-0.0922647391708,-0.230257555881448,-0.879326516798915,-1.48871156461436,-1.77563914791443,-0.654646943092778,-1.03371517520245,1.27861393627294,0.0516696316387043,-0.169436946802993,0.0349730211539481,-1.74791212194871,0.625791754186407,-0.0807641126245556,0.423257731760964,-0.454207038664254,-0.0717105177492242,-1.02112467161632,0.223291972552788,-1.2679790994686,0.188882428726316,-0.347110944006454,-0.605174223187868
"Mauritius",0.821117501886627,0.793731725467018,-0.362023083435443,0.346901045707016,0.759216077021937,1.03131343947795,-0.639746349245051,0.838408994681551,1.01140051732561,0.962751387281892,1.19256224983247,0.710237001519346,0.645626190991656,0.768238768357649,0.993819719647782,0.626070629512654,0.70980956682031,0.159698396671223,-0.76024086369841,-0.771839104971466,0.722687293832372,0.0211279453013252,0.627034765195146,0.442746622954852,0.942362881985458,0.162390907114035,1.0626810526394,0.300325740721658,0.949901389688047,0.274440947210204,0.276654106104222,1.15983898940683,1.08227580656505,0.701371666692583,0.748011467587287,0.826985568632108,-0.253542451936499,0.710705582115871,-1.74750102158096,-0.672272811687727,0.465317892941652,0.396739422761233,-0.0922647391708,1.1019468745755,0.805740288532527,0.980997468231879,0.574553543824008,0.921399860156819,0.422030374053237,0.473303412595267,1.19589227826666,0.18796586213443,0.691286865523387,0.741272177148332,0.306395679956503,0.565616088336299,0.478205005007671,0.79293771156641,1.57629535048166,0.71074063598815,0.223291972552788,0.980029083290585,0.710907443176552,-0.0151810797281563,0.948668128143982
"Mexico",-0.726402664911188,-1.42491119544541,0.847208659469119,0.0740940932345202,0.567824300931658,-0.438685852582199,0.978768620737987,1.16958951226701,-0.7095294110813,-0.097255858457115,0.204593668794526,0.0906628097170349,-0.27233714899874,-0.806297554320561,-1.11266786944644,-1.91322129274269,-0.587770858136304,0.159698396671223,0.639293453564572,0.699195424503564,0.722687293832372,0.0211279453013252,-0.764489397598613,0.650299956496394,0.942362881985458,1.00761007973263,0.287646993549562,0.300325740721658,-0.0111238177327628,-3.25905711333003,0.276654106104222,-0.474021152057933,-1.17655995658483,0.701371666692583,0.748011467587287,0.826985568632108,1.11558678852972,0.710705582115871,0.672115777531138,0.695347893544428,0.735885644408691,-0.579296737998247,1.25901184841786,0.657878731089851,-0.838541858973848,-0.808848299835632,-0.350817196722659,-0.504547247545197,-1.61965148849549,1.03230604776018,-0.0293591423053578,-1.58986560337644,-1.67182270161832,0.91632630736298,-0.0934263313296819,0.498792003284332,0.264824449289359,-0.454207038664254,0.400387675384704,-0.0138689518507694,0.223291972552788,0.088014228372558,0.738002543148014,-0.580732876869214,-0.0390639183908134
"Moldova",-0.402215056224009,0.431198289194976,0.242592787835453,-0.826716655508262,-0.389134579519736,-0.198108974601952,0.978768620737987,0.0129440774281276,-0.572387437410625,-0.185449145199251,0.373482640976367,-0.107756852353016,-0.0357734509073213,-0.40238487080513,-0.793506889458598,0.426298306697503,0.191211119388795,0.159698396671223,-0.76024086369841,0.699195424503564,0.722687293832372,-0.872213108665802,-0.537722496479806,-0.525835602065485,0.045005561975996,0.162390907114035,-0.487387065540274,-0.52255606268216,-0.972149025153572,0.274440947210204,0.276654106104222,-0.222658053603074,-0.10092387889441,-0.553476610775219,-0.309880144091458,-0.275602215928849,1.11558678852972,0.710705582115871,0.672115777531138,0.695347893544428,0.376814422711068,-0.496732115828642,-0.0922647391708,0.213810587604202,-1.48444949495574,-1.22733906901829,-1.0286155844762,0.120868150694806,0.375268997233455,0.00530060933676958,1.22747525875291,-0.796856569413166,0.369015433476507,-1.0092690976897,0.406546054608639,0.322201223890149,-0.157545627352172,-0.454207038664254,0.990112785049703,0.636240177726084,0.223291972552788,-0.542468604096646,0.853995884555285,-0.84506751108097,-0.396573643735152
"Mongolia",0.0883199345927178,0.590818378819018,0.847208659469119,0.675145877063383,0.567824300931658,0.339303218375379,0.735991375240531,1.23809360068792,0.222187640074456,0.819718359184653,-0.201635322498329,0.234995179404557,0.114164634062423,0.042987025258508,0.0914616351955038,0.0679019992898789,0.191211119388795,1.0402604435765,0.639293453564572,0.699195424503564,0.722687293832372,0.914468999268452,0.513651315408812,0.0995917775617717,0.942362881985458,1.00761007973263,1.0626810526394,-1.34543786608598,0.949901389688047,0.274440947210204,0.276654106104222,0.280068144060734,0.867148591026968,0.701371666692583,0.748011467587287,-1.37819000048981,0.29410924424999,0.710705582115871,0.672115777531138,0.695347893544428,-0.097311310759176,0.0400971437319247,1.25901184841786,1.1019468745755,-0.785099214054286,-0.290201577040873,-0.678871477249305,0.746283548559559,0.375268997233455,0.965076861298933,0.975215237803266,-0.139720762728197,0.668423881638322,0.0410556699439636,0.724382558250633,-0.156846715178242,0.533864337950879,0.79293771156641,1.16239609192862,-0.999840248075807,0.223291972552788,-0.351300595969426,0.144440085281493,0.20015607105994,0.194040616383474
"Montenegro",-0.00270645125347302,0.553134075482454,0.847208659469119,0.854387714174673,0.234842470934212,-1.52139447700978,0.65506562674138,0.361710884216847,-0.189838707599327,0.0181382344784061,0.968798394982984,-0.0756660533740329,-0.0568191993425334,-0.111563098514212,0.16414099866647,0.242648004115104,0.450510343104553,0.437362423606434,0.639293453564572,0.699195424503564,0.722687293832372,0.517031490449596,0.465549245755635,1.13735844676387,0.0917055204204097,0.206377510173443,0.327981047270903,0.34314987015899,0.0388895228282889,0.274440947210204,-5.31932128418834,0.280068144060734,0.114203336643674,-1.69329712930783,-1.27079835789193,-1.27711945342471,0.29410924424999,0.710705582115871,0.672115777531138,0.421823752497997,0.0784312946156384,-0.30103400437871,0.583373554623531,0.213810587604202,-0.286057595835627,-0.110379827799263,-0.321912604122847,0.133376458532021,-0.459303484359069,0.317455998919969,0.100672893558957,-0.354887378104436,0.160848042624044,-0.309052583658221,0.199402197025772,0.398943998523308,0.567449820302537,-0.454207038664254,0.634810094456638,0.850728213153274,0.223291972552788,0.887975132011322,-1.02040923379803,0.767992390989365,0.222640270803736
"Morocco",-0.556865032156954,0.224203545690485,0.242592787835453,-1.78340352679713,-0.771918131700293,-0.242279839515566,-1.1792513393473,-0.451315070174318,0.121998032321036,-0.734191225520772,-0.0736482075896455,-0.646338664815417,-0.933187102080537,0.105719157644468,-0.679949471102251,0.711027709474466,0.191211119388795,-0.720863649705716,0.639293453564572,-0.771839104971466,0.722687293832372,-1.76555416263293,-0.207879732481109,-1.90952449466704,0.045005561975996,-1.52804743812315,-1.26242112463011,-0.52255606268216,-0.0111238177327628,0.274440947210204,0.276654106104222,-0.97674734972174,-0.531178309970577,0.701371666692583,-0.309880144091458,-0.275602215928849,-0.709918865516514,-0.605115038487228,-1.74750102158096,-0.672272811687727,-0.501898602873381,-0.122272628419662,0.583373554623531,-1.11839384285275,-0.156780010531173,0.0296792922265329,0.379288961170805,0.120868150694806,0.375268997233455,0.458067615120839,0.00314928480178928,1.00442785013837,0.784135527989917,-0.748822712663605,0.974656325652781,0.514409248363216,0.405539312979683,-1.70135178889492,-0.56043697848722,0.0792578352169854,0.223291972552788,-0.0745839729595385,-0.269488709983783,-1.56300943148985,0.465489158220268
"Mozambique",-0.954162621548168,0.336937766729672,0.242592787835453,0.267797985398143,-1.72887701215169,-0.0508727573987151,0.978768620737987,-0.300867248738547,-0.813252191232497,-1.63044864037469,-0.530582068642965,-1.87738705014235,-0.868092042746821,-1.12766964856213,-0.794076998553664,0.395702972728756,0.0259569511688449,0.159698396671223,0.639293453564572,0.699195424503564,-0.817777727231369,-0.872213108665802,0.70777752568797,1.4362352475419,-0.852351758033466,-1.52804743812315,-2.03745518371995,-1.34543786608598,-1.93317423257438,0.274440947210204,0.276654106104222,0.405749693288163,-0.10092387889441,-0.553476610775219,-0.309880144091458,-0.275602215928849,1.11558678852972,0.710705582115871,0.672115777531138,0.695347893544428,-0.927979595324462,0.718040027635059,-0.0922647391708,-0.230257555881448,-0.851138757568531,-0.965387032496145,-0.63242865394055,0.120868150694806,-0.422699197153878,-2.81656154378991,0.0550895779289638,-1.27407270831112,-0.96710338849971,0.566218053760795,-1.11167673836437,-0.0463046340883616,-0.58311997262796,-1.70135178889492,0.383434072932302,-0.168250313110792,0.223291972552788,-1.50700574629237,-1.23953635269993,-2.36655372148367,-0.560392810295583
"Myanmar",-1.30652922888935,0.0230147542679443,-2.17587069797367,-0.649227794820737,-0.00635102733917836,-0.0893660326099383,-0.842060720492931,-0.152281696063466,-1.08886287229603,-1.26102974821555,-1.73796866506446,-1.1742457083488,-1.46987431721014,-1.05828080575184,-1.2133425511935,0.561523449896379,-0.473694526878485,-0.280582626517247,-2.15977518096139,-2.2428736344465,-0.817777727231369,0.0211279453013252,-1.16476733518369,-0.918803247588236,0.045005561975996,0.162390907114035,-0.487387065540274,0.300325740721658,-0.0111238177327628,-0.672397448682429,0.0650269228971192,-0.97674734972174,-0.961432741046745,0.701371666692583,0.748011467587287,0.826985568632108,-1.62267169240272,-1.26302534878878,-0.53769262202491,0.695347893544428,-1.16314595878524,-0.607093783781082,0.245554407726366,1.1019468745755,-1.06767024663933,-0.97523996608766,-1.28925361244194,-1.1299626457852,-0.422699197153878,-1.59399077204072,-0.2559110820608,-1.24679984326916,-0.997984487518899,0.416781599306871,-0.680030001488905,0.482444591708794,-0.226935844776252,-1.70135178889492,-1.68754430433312,-1.42737219236227,0.223291972552788,-1.8175321144125,-1.53009891178271,-0.57245999735178,-0.43085868102084
"Namibia",0.42249560942149,-0.757286131142051,0.847208659469119,0.758631378135853,-0.00635102733917836,0.34666502929738,0.331362632744772,-0.978985449475855,0.798106964819046,-1.50386513158504,-0.561638392926097,0.719549721761502,0.305735477956261,0.342530965337287,0.592364893486177,-1.60375881830108,0.450510343104553,0.159698396671223,0.639293453564572,0.699195424503564,0.722687293832372,0.0211279453013252,1.0943120153529,1.18163649137893,0.045005561975996,0.162390907114035,0.287646993549562,0.300325740721658,-0.972149025153572,0.274440947210204,0.276654106104222,0.782794341347496,0.759584983257926,-0.177022127534879,0.00748733941216575,-0.275602215928849,0.29410924424999,0.710705582115871,-0.53769262202491,0.695347893544428,-0.560058026302868,-0.34077488275358,-0.767903032965131,-0.230257555881448,1.06823123623772,1.10262893192188,0.909621428901905,1.37169894679956,1.17323719114201,0.335040212928845,-1.78471837399994,-0.0421014761483149,-0.511215606227846,0.91632630736298,-0.848338756233542,-0.170654274772419,-0.196934396230319,-1.70135178889492,-1.50962184544297,-0.114868009607525,0.223291972552788,-0.452983288559815,0.392747320599743,1.3225858609614,-0.157241939502096
"Nepal",-0.494600562409254,0.832210608164594,0.242592787835453,-1.33464156763814,-0.771918131700293,-0.610370383142049,0.978768620737987,1.17034894620079,-0.395405654673701,-1.29324582247531,-0.324731364238672,0.0340291439854159,-0.669541752982905,-0.400465647209582,-0.325880780968848,0.576304769342569,0.433809896557977,0.599979420388029,0.639293453564572,0.699195424503564,-0.817777727231369,-1.76555416263293,-0.63049077399939,-0.503696579508894,0.045005561975996,0.162390907114035,-0.487387065540274,-1.34543786608598,-1.93317423257438,0.274440947210204,0.276654106104222,-0.0969765039985994,-0.10092387889441,-1.80832488824302,-0.309880144091458,-1.37819000048981,1.11558678852972,0.710705582115871,0.672115777531138,0.695347893544428,1.13288692514503,0.918486536203301,0.245554407726366,0.213810587604202,0.0522807381983323,-0.324236901107706,-0.108196261229701,-0.954846334187939,-0.610125324728473,-0.613211314779168,0.496887026675453,-0.153699857466999,-0.211658690857678,-0.190772769820468,-0.455194079117673,0.449272038753631,-0.443556272113646,-1.70135178889492,-1.211758973158,0.0510328916458862,0.223291972552788,-0.240957485285564,0.732607713472838,-0.405636789861639,-0.379590958806347
"Netherlands",2.09492664562073,1.30003876681897,0.847208659469119,0.85833191068442,1.14199962920249,1.2595295762048,0.735991375240531,-2.08271476682356,1.92233731057744,0.902576352587866,1.38900968871683,1.22025446243572,1.91115994628013,2.25303380339689,1.94744169110916,0.810756868252569,0.704125288583576,1.0402604435765,0.639293453564572,0.699195424503564,0.722687293832372,0.914468999268452,0.0549637204910452,0.857853290536066,0.942362881985458,1.00761007973263,1.0626810526394,1.12320754412548,0.949901389688047,0.274440947210204,0.276654106104222,1.66256518669359,1.62009384541026,0.701371666692583,0.748011467587287,0.826985568632108,0.29410924424999,0.710705582115871,0.672115777531138,0.695347893544428,-1.88255273812659,-1.95995102267641,0.583373554623531,-1.5624619863384,2.00654244962495,2.01885807374863,1.90862503107282,1.37169894679956,1.97120538552934,0.541607243176749,0.281601135926834,1.4773404107215,0.698827953187833,0.91632630736298,-0.276500496607398,0.652719758223739,0.562038166609126,0.79293771156641,0.645763061190762,1.32330567098941,0.223291972552788,1.40448564929536,0.589815865469741,0.77982450475583,1.50947977926551
"New Zealand",1.69274515787287,1.26215554812581,0.847208659469119,1.35354774418573,1.14199962920249,1.13437879176757,0.735991375240531,-0.00545652200670574,2.28452580472016,0.868089728442569,1.3711131676275,2.08193264417679,1.64863426667521,1.70484922559195,1.55935324825497,0.747859677734954,0.70980956682031,1.0402604435765,0.639293453564572,0.699195424503564,0.722687293832372,0.914468999268452,0.742136146647934,1.66592760364003,0.942362881985458,1.00761007973263,1.0626810526394,1.12320754412548,0.949901389688047,0.274440947210204,0.276654106104222,1.41120208823873,1.29740302210314,0.701371666692583,0.748011467587287,0.826985568632108,0.29410924424999,0.710705582115871,0.672115777531138,0.695347893544428,-0.419716809364187,-0.612068373035237,0.583373554623531,0.213810587604202,2.21775876065174,2.17047730309657,2.00581428963234,1.37169894679956,1.57222128857506,1.87824536470299,1.47410267274414,1.73497333428757,0.959996199070263,0.91632630736298,0.215301358086561,0.34291142210583,0.471098649236585,0.79293771156641,1.34639148344113,1.19436206091715,0.223291972552788,1.05590545669955,1.17086195061925,1.78863384095844,1.84004920387091
"Nicaragua",-0.821778382613026,0.157536293033674,0.242592787835453,0.277439356024661,-1.15470168388085,-0.396877867640804,-0.0328032355014116,1.23057451077671,-0.49842495720909,0.614224447293227,0.677384314368618,-0.0137260317666401,-0.658969832615503,-0.880624376277444,-0.874072995468109,-0.181223129103959,0.450510343104553,0.159698396671223,0.639293453564572,0.699195424503564,-0.817777727231369,0.0211279453013252,0.994672013486712,0.0304073328818812,-0.852351758033466,-1.52804743812315,-1.26242112463011,-1.34543786608598,-0.0111238177327628,0.274440947210204,0.276654106104222,0.154386594456259,-0.423614702201536,-0.553476610775219,-1.3677717557702,-0.275602215928849,-1.62267169240272,0.0527952718143218,0.672115777531138,0.695347893544428,1.44644207685594,1.19351024729725,0.245554407726366,-0.230257555881448,-1.90043381637902,-1.58616027785461,-0.874205682650163,-0.817254946477573,-0.0237151001996023,0.544656886245039,-0.105560444537059,-0.148593225005016,0.492511199885134,0.583296501992241,-0.455966132162481,0.239500387279667,0.181881362308531,0.79293771156641,0.8034062641077,-0.108535014451233,0.223291972552788,1.06768178276502,0.811594833149266,-0.254360135510383,-0.777297450097948
"Niger",-0.586615828843806,-0.812261224930789,-0.362023083435443,0.213236595021969,-0.580526355610015,-1.44961682144785,-0.909498844134323,0.294664034704095,-1.01476565504072,-0.877237178076168,-1.29925078823964,0.0407840177311922,-0.554697962272218,-0.735148463481863,-0.423918117266707,0.244334247463405,-0.973518298369406,-1.19636715493946,0.639293453564572,0.699195424503564,-2.35824274829511,0.0211279453013252,0.712931319141192,0.0497789774321007,-0.852351758033466,-0.682828265504558,-0.487387065540274,0.300325740721658,-0.972149025153572,0.274440947210204,0.276654106104222,-0.0969765039985994,0.114203336643674,-3.06317316571082,-2.42566336744895,-2.48077778505076,-0.481730658589593,-1.26302534878878,0.672115777531138,-2.03989351691988,0.404629798909584,1.11533714395713,-0.0922647391708,-0.674325699367097,-0.60382392297383,0.0632273614075271,-1.13779931684083,-1.1299626457852,-1.22066739154121,-0.184296289443394,-0.162891887975077,-0.965393932623,-1.16444196152741,-1.48238835986782,0.169664807492912,0.403518780494768,0.579353084895722,-1.70135178889492,-1.08819028226323,-0.714670252983767,0.223291972552788,-1.8708156238023,0.596723794412291,-1.54259191577392,1.11572172900882
"Nigeria",-0.478489730818137,-2.03973234384897,-0.362023083435443,-0.0685543614004581,0.759216077021937,0.300356335234657,-1.1792513393473,0.492135781923561,-1.05107696997036,-0.559406654299407,-0.944112029421632,0.532740145579889,-0.732263096494122,-0.185317621131246,-0.406013628467107,-0.542451754906447,-2.08807450341045,-1.68948190146002,-0.76024086369841,0.699195424503564,-0.817777727231369,0.914468999268452,-1.46540527167564,-0.503696579508894,0.045005561975996,0.162390907114035,1.0626810526394,1.12320754412548,0.949901389688047,0.274440947210204,0.216478976127871,0.154386594456259,-0.208487486663452,0.701371666692583,0.748011467587287,-0.275602215928849,-0.709918865516514,-0.605115038487228,-1.74750102158096,-0.672272811687727,1.66803065557835,1.12907732715044,-1.44354132675946,0.213810587604202,-0.258899358335424,-0.773133362941851,-0.550845770357481,-1.1299626457852,-1.22066739154121,0.107968351306915,-1.32851844032971,-1.16327301937532,-1.29220231455752,-0.133998460270685,0.332543305153405,0.244521525139195,-1.26313698278698,-0.454207038664254,-0.18785534896674,-1.32108003390717,-0.833901964666438,-0.169193878322842,0.287364498179193,1.87635657896336,-1.14162663420731
"Norway",2.11450659518002,1.30626103320085,0.847208659469119,-0.0214431209731902,1.14199962920249,1.30370044173681,0.978768620737987,-1.62377746948521,2.26041926136605,0.899513971723718,0.482763960382584,0.696490837453357,1.93018030491165,2.11856276928826,2.11094358591614,0.816443071607523,0.70980956682031,1.0402604435765,0.639293453564572,0.699195424503564,0.722687293832372,0.0211279453013252,0.183808550637045,-0.202052401222625,0.942362881985458,1.00761007973263,1.0626810526394,1.12320754412548,0.949901389688047,0.274440947210204,0.276654106104222,1.66256518669359,1.83522106094835,0.701371666692583,0.748011467587287,0.826985568632108,1.11558678852972,0.710705582115871,0.672115777531138,0.695347893544428,-1.74979753299565,-1.26014493901102,0.245554407726366,-0.896359771109922,2.10015655890791,1.78626342137141,1.86448651045729,1.37169894679956,1.97120538552934,1.65897359196388,0.981330758652879,1.77662508586731,1.53689765232262,0.91632630736298,0.926975645338834,0.28247289894896,0.178309196164414,0.79293771156641,-1.01301503192073,0.978346321840743,0.223291972552788,0.62082469563287,1.17086195061925,-0.905730689961128,1.34928576001668
"Oman",0.462088814312301,0.200670261747089,-0.362023083435443,-1.42601546291336,-1.72887701215169,-1.44961682144785,-2.25826131922809,-1.59227016948274,0.472515992866348,0.391580269694107,0.584271603000821,-0.180379914589594,0.339495195864557,0.384814484098306,0.632239480123467,0.795754440831081,0.450510343104553,-1.16114467342252,0.639293453564572,0.699195424503564,-2.35824274829511,-1.76555416263293,0.407139589196015,-1.40309435984934,-1.74970907804293,-1.52804743812315,-2.03745518371995,-0.52255606268216,-1.93317423257438,0.274440947210204,0.276654106104222,-1.2281104481766,-0.746305525508661,-1.80832488824302,-2.42566336744895,-1.37819000048981,-1.62267169240272,-1.92093565909033,-1.74750102158096,-2.03989351691988,-2.40598754770235,0.286561136332382,-2.11917962055379,1.54601501806115,0.568191119340149,0.909381878798668,1.13897040611135,0.746283548559559,1.17323719114201,0.47732813661706,0.345048100214466,1.57942745629596,1.8944768247242,-1.74791212194871,0.80259953224972,-1.42238948221409,0.46894822895315,0.79293771156641,0.451718413838413,0.500597892358214,0.223291972552788,0.439042447245516,-0.813876528640759,-0.119498051237087,0.70727632902152
"Pakistan",-0.982402810207595,-1.28403160338012,-0.966638955069109,-2.01413904569092,0.759216077021937,-0.372092160784393,-1.04437509174081,1.10481110219084,-1.14274917648757,-1.18037427773064,-1.00970282629423,-0.704596686152145,-1.15077747170835,-1.02452798536485,-0.64277724573447,0.249522833307962,-1.62859832381981,-1.60142569661099,-0.76024086369841,-0.771839104971466,-0.817777727231369,-1.76555416263293,-1.86396527914041,-1.4252333819078,0.045005561975996,0.162390907114035,1.0626810526394,1.12320754412548,0.949901389688047,-0.503087916176271,0.276654106104222,-0.474021152057933,-1.06899634881579,0.701371666692583,-0.309880144091458,-0.275602215928849,1.11558678852972,-1.92093565909033,-0.53769262202491,-2.03989351691988,1.08737085472845,0.813873713977654,-0.0922647391708,0.657878731089851,-0.256090195307622,-0.160242914457774,-0.728337235407818,-1.44267034471758,-0.422699197153878,-0.363052992190539,-1.14018996833498,-0.9048128511108,-1.22317765363452,-1.18432322790435,-0.372120091701888,0.199248657201895,0.154336519715527,-1.70135178889492,-0.27576827452272,-0.892237463823776,0.223291972552788,-1.50167744309263,-0.087833373575526,-1.06700776519109,-0.485751193024869
"Panama",-0.442607123954384,0.449101839020724,0.847208659469119,0.542796158548252,0.567824300931658,0.37798017212221,0.735991375240531,0.71837839816707,0.0178278612257174,1.04088844714892,1.42269302661511,-0.110363669528952,-0.0832827591362768,-0.294820800900073,-0.960865683258979,-0.516427125689343,0.70980956682031,1.0402604435765,0.639293453564572,0.699195424503564,0.722687293832372,0.914468999268452,0.501625797608983,-0.226958801287461,0.942362881985458,1.00761007973263,0.287646993549562,0.300325740721658,-0.0111238177327628,0.274440947210204,-1.11050759879254,-0.222658053603074,0.544457767719842,0.701371666692583,0.748011467587287,0.826985568632108,0.29410924424999,0.710705582115871,0.672115777531138,0.695347893544428,0.34394170530739,0.491277286235035,0.583373554623531,-0.00822348413862298,-0.934188202696233,-0.634548776390171,0.507856715207271,0.746283548559559,-0.422699197153878,-1.05793722232951,0.781252488670115,0.076977405761108,-0.209997183676378,0.566218053760795,0.975891237309366,0.376239085740436,0.511078427662827,0.79293771156641,0.344595759470206,0.913906959795837,0.223291972552788,2.09366090046751,0.586620747536677,-0.963997408989708,0.0737174762770142
"Pap. New Guinea",-0.697083592257494,-0.0823114645731011,0.847208659469119,0.380426719589647,0.0912391860735289,0.56567890268093,0.169511135746468,-0.152319813609151,-0.717423394374222,-1.34858328573039,0.150418097960281,0.246489913151189,-0.648889895991431,-0.853122387534535,-0.535170955096184,-0.250881313527841,0.450510343104553,-0.280582626517247,0.639293453564572,0.699195424503564,0.722687293832372,0.23076531275139,0.197551999330259,0.511931067136614,-0.0429538275197584,0.0795421235181604,0.211677788021446,0.219666476635194,-0.105323963705689,0.274440947210204,0.276654106104222,1.0341574401794,0.759584983257926,0.000748045273706341,0.157355317874373,0.211374055732585,0.431022168296612,0.0527952718143218,-0.53769262202491,0.695347893544428,-0.461582144760385,0.0580127985280492,0.583373554623531,-0.674325699367097,-0.309899480143123,-0.0693599040402798,-0.861534991284955,0.433575849627182,-0.422699197153878,-2.15612628435723,-0.324990652710775,-1.25992101175837,-1.53093692995426,0.2161097933315,0.556558770245329,-0.535960526916393,-0.192400949495925,-1.70135178889492,-0.177191569035584,-0.603648509279923,0.223291972552788,0.92425018510703,-0.0928334845322908,1.17585648464041,-0.59374108785832
"Paraguay",-0.61271947669837,-0.165827409189452,0.242592787835453,0.43213952320325,0.1850407487511,0.427644948821,0.169511135746468,1.38914461797284,-0.896347507094616,0.744494462738892,0.22317100695126,-0.846452201293306,-0.576955614573361,-0.763025824933996,-0.450207279025564,-0.461659754296164,0.133634548222652,0.159698396671223,0.639293453564572,-0.771839104971466,0.722687293832372,0.0211279453013252,0.922518909006948,0.467653023019687,0.045005561975996,1.00761007973263,-0.487387065540274,0.300325740721658,-0.0111238177327628,0.274440947210204,0.276654106104222,-0.0969765039985994,-0.423614702201536,0.701371666692583,0.748011467587287,0.826985568632108,-1.62267169240272,0.710705582115871,0.672115777531138,0.695347893544428,0.770022697328597,0.634424348528014,0.583373554623531,0.879912802832676,-1.48790881144062,-1.25643605508856,-0.654568982341854,-1.44267034471758,-1.22066739154121,-0.15371678021094,0.634080340192997,-1.37730465089157,-0.547602806024678,0.91632630736298,0.406107911717061,0.18284328790088,0.114603588650738,0.79293771156641,0.398291068419848,-0.128824895150321,0.223291972552788,0.251860863322639,0.223310112848282,-1.60246054163392,-0.634404522249958
"Peru",-0.240104651590092,0.122092853720383,0.847208659469119,0.462597488492201,0.759216077021937,0.318933685201733,0.776454249490107,0.405126727105695,-0.292880019953722,1.04642286431808,1.02372369627105,0.458773023370278,0.502289956628566,-0.568121424097081,-0.782947393472301,-0.224729668506161,0.433971167710168,0.159698396671223,0.639293453564572,0.699195424503564,0.722687293832372,0.914468999268452,0.685444421754766,-0.547974624123949,0.942362881985458,0.162390907114035,1.0626810526394,0.300325740721658,0.949901389688047,-1.30150207003535,0.276654106104222,0.154386594456259,0.114203336643674,0.701371666692583,0.748011467587287,0.826985568632108,1.11558678852972,0.0527952718143218,0.672115777531138,0.695347893544428,0.499454945431683,1.02804413391369,-0.0922647391708,-0.452291627624273,-0.744270893014698,-1.0780174516856,-0.637006179540377,0.433575849627182,-0.422699197153878,0.506463653507052,0.773890135530823,-1.47955607425102,-1.2763215392047,0.91632630736298,1.19117973490709,0.570795764408029,0.172885674809394,0.79293771156641,1.38413042019528,-0.0392060693695883,0.223291972552788,1.46457125015872,0.706510219290343,0.405217309267001,-0.178480243902959
"Philippines",-1.02438899627107,-0.862948773310111,0.242592787835453,0.619488876348403,0.376432524841379,0.318372627932334,-0.235117606749291,1.64574665524378,-0.610929161802184,0.844661531362021,0.092446828552261,0.343332095799652,-1.39936226932497,-0.394550181997858,-1.07010759041049,-0.713001176197886,-1.05281513953949,0.159698396671223,0.639293453564572,0.699195424503564,-0.817777727231369,0.914468999268452,-0.202725939027887,0.42060760039826,0.045005561975996,0.162390907114035,0.287646993549562,1.12320754412548,-0.0111238177327628,-1.17949784824788,0.276654106104222,0.154386594456259,0.00663972887463215,0.701371666692583,0.748011467587287,0.826985568632108,1.11558678852972,-1.92093565909033,0.672115777531138,-0.672272811687727,0.990017037603766,0.753620920431291,1.25901184841786,0.213810587604202,-0.312159501138904,-0.646091103771206,-0.0576480948166771,-0.817254946477573,-0.821683294108153,-0.779983530273923,0.268162808009431,-0.807374995162554,-0.78386971906349,0.2161097933315,0.0083777674752078,0.467502366009996,0.389945205626298,0.79293771156641,0.224236489424411,-0.217532708598008,0.223291972552788,0.138016750633862,0.73177887259757,0.30525760885613,-0.394486341165393
"Poland",0.781906788480522,1.17439327559262,0.847208659469119,-0.649446916651847,0.759216077021937,0.574881166024236,0.735991375240531,-0.701605206257115,0.224844235930608,1.005907717633,0.758719082096531,0.553543251972395,0.714911828200735,0.743711874157769,0.816645877056888,0.793755002403133,0.449964019865523,1.0402604435765,0.639293453564572,0.699195424503564,0.722687293832372,-0.872213108665802,-0.164931455508086,-0.318282268025815,0.942362881985458,1.00761007973263,1.0626810526394,0.300325740721658,-0.0111238177327628,0.274440947210204,0.276654106104222,0.531431242515593,0.652021375488884,-0.553476610775219,0.748011467587287,0.826985568632108,0.29410924424999,0.710705582115871,0.672115777531138,0.695347893544428,-0.30466229802144,-0.941528318339159,0.583373554623531,-1.11839384285275,-0.581968173715193,-0.852124519429138,-0.256995615894168,1.37169894679956,0.77425309418773,-0.121896687375691,1.07442904666981,-0.225085242174664,0.477935420623992,-0.133998460270685,0.443874202728609,0.569580968708721,0.527257610733505,0.79293771156641,0.645763061190762,1.05931225935322,0.223291972552788,0.163013894191097,0.401170147405053,0.55846261876928,0.279638777836793
"Portugal",1.26179001114655,1.29487370570407,0.847208659469119,1.1725529312423,0.950607853112215,1.15646422453357,0.735991375240531,-0.672562497077094,1.15156518803305,0.793283635254254,1.15119337725827,0.163454360735756,1.54682437572552,1.07847318137948,0.968241085102562,0.798735942132963,0.70980956682031,1.0402604435765,0.639293453564572,0.699195424503564,0.722687293832372,0.914468999268452,0.857237528100721,1.1345910687575,0.942362881985458,1.00761007973263,1.0626810526394,1.12320754412548,-0.0111238177327628,0.274440947210204,0.276654106104222,1.41120208823873,1.40496662987218,0.701371666692583,0.748011467587287,0.826985568632108,0.29410924424999,0.710705582115871,0.672115777531138,0.695347893544428,-0.075817610852175,-1.37434898438317,1.25901184841786,-1.78449605808122,0.778522684964396,-0.783455890795448,0.373825610119437,1.37169894679956,1.17323719114201,0.645121039090251,0.0633782127791586,1.12645047233942,1.44496201574007,0.91632630736298,-0.609419783739665,0.552973369099585,0.527528193418175,0.79293771156641,0.645763061190762,1.45829697102416,0.223291972552788,0.695332856184203,0.121391352934006,-0.369449320389289,0.69206957759784
"Qatar",0.882103531023692,0.343669753317858,-1.57125482670277,-1.62870335902691,-1.72887701215169,-0.448410544094811,-2.25826131922809,0.0443807639769672,0.666163965812788,0.312988726673952,0.534327256121554,1.28255812414491,0.697626809423338,0.833368729781298,1.05523916546422,0.836135616420137,0.70980956682031,-1.16114467342252,-0.76024086369841,-0.771839104971466,-2.35824274829511,-1.76555416263293,0.183808550637045,-1.77115560530726,-2.64706639805239,-1.52804743812315,-2.03745518371995,-2.1683196694898,0.949901389688047,0.274440947210204,0.276654106104222,-0.725384250889836,-0.746305525508661,-0.553476610775219,-0.309880144091458,-0.275602215928849,-1.62267169240272,-1.92093565909033,-1.74750102158096,-2.03989351691988,-2.40598754770235,1.00564148056342,0.0894423228368165,1.54601501806115,1.088690686981,2.02083114329607,1.28674830319367,0.120868150694806,1.17323719114201,0.357130480868996,1.29973331844951,1.6305215413174,2.02624513852802,-1.70948561172118,1.04591061514494,-1.61027290095655,0.258356573712802,0.79293771156641,0.784175311210242,0.740425719778751,0.223291972552788,-0.134706693500684,1.17086195061925,0.068166307748457,1.74723893818418
"Romania",0.748562024952914,1.23749419521871,0.847208659469119,0.256622760770599,1.14199962920249,0.810459113673093,0.735991375240531,0.285902631450095,0.538955160890415,0.786569457254684,1.20629616456581,0.738539385135317,0.819144178712372,0.777496730076906,0.560928693495585,0.709511629983639,0.70980956682031,1.0402604435765,0.639293453564572,0.699195424503564,0.722687293832372,0.914468999268452,-0.336724561854041,-0.409605735262296,0.942362881985458,1.00761007973263,1.0626810526394,1.12320754412548,0.949901389688047,0.274440947210204,0.276654106104222,0.782794341347496,0.4368941599508,0.701371666692583,0.748011467587287,0.826985568632108,0.29410924424999,0.710705582115871,0.672115777531138,0.695347893544428,0.306011646268676,-0.252766067991901,0.245554407726366,0.213810587604202,-0.0561273872120838,-0.78610386068202,0.0630558820925372,0.746283548559559,-0.0237151001996023,0.476012826888579,1.05041032989892,0.0262794942852687,0.715452010555538,0.91632630736298,-0.357203514492437,0.484277164801203,0.417086547724616,0.79293771156641,0.645763061190762,1.08856814448217,0.223291972552788,1.20694201367243,1.03201006320703,0.725163979071069,-0.2367418135961
"Russia",-0.681918432802485,-0.378765716669528,-1.57125482670277,-1.68457948216463,-0.771918131700293,-0.953892451785362,0.735991375240531,0.186953873017699,-0.164485141071586,0.616298908713861,-0.152233983711731,-0.467904351143042,-0.98392968247033,0.024425446488963,-0.921179995055497,-0.683353441182253,-0.886608765968429,1.0402604435765,-2.15977518096139,-2.2428736344465,0.722687293832372,-0.872213108665802,-1.86052941658057,-1.84034004998715,-0.852351758033466,-0.682828265504558,-1.26242112463011,-0.52255606268216,-0.0111238177327628,0.274440947210204,0.199116590626522,-1.2281104481766,-1.49925077989195,-1.80832488824302,-0.309880144091458,-0.275602215928849,0.29410924424999,0.710705582115871,0.672115777531138,0.695347893544428,-0.634653808434194,-1.12630735847935,1.25901184841786,0.435844659347027,-0.34459729405437,-0.191952571706931,-0.736994568051277,0.120868150694806,-0.422699197153878,1.70718292253715,1.31932671388409,-0.492722833941178,0.175951021627121,-0.834214967475054,0.0276288551296502,0.338868072758844,-0.237023357143359,0.79293771156641,-0.434495928560784,-0.0472137384282143,0.223291972552788,-0.212095176222659,-0.204968707355281,-0.629149580849006,-0.226947937868148
"Rwanda",0.107035678322316,0.325462434525051,-0.362023083435443,-0.830222608355791,-1.92026878824197,-0.882757384782519,0.709016125848715,-0.625975212650393,1.27284122562118,0.789609204929091,-0.002682675941219,1.11404688622099,0.0367540122060517,0.00563588569504302,0.274663045709598,0.524525480411216,-0.183023716391686,0.159698396671223,0.639293453564572,-0.771839104971466,-0.817777727231369,-1.76555416263293,0.238782344636828,0.210286888850345,-1.74970907804293,-1.52804743812315,-2.03745518371995,-1.34543786608598,-1.93317423257438,0.274440947210204,0.276654106104222,-0.97674734972174,-1.49925077989195,-0.553476610775219,-1.3677717557702,-0.275602215928849,0.887398581876627,0.0527952718143218,0.672115777531138,0.695347893544428,0.563936045152685,0.930518811318946,-2.11917962055379,-0.00822348413862298,1.30236628326384,1.86152774207849,1.1629230982144,-0.0917730847893504,0.613846078541718,-0.378172896761305,1.40651139103141,1.5546017745475,1.59378843983402,0.583296501992241,0.59657076807848,0.380707150568814,-0.0798124438174141,0.79293771156641,-0.343654982863081,-0.225942187974922,0.223291972552788,0.273365225786449,-0.314976775588498,1.56353539492774,1.48784190753464
"Saudi Arabia",0.49451599996477,-0.441712637536368,-2.78048656960734,-2.50190472924332,-1.92026878824197,-1.17949588245529,-2.25826131922809,-0.925672402222873,-0.0185586922028527,0.557009682514135,-0.947189531532909,0.11960941948942,0.367144703986123,0.419445060650127,0.664897119919706,0.673567023881985,-0.366520228580713,-1.60142569661099,-2.15977518096139,-2.2428736344465,-2.35824274829511,-2.65889521660006,-0.95002595263778,-2.00084796140539,-1.74970907804293,-1.52804743812315,-2.03745518371995,-2.1683196694898,-0.972149025153572,0.274440947210204,-0.763629012732653,-1.73083664584041,-1.28412356435387,-0.553476610775219,-0.309880144091458,-1.37819000048981,-1.62267169240272,-1.92093565909033,-1.74750102158096,-2.03989351691988,-2.10507574900434,-1.067613639515,-0.311847184653958,1.54601501806115,1.0037585722371,0.981516419429396,0.73788168444465,0.746283548559559,1.17323719114201,0.0982298328592963,1.48806346122031,1.27364656723496,1.0068957196701,-3.08003134343167,0.99923905862557,-0.785209663697252,0.181454126490629,0.79293771156641,0.0815225788990951,-1.00644514632586,0.223291972552788,-1.45782282857036,-0.616357859636954,0.389721203429359,0.647108720445727
"Senegal",-0.260617673936723,-0.163139600200286,-0.362023083435443,0.933929018145765,1.14199962920249,0.34666502929738,-1.44900383423657,0.283367962062541,-0.627611559194599,-0.74691775796234,-0.299308677724589,-0.838624204607339,-0.594062507641838,0.246013239800503,-0.317742602557031,-0.18245486004725,0.191211119388795,-0.298193867275718,0.639293453564572,-0.771839104971466,-0.817777727231369,0.914468999268452,0.922518909006948,0.48979204507815,0.942362881985458,1.00761007973263,1.0626810526394,1.12320754412548,0.949901389688047,0.274440947210204,0.276654106104222,-0.348339602830503,0.544457767719842,0.701371666692583,-0.309880144091458,0.826985568632108,-0.938107072169609,-1.26302534878878,-1.74750102158096,-0.672272811687727,0.427387834332812,1.06268855769591,-0.0922647391708,-0.674325699367097,-0.197475810823088,0.596303358745946,-0.0506674937443632,-0.817254946477573,-0.422699197153878,-0.994404950289107,-0.654175511936955,0.546861361518873,-0.126804555477386,-1.24836742071971,0.670999767036946,0.569159234224729,0.500551811816212,-1.70135178889492,-0.0795185736293939,-0.155107126286526,0.223291972552788,-0.676174223380393,0.639624513497967,-2.04899691450906,-0.631962587933798
"Serbia",-0.433933433328224,0.911792821687127,0.847208659469119,0.489111256088146,0.376432524841379,0.52334849018862,0.735991375240531,-0.0613953901876049,-0.175216103764882,-0.0681054144268875,0.494586778959241,0.134178313700679,-0.250298953563782,-0.23764426579776,-0.791311124916105,0.688333282946729,0.450510343104553,0.599979420388029,0.639293453564572,0.699195424503564,0.722687293832372,0.914468999268452,0.398549933956024,-0.296143245967351,0.045005561975996,0.162390907114035,0.287646993549562,0.300325740721658,0.949901389688047,0.274440947210204,0.276654106104222,0.02870504522883,-0.10092387889441,0.701371666692583,0.748011467587287,0.826985568632108,0.29410924424999,0.710705582115871,0.672115777531138,0.695347893544428,0.364171069698163,-1.87515168119809,0.583373554623531,0.435844659347027,-0.899360447829667,-0.977138916701965,-0.975614233831249,0.120868150694806,-0.0237151001996023,-0.725386900344976,0.719776727806999,-0.380174469244464,-0.0129165953660171,0.91632630736298,-0.0797915123704909,0.396307608909427,0.466456020015395,-0.454207038664254,0.68552630881903,0.775793967806324,0.223291972552788,-0.204691537217924,-0.0589827485273576,0.377907317201464,-0.0115707872270544
"Seychelles",0.169953030493359,-0.434313713171649,-0.0597151477999953,0.411322928540818,0.136245160885821,-0.01406370278871,0.978768620737987,-0.127955989268594,0.297595487627397,0.543487142156437,0.628448695859584,0.36200068297172,0.0904014011125337,0.0728284013869299,0.338027540123521,-0.962977693843504,0.70980956682031,-0.305613069745633,0.639293453564572,-0.771839104971466,-0.0475452166994983,0.249426214688184,1.17161891328589,-0.0636835118628443,-0.000750926468333787,0.119292956673913,0.248127800717511,0.258366778679538,-0.0601267486918552,0.274440947210204,0.276654106104222,-0.0969765039985994,0.4368941599508,-0.469820058776719,-0.239354036505156,-0.202096363477773,1.11558678852972,0.710705582115871,0.672115777531138,0.695347893544428,-2.40598754770235,-0.115807941991148,0.583373554623531,1.54601501806115,0.0593353387072776,0.162902871804549,0.104929369892708,0.696250316835448,-0.101679248413803,-0.160543873468838,-0.2383284367183,0.12823606766878,-0.0293023490168132,0.741272177148332,-0.785822598844553,-0.045550956650557,0.479095079628298,0.79293771156641,0.580117554436747,-0.0638768716337684,-0.439226446462928,1.53908722947306,-0.143900760162598,0.716475310597095,0.297205668891484
"Sierra Leone",-0.724894062872238,-0.00182706341166957,0.242592787835453,0.597357548924425,0.0107437615007532,-0.27172708320357,0.43926363063574,0.436167753742634,-0.796729142502133,-0.929687588779538,-0.814409718626544,-2.23103072264638,-0.719033513973075,-0.744845660768882,-0.638454726034137,0.641871487174754,0.445835878208862,-1.39009080539599,0.639293453564572,0.699195424503564,-0.817777727231369,0.361788667095011,0.300627862983218,0.810807867914639,-0.11843581524485,0.00844578119163185,0.146485127271623,0.150449061455393,-0.18616143089131,0.274440947210204,0.276654106104222,-0.348339602830503,0.00663972887463215,-0.678961438522,-0.415669305259332,-0.385860994384945,0.659210374949707,0.710705582115871,-0.53769262202491,0.695347893544428,1.27828548328887,1.19351024729725,-0.767903032965131,-0.452291627624273,-0.82199865206253,-0.602602956029672,-0.758903624135904,-0.817254946477573,-0.0237151001996023,-0.0827574924779459,-1.24197737020602,-0.775337092015133,-0.64342742971049,-0.133998460270685,-0.710538869049633,-0.762624245057785,-0.69194642957662,-0.454207038664254,0.36351630066613,-0.911526692702014,0.223291972552788,-1.4128902446141,-2.9925532999708,-0.89106727467301,-0.935436992661256
"Singapore",1.57923972709176,0.934298364702059,0.242592787835453,-0.786179075930574,-1.34609345997113,-0.962275822978315,0.331362632744772,1.17258165589945,1.9659539401114,1.08735564248799,1.92641870921736,1.90788887338265,0.893433292687352,1.87117374603393,1.95155799149432,0.844649728406992,0.70980956682031,0.159698396671223,0.639293453564572,-0.771839104971466,0.722687293832372,-0.872213108665802,0.158039584917073,-0.871757824966809,-0.852351758033466,-1.52804743812315,-1.26242112463011,-1.34543786608598,-0.972149025153572,0.274440947210204,-1.71931270723675,-1.10242889894917,-0.208487486663452,-0.553476610775219,-0.309880144091458,-1.37819000048981,0.29410924424999,0.710705582115871,-0.53769262202491,0.695347893544428,-0.332477674219956,0.636337092547979,0.583373554623531,1.54601501806115,1.38767489347266,2.11268900887507,2.05595820965642,0.746283548559559,1.17323719114201,2.18994019270709,0.886059357231433,1.81982266846441,1.63489538032476,0.741272177148332,1.01503729602492,0.465957300796197,0.539976183679184,0.79293771156641,2.05598470959687,1.42024694791532,0.223291972552788,1.71300187796341,1.17086195061925,0.943342896729785,2.36002123841584
"Slovak Rep.",0.71624477629721,0.90507120003545,0.847208659469119,0.168097452849576,1.14199962920249,0.994504385486334,0.735991375240531,-0.729821058598623,0.243740596762101,0.877666364017655,1.07113876058419,0.543384904827345,0.556204947070213,0.656240058674807,0.888201682564494,0.738823872882765,-0.0684903298013886,1.0402604435765,0.639293453564572,0.699195424503564,0.722687293832372,0.0211279453013252,0.140860274437091,0.304377733595071,0.942362881985458,1.00761007973263,1.0626810526394,1.12320754412548,0.949901389688047,0.274440947210204,0.276654106104222,0.908475890574926,1.18983941433409,0.701371666692583,0.748011467587287,0.826985568632108,0.29410924424999,0.710705582115871,0.672115777531138,0.695347893544428,-0.664997855235291,-1.33052529574862,0.583373554623531,-0.452291627624273,-0.931739066004978,-1.45402610220608,-0.188428846185402,1.37169894679956,0.375268997233455,-0.764100462100446,1.31908525664046,-0.672095432894924,0.426388503070516,0.91632630736298,-0.307926084014279,0.618536976710148,0.537899342897721,0.79293771156641,0.645763061190762,1.01323699631419,0.223291972552788,0.959935534478251,0.902226064628921,0.440285623338554,-0.249191875645469
"Slovenia",0.823448629091301,1.19228866463712,0.847208659469119,0.920781695263348,1.14199962920249,1.07548430500995,0.735991375240531,-1.39378160649659,0.654613936104947,0.913165217010681,0.733822019171395,-0.166221716702078,1.29802862166576,0.383445740141729,0.593162283194097,0.821198654834237,0.450510343104553,1.0402604435765,0.639293453564572,0.699195424503564,0.722687293832372,0.914468999268452,0.621880972514992,0.650299956496394,0.942362881985458,1.00761007973263,1.0626810526394,1.12320754412548,0.949901389688047,0.274440947210204,0.276654106104222,1.15983898940683,1.29740302210314,0.701371666692583,0.748011467587287,0.826985568632108,0.29410924424999,0.710705582115871,0.672115777531138,0.695347893544428,-0.634653808434194,-1.24436475525913,0.583373554623531,-2.00653012982405,-0.184081301445199,-0.702074658585738,0.0579500413464883,1.05899124786718,0.77425309418773,-0.053333163787997,0.55546530240315,0.75922303711451,1.24283212814561,0.566218053760795,-0.352044242329621,0.700903303322648,0.592894086790861,0.79293771156641,0.645763061190762,1.08474460065077,0.223291972552788,0.077177084757596,-0.200953761902714,-0.214646196561133,0.0724198645935594
"South Africa",0.38050955087806,-1.42300122083785,0.847208659469119,1.13661691485095,1.14199962920249,0.751564626915477,0.735991375240531,-0.359070924013686,-0.018699825729766,-0.114902760318689,-0.204026489284415,0.147558277284218,0.353877145834257,0.519863091437767,0.241420682768427,-2.74830139543821,0.174176162841469,0.599979420388029,0.639293453564572,0.699195424503564,0.722687293832372,0.914468999268452,-0.0738811088818859,1.64378858158157,0.942362881985458,1.00761007973263,1.0626810526394,1.12320754412548,0.949901389688047,0.274440947210204,0.276654106104222,0.908475890574926,0.00663972887463215,0.701371666692583,0.748011467587287,0.826985568632108,0.29410924424999,0.710705582115871,0.672115777531138,0.695347893544428,-0.606838431805804,0.216141986489091,0.583373554623531,-1.11839384285275,0.773448995340454,0.823895264221857,0.195561547068183,0.746283548559559,-1.22066739154121,-0.2512308538081,-0.243236672541873,-0.995651979956764,-1.80023301195326,0.91632630736298,0.270750894837112,0.606745024837489,-0.151137090083658,-0.454207038664254,-0.0283324297971758,-0.575779416980841,0.223291972552788,-0.0478764990170092,0.623145692488662,0.101308468651611,-0.528351827654439
"Spain",1.16753279877676,1.09924620653471,0.847208659469119,0.32718006138339,0.950607853112215,0.942971709032328,0.735991375240531,-0.378912681402245,1.03694014343546,0.892142475020776,0.874605405197507,0.398482000546108,1.50366280518286,0.866329229073021,0.934497139617439,0.799092380987501,0.708024548371258,0.599979420388029,0.639293453564572,0.699195424503564,0.722687293832372,0.914468999268452,-0.489620426826629,-0.132867956542735,0.942362881985458,0.162390907114035,1.0626810526394,1.12320754412548,0.949901389688047,0.274440947210204,0.276654106104222,1.15983898940683,0.652021375488884,0.701371666692583,0.748011467587287,0.826985568632108,0.29410924424999,0.710705582115871,0.672115777531138,0.695347893544428,-0.463968544264542,-1.45151816719554,1.25901184841786,-0.674325699367097,0.171404625619079,-0.178082338109306,0.332224832532629,0.746283548559559,1.17323719114201,0.827348948683792,0.168948999738953,1.55600166685018,0.959609428145001,0.91632630736298,-0.392242609339794,0.677278799578519,0.575638506812306,0.79293771156641,0.645763061190762,1.11962997968447,0.223291972552788,0.379185756315301,0.72607478246542,-0.151428083378853,0.279492974142632
"Sri Lanka",-0.361002771563426,0.256604993754648,-0.362023083435443,-0.335664140939443,-0.580526355610015,-0.286450705047572,-1.69178107973403,1.4515692269343,-0.187663269174328,-1.25088563387983,-0.95529649295414,-0.128145798720185,-0.507150098683696,-0.518149297088767,-0.00306545744828539,0.520143442978521,-0.329344026433399,0.159698396671223,-0.76024086369841,-0.771839104971466,0.722687293832372,0.0211279453013252,-0.721541120625589,-0.41237311277054,-0.852351758033466,-0.682828265504558,-0.487387065540274,-0.52255606268216,-0.0111238177327628,0.274440947210204,0.276654106104222,-0.222658053603074,-0.531178309970577,-0.553476610775219,-0.309880144091458,-0.275602215928849,0.29410924424999,-1.92093565909033,-1.74750102158096,-2.03989351691988,1.22771207166713,0.751644598956524,0.245554407726366,0.879912802832676,-0.0234360435520873,-0.265561515876255,-0.179550357433901,-0.504547247545197,-0.0237151001996023,-0.454380633697903,-0.068827771579672,-0.211614946914805,0.14084044943761,0.2161097933315,-0.506623953582946,0.0928280755560441,0.126447514935882,-1.70135178889492,-1.26898190075386,0.0191971349597854,0.223291972552788,-1.68554384252211,-0.420051021886065,0.0363039158770097,0.161953161734858
"Sudan",-1.1918509447119,-1.77131471134537,-0.966638955069109,-0.564208439155612,-1.34609345997113,-1.236124306565,-2.25826131922809,2.41527937368228,-1.45453338728107,-1.94078471046052,-3.509659395793,-1.04329248537071,-1.07076042390547,-1.38150862672732,-1.03345452964269,0.139439568929198,-1.89450254130709,-2.27065285230127,0.639293453564572,-0.771839104971466,-2.35824274829511,0.0211279453013252,-0.152905937708257,-1.35604893772604,-1.74970907804293,-1.52804743812315,-1.26242112463011,-1.34543786608598,-0.0111238177327628,0.274440947210204,0.276654106104222,-1.35379199778107,-1.71437799543004,0.701371666692583,-3.48355497912769,-0.275602215928849,-1.62267169240272,-1.92093565909033,-1.74750102158096,-2.03989351691988,1.81689231648012,0.921774929031737,1.25901184841786,0.879912802832676,-0.9286007136654,-0.4671217003837,-1.54636606348918,-2.38079344188996,-0.821683294108153,-0.335257622723579,0.871615654864055,-1.30167200507726,-1.56538174173333,-2.74700153806093,-1.20818196690663,-2.7551436177285,-1.50693749776432,-0.454207038664254,-0.325472333854722,-2.42590862376186,-6.58026255794076,-0.811378784283422,-0.969119956539721,-1.21374735004266,-0.0707670728226259
"Suriname",-0.108567953208133,-0.597388587594684,0.847208659469119,1.20837938612647,0.295497936527022,0.514146226226924,0.978768620737987,0.510520258756161,0.00129800098886621,-1.60854622789875,0.158074122542834,-0.727670669518418,-0.315671513732291,-0.168391137127112,0.20362798049402,-0.323894923204087,0.70980956682031,-1.60142569661099,0.639293453564572,0.699195424503564,0.722687293832372,0.73083778257995,0.999825806939934,1.3891898254186,0.148583226620927,0.259950514709404,0.377105469087445,0.39530705259693,0.0998027267216895,0.274440947210204,0.276654106104222,0.908475890574926,0.759584983257926,-0.0410802309765127,0.122092263869644,0.17462112928653,1.11558678852972,0.710705582115871,0.672115777531138,0.695347893544428,-0.32109865672328,0.505342258235972,1.25901184841786,-0.674325699367097,-0.328055379689867,0.726163688646561,0.0172621906590503,-0.504547247545197,-0.422699197153878,-1.02220031910256,-1.69753369685262,1.20528686071412,0.870009547329322,0.741272177148332,0.793022730661419,-2.16373878280438,-5.33421962091878,0.79293771156641,0.00579166663319605,0.437295138387874,0.223291972552788,-0.239907643875633,-1.24698667450856,0.799002479266742,-1.21047889416279
"Swaziland",-0.275351449616399,-0.966760635675341,-0.362023083435443,0.303843562705051,-0.381353103982216,-1.07048356205676,-0.680209223494627,-0.829819827735556,-0.558204145726441,-0.366467623186883,-0.00227262811297793,0.690676746244358,-0.289293894412658,-0.402734018755936,-0.110441638390255,-1.62618703250515,0.450510343104553,-0.280582626517247,0.639293453564572,-0.771839104971466,-0.817777727231369,0.184510097980794,0.714649250034577,0.0497789774321007,-0.486112002363717,-0.337867728197126,-0.171071281284117,-0.186712108547458,-0.579924401461244,0.274440947210204,0.276654106104222,-1.35379199778107,-1.06899634881579,-1.32729971538101,-0.962246638101069,-0.955531349888451,0.29410924424999,-1.26302534878878,-0.53769262202491,-0.672272811687727,-0.259146227604858,1.13291652197749,-2.11917962055379,0.213810587604202,-0.301992972246109,-0.301387618573941,-0.535558841678018,-0.467022323658302,-0.729568495818876,-1.77664605570895,-0.12273926872743,0.916403575716008,0.902366859409558,-1.18432322790435,-0.559269684989983,0.504796313719079,-0.330813486834227,-0.454207038664254,-2.27054581005242,1.02050131058623,0.223291972552788,0.199798541101314,0.366227171620757,1.01751248980696,0.151972048268429
"Sweden",2.10418021773327,1.25256407982052,0.847208659469119,0.852634737750909,1.14199962920249,1.2595295762048,0.574139878242228,-2.33793908392172,1.6979231299606,0.787349204745246,1.00011405958403,1.17897345684597,2.25106279859504,1.84711321111148,1.95672544518758,0.734412215498817,0.70771909440432,1.0402604435765,0.639293453564572,0.699195424503564,0.722687293832372,0.914468999268452,-0.00172800440212255,0.879992312594529,0.942362881985458,1.00761007973263,1.0626810526394,1.12320754412548,0.949901389688047,0.274440947210204,0.276654106104222,1.66256518669359,1.62009384541026,0.701371666692583,0.748011467587287,0.826985568632108,1.11558678852972,0.710705582115871,0.672115777531138,-0.672272811687727,-2.04438765497227,-1.41225986031191,0.583373554623531,-2.4505982733097,1.74613352639981,1.68281186079005,1.6588796722857,1.05899124786718,1.97120538552934,0.436184823977516,0.583588789335499,0.817971717051442,0.802074512382162,0.91632630736298,-0.791360442325969,0.682322470915437,0.482809657711714,0.79293771156641,0.645763061190762,1.27497885068491,0.223291972552788,0.520931370094453,1.10498477563658,0.357537546357011,1.2311864121801
"Switzerland",1.92617079108478,1.1091453226709,0.847208659469119,0.440685283490963,1.14199962920249,1.22272052221319,0.735991375240531,0.769284317142741,2.14229600766773,1.20219843549644,0.524429169586931,1.41703435416586,1.58786583589655,1.94837918928577,2.10672642271641,0.813232604755848,0.70980956682031,0.599979420388029,0.639293453564572,0.699195424503564,0.722687293832372,0.914468999268452,-0.508517668199996,0.16600884423529,0.942362881985458,1.00761007973263,1.0626810526394,1.12320754412548,0.949901389688047,0.274440947210204,0.276654106104222,1.41120208823873,1.7276574531793,0.701371666692583,0.748011467587287,0.826985568632108,0.29410924424999,0.710705582115871,0.672115777531138,0.695347893544428,0.345206040393744,-0.604562037403442,1.25901184841786,0.213810587604202,2.06217876576771,2.35681149949696,2.24219542201942,1.37169894679956,1.17323719114201,0.55733679038819,1.26593767789118,1.83405160232666,1.37381744274754,0.91632630736298,1.20595112397863,0.689384419571618,0.54810553188091,0.79293771156641,-1.02205213354351,1.1534209338154,0.223291972552788,0.546798005447632,0.717649144697434,1.07178993950588,1.52048466344558
"Syria",-1.91717012811398,-2.16769060202749,-2.78048656960734,-1.79742733759562,-1.72441614679933,-3.66743079699138,-2.25826131922809,-0.234261405436609,-1.15501161812194,-2.2351221307254,-1.78457192593955,-1.52682222954398,-1.68921429983339,-2.15611243522645,-1.76392842530266,0.57062592457028,-4.47617490749484,-1.16114467342252,-2.15977518096139,-2.2428736344465,-2.35824274829511,-1.08462975911695,-2.27283287273854,-1.56360227126758,-1.74552604545993,-1.52410744759764,-1.25880830212361,-1.3416020012428,-1.92869441203235,-4.7329350230232,-1.84873194536594,-1.73083664584041,-1.92950521096812,-3.43520161034736,-2.73929950813128,-2.8076651274737,-1.62267169240272,-1.92093565909033,-1.74750102158096,-2.03989351691988,0.525603066505137,0.69121493495084,-1.44354132675946,0.213810587604202,-0.871325191773707,-0.66600259855541,0.193648241355805,-1.1299626457852,0.77425309418773,-0.712480490700022,-2.01610445367035,0.178939904277792,0.292939508578725,-2.74700153806093,0.802661666833329,-4.57395678294053,-4.74083654050078,0.79293771156641,-1.82237786126085,-0.882762174142455,-0.739268797181295,-1.6846292267175,-1.73120145367434,-0.386267144206231,-1.30017631402698
"Taiwan",1.15044790773768,1.16084234255805,0.847208659469119,1.13223447349572,1.14199962920249,0.987142574564333,0.978768620737987,0.590083571989321,1.01672752912648,1.055402680222,0.603031140282784,0.988842000457748,0.926434517340013,1.119946805956,1.32549061713174,0.772300077406278,0.450510343104553,1.0402604435765,0.639293453564572,0.699195424503564,0.722687293832372,0.914468999268452,0.69918787044798,1.1345910687575,0.942362881985458,1.00761007973263,1.0626810526394,1.12320754412548,0.949901389688047,0.274440947210204,0.276654106104222,0.782794341347496,1.29740302210314,0.701371666692583,0.748011467587287,0.826985568632108,1.11558678852972,0.710705582115871,0.672115777531138,0.695347893544428,-0.0163938523363348,0.836436355215159,0.583373554623531,-0.230257555881448,0.405364255921836,0.210558570093144,1.28076506838248,0.120868150694806,1.17323719114201,0.783670511696859,0.245109920213082,1.0083987068264,0.833545749887951,0.91632630736298,0.814028104014952,0.584455084412273,0.433463920744154,0.79293771156641,0.194598673354482,0.883687019249629,0.223291972552788,0.251675782490204,0.566859612216567,0.509948450025645,1.24998453889547
"Tajikistan",-1.1098037188665,0.226439809707047,0.242592787835453,-1.82700881437687,-1.92026878824197,-2.11217979886242,0.43926363063574,0.0348184896680589,-0.0584138646813671,0.421511843984481,-0.555893619597931,-0.240047833426413,-1.00080167195959,-1.29388638389827,-0.950824209001967,0.65662256429476,-0.590644585345404,0.159698396671223,-0.76024086369841,0.699195424503564,0.722687293832372,-2.65889521660006,0.0120154442910912,-0.916035869581864,-1.74970907804293,-1.52804743812315,-2.03745518371995,-1.34543786608598,-1.93317423257438,0.274440947210204,0.276654106104222,-1.60515509623593,-1.39168717212291,-3.06317316571082,-2.42566336744895,-2.48077778505076,0.659210374949707,0.710705582115871,0.672115777531138,-0.672272811687727,1.26565431634407,0.738118796565898,-2.11917962055379,0.879912802832676,0.399084861569388,0.809360403146422,0.133823604382454,-0.879796486414149,-0.362878757712839,0.891781576205517,0.492018338115518,0.387370404711431,0.503225416339104,-1.0092690976897,-0.353083579079128,-0.130807248341495,-0.112923219704738,0.79293771156641,0.838217179906787,-0.731460476743292,0.223291972552788,-1.27408818945661,-0.0284302400637009,-0.459106823733492,-0.0576929589387877
"Tanzania",-0.529300952349169,-0.507007190892429,0.242592787835453,-0.589188352750532,-0.771918131700293,-0.117129055078333,-0.639746349245051,0.678799465124122,0.290641222718996,-0.0150706404301263,-0.688094506155595,0.187090223327009,-0.764189489935027,-0.150519726378045,-0.554636843584394,-0.120859009287368,0.447897390013153,-1.42531328744127,0.639293453564572,0.699195424503564,-0.817777727231369,-0.872213108665802,-0.0360866253620858,-0.249097823345924,0.045005561975996,-0.682828265504558,-1.26242112463011,-0.52255606268216,-0.972149025153572,0.274440947210204,0.276654106104222,-0.725384250889836,-0.208487486663452,0.701371666692583,0.748011467587287,-1.37819000048981,-1.62267169240272,-0.605115038487228,-0.53769262202491,0.695347893544428,0.330034016778258,1.14213413840852,0.245554407726366,-0.230257555881448,-0.0817786847679753,0.33852335090575,-0.2384971195706,0.120868150694806,1.17323719114201,0.917875799837078,-0.268664584914868,0.0168181259665326,-0.293407310728188,0.362776768771256,1.20810166458689,0.231014209829829,-0.0139825248758418,-0.454207038664254,-0.362885934947199,-1.48958621224393,0.223291972552788,-0.0625712308670877,0.79083584552218,0.0997670235790422,-0.637933476031077
"Thailand",-0.503408316457752,0.415628672952795,0.242592787835453,-0.11106403923302,-0.963309907790572,-0.328726473320861,-0.842060720492931,0.129932734228568,-0.308706104351112,0.282435298284602,0.0765312374219305,0.0813119275646291,-0.886928913831936,0.0357110231942863,-0.50705679061728,0.419705328545294,0.166108399917158,0.159698396671223,0.639293453564572,-0.771839104971466,0.722687293832372,0.914468999268452,-0.738720431105571,-1.07931115900648,-1.74970907804293,-2.37326661074174,-1.26242112463011,0.300325740721658,0.949901389688047,0.274440947210204,0.195392273145144,-1.4794735470085,-1.39168717212291,0.701371666692583,0.748011467587287,-0.275602215928849,-1.62267169240272,0.0527952718143218,0.672115777531138,-2.03989351691988,-0.53729999087964,0.8159385008304,-0.0922647391708,0.213810587604202,0.104792103138449,0.150696180794363,-0.231968466151493,-1.1299626457852,-0.821683294108153,1.28251832749061,-0.00421306893357022,-0.253526056553524,-0.255762396241894,-0.133998460270685,1.12773802861437,0.634083852410342,0.57726437645265,-0.454207038664254,-0.417289287350785,0.48024698924696,0.223291972552788,-0.215180814768045,0.732607713472838,-1.21030308068717,0.666121892078286
"Timor-Leste",-1.13168609442311,-0.653693071385758,-0.966638955069109,0.699249302742235,-0.317764728993936,0.436847212164305,-0.100241359142804,-0.297452526826306,-1.09168177490572,0.305366401150951,0.0196992157666138,0.37416626461714,-1.01945999547726,-1.31725564233377,-0.972862098644085,0.316476312403114,-1.62388344662151,-0.280582626517247,-0.76024086369841,0.699195424503564,-2.35824274829511,0.423329939979564,0.669983042168169,0.74439080124112,-0.426484054989088,-0.281704276669927,-0.119571517412501,-0.132032939196741,-0.516065825600766,0.274440947210204,0.276654106104222,0.531431242515593,0.97471219879601,-0.103822644849903,0.0691976832857072,0.119491740058482,0.202833961643517,-0.605115038487228,0.672115777531138,-0.672272811687727,-2.40598754770235,-0.0332554161049435,0.245554407726366,1.54601501806115,-0.51188771295158,-0.655044343270253,-1.53916790633561,-0.241872780336931,-1.12097421047209,-2.81656154378991,-2.34470450371948,-0.649252407791631,-0.525233333934529,0.91632630736298,-1.02966680796747,-0.591315761542623,0.454754505669551,0.79293771156641,1.694500641432,-0.568013599593579,-1.7895833875922,0.9082125050855,0.842171272923785,0.22930513224567,-0.368188050418437
"Togo",-0.628047590223918,-0.0265413525584157,-0.362023083435443,0.848252296395683,0.376432524841379,0.479177624656615,-0.639746349245051,0.193023560342035,-1.00418450959888,-0.869277655028729,-1.35523766214479,-0.717916772184223,-0.59002535192137,-0.779395466583766,-0.465644326681752,-0.418932956416468,0.450510343104553,0.0892534331090013,-2.15977518096139,0.699195424503564,0.722687293832372,0.914468999268452,0.943134081273698,0.260099688980016,0.045005561975996,-0.682828265504558,1.0626810526394,0.300325740721658,0.949901389688047,0.274440947210204,0.276654106104222,-0.348339602830503,0.114203336643674,0.701371666692583,0.748011467587287,0.826985568632108,-0.253542451936499,-0.605115038487228,-0.53769262202491,-0.672272811687727,0.788987726633016,0.438471061224112,-0.767903032965131,0.213810587604202,-0.596009546869123,-0.135653536764183,-1.12796889079534,-0.817254946477573,-0.422699197153878,-0.26744173223603,-3.25837316961425,-0.957302826949075,-1.15479504608374,0.416781599306871,0.690735960635771,0.194414051475682,0.498213882479365,-1.70135178889492,-0.245801244790031,-1.24911998557336,0.223291972552788,-1.98330091845246,-0.464532699744287,-1.61083434274895,0.583690573164113
"Trinidad and Tobago",-0.230586564883515,-1.49333319302216,0.847208659469119,0.693661690132649,-0.0368028415293321,0.642977916743549,-0.100241359142804,-0.72535947814943,-0.438485082264953,0.578869931253535,0.69745046932309,-0.389368095619505,-0.413731384584897,0.410665332483491,-0.595275049983965,-2.74830139543821,0.450510343104553,0.159698396671223,0.639293453564572,0.699195424503564,0.722687293832372,0.41995509579939,0.298909932089833,0.974083157339255,-0.163021108450453,-0.0335490226550676,0.107977478202148,0.109564092156956,-0.233910069806274,0.274440947210204,0.276654106104222,1.0341574401794,0.97471219879601,0.0634904591470965,0.21024989845831,0.266503444960633,0.202833961643517,0.710705582115871,-1.74750102158096,0.695347893544428,0.586871662384293,0.424727302537483,-2.11917962055379,0.213810587604202,0.43329233709964,-0.643461045761259,-0.0529797458399377,0.746283548559559,-1.22066739154121,-0.879252706194777,-0.733997835944978,-1.2141023940573,-1.62608420297663,0.741272177148332,1.02125019665574,-0.78234681549321,0.236413267398944,0.79293771156641,0.0404218405787624,0.312651234640848,0.223291972552788,1.16056537246788,-1.45866347094444,0.879034114558107,-0.157848871304552
"Tunisia",-0.214379986579635,-0.357448182440137,0.242592787835453,-0.58349117981702,0.376432524841379,0.202938058088634,-0.909498844134323,-0.553513121334292,0.0401855714978169,-0.845011856008027,-0.090237031255212,-0.609056843647523,-0.0719948413554899,-0.242226163349173,-0.334249124028624,0.447342511190933,-0.289644356912586,-1.16114467342252,0.639293453564572,0.699195424503564,-0.817777727231369,0.0211279453013252,-0.262853526480892,-1.33390991516945,0.045005561975996,0.162390907114035,0.287646993549562,0.300325740721658,0.949901389688047,0.274440947210204,-0.214081111871989,-0.348339602830503,0.221766944412716,0.701371666692583,-0.309880144091458,0.826985568632108,-0.481730658589593,-1.26302534878878,-1.74750102158096,0.695347893544428,-0.122598016355111,-0.551614417751324,0.245554407726366,-0.896359771109922,-0.102837349997198,-0.0584223635265404,0.178326863245254,0.120868150694806,1.17323719114201,0.373814340050054,-0.129579161307949,-0.0139327089147899,-0.208526225228263,-0.415792907292865,0.680006223698259,0.578311250373179,0.159202260974955,-1.70135178889492,-0.172419979059923,0.0623337871533377,-0.291496407212327,0.0451176505062757,-0.654138862487303,-0.773444979217465,0.145713724989973
"Turkey",-0.694591341630687,-0.392009967376053,0.847208659469119,-1.74505716789706,-0.963309907790572,-2.3049411708367,0.735991375240531,0.075859407836255,-0.284335961960619,0.551448380782911,0.169200748190811,-0.375329756765383,-0.853004284266365,-0.589293011897821,-0.535354380593325,0.263449658906955,-2.26502471835604,1.0402604435765,0.639293453564572,0.699195424503564,0.722687293832372,-1.76555416263293,-1.02389698801093,-1.28686449304615,0.045005561975996,-0.682828265504558,-0.487387065540274,-1.34543786608598,-1.93317423257438,-0.985079412799026,-5.31932128418834,-1.4794735470085,-1.39168717212291,-1.80832488824302,-0.309880144091458,-1.37819000048981,0.29410924424999,0.710705582115871,0.672115777531138,0.695347893544428,0.139119388217832,-0.56426721820099,0.245554407726366,0.213810587604202,-0.710863135282816,-0.680691744139347,0.0331445266645588,-1.1299626457852,-0.422699197153878,0.176844382719099,0.838302928196926,-0.00856037459915352,0.082373263172738,0.2161097933315,-0.572798285946644,0.575250183735497,-0.323099506788793,0.79293771156641,-1.23746049043022,0.786422702662602,0.223291972552788,0.205675313316365,-0.0134637603610661,-1.227411684196,0.455107376389836
"Uganda",-1.06947720809018,-0.750186984531116,0.242592787835453,0.564708363549491,-0.00635102733917836,0.125810703492525,-1.04437509174081,1.47315979464947,-0.315880282772784,0.289706685905062,0.369118905947043,0.909630860259252,-1.59450975416877,-0.488196834025552,-0.887527631731613,-0.785593432586358,-0.250087713213385,-0.298193867275718,0.639293453564572,0.699195424503564,-0.817777727231369,0.914468999268452,-0.632208704892774,0.558976489758041,0.045005561975996,-0.682828265504558,-1.26242112463011,1.12320754412548,0.949901389688047,0.274440947210204,0.276654106104222,-0.348339602830503,-0.531178309970577,0.701371666692583,0.748011467587287,-0.275602215928849,-1.62267169240272,-0.605115038487228,-1.74750102158096,0.695347893544428,1.52735953527878,1.19351024729725,1.25901184841786,-1.11839384285275,-0.424683800192324,-0.0368940366485144,-0.285002338897599,-1.1299626457852,-0.0237151001996023,0.365972370110304,0.424427056402789,-0.433552798393161,-0.91344956154492,0.391163923546148,0.68384096435707,-1.1906943067597,-0.0488378470195951,0.79293771156641,-0.551978251283703,-0.592817261012496,0.223291972552788,1.67217539017765,0.625405949710988,1.63172207772245,-0.31677871932371
"Ukraine",-0.344002974408338,-0.483506002370609,0.242592787835453,-0.938249778769331,-0.580526355610015,-0.364956425361233,0.735991375240531,0.491867619024222,-0.453642590349603,-2.40589224128038,-0.389771236255283,-0.148237346578756,-0.232795619604225,-0.089758960688454,-0.679736226003426,-0.0314918115006492,-1.61532950076432,0.599979420388029,-0.76024086369841,0.699195424503564,0.722687293832372,-1.76555416263293,-0.687182499665626,0.534070089693205,0.045005561975996,0.162390907114035,-0.487387065540274,-1.34543786608598,-0.972149025153572,-0.838194419611428,0.276654106104222,0.280068144060734,-0.531178309970577,-0.553476610775219,-0.309880144091458,-0.275602215928849,0.29410924424999,0.710705582115871,0.672115777531138,0.695347893544428,-0.267996574498954,-1.3010740302082,1.25901184841786,0.879912802832676,-1.2847425349838,-0.99334219360978,-1.05005125219574,0.746283548559559,0.375268997233455,0.321966122868916,0.960771535435886,-0.549848353236146,-0.240355863390102,-1.0092690976897,-0.89766056400795,-2.06704337534893,-1.04940039722042,-1.70135178889492,1.10383567282735,-0.805148153376925,0.223291972552788,-0.965902558872029,0.589932816242391,-0.938570416579226,-0.0576243599158143
"United Arab Emirates",0.771538508435881,-0.0556173840782657,-1.57125482670277,-1.62563565043323,-2.4944441165128,-0.853310141094515,-2.25826131922809,0.195227437506786,0.549889534953272,0.61658312583678,1.02809816609582,0.357901180388228,0.0711657498341365,1.0173716640616,1.28759810229833,0.761192792226076,-0.0680881043269619,-1.16114467342252,0.639293453564572,-2.2428736344465,-2.35824274829511,-1.76555416263293,-0.233648698201081,-1.49441782658769,-2.64706639805239,-2.37326661074174,-2.03745518371995,-2.1683196694898,-1.93317423257438,0.274440947210204,0.276654106104222,-1.2281104481766,-1.06899634881579,-0.553476610775219,-0.309880144091458,-1.37819000048981,-1.62267169240272,-1.92093565909033,-1.74750102158096,-2.03989351691988,0.204864823455062,0.61820298303607,-1.44354132675946,1.54601501806115,1.46966053739131,1.97582565495589,1.61319354635435,0.746283548559559,0.375268997233455,0.996589912863614,1.44887667035114,1.76060286259614,1.94874485120003,-2.41397173269019,0.563435819080752,-0.555108511571826,0.407616153761145,0.79293771156641,0.985630382690347,1.07972138604251,0.223291972552788,0.575993332602586,-0.998233634052012,0.428321134289369,1.70543047532588
"United Kingdom",1.5995640872032,1.2368419429162,0.847208659469119,0.083954585692148,1.14199962920249,0.96505714179833,0.735991375240531,-0.668936949050604,1.71943546623779,1.14592729429668,1.20424282092786,1.17484181254922,1.57659471090772,1.46580442430744,1.58833758496679,0.716265393057885,0.698741168905034,1.0402604435765,0.639293453564572,0.699195424503564,0.722687293832372,0.914468999268452,-0.61846525697263,-0.664204491425266,0.942362881985458,1.00761007973263,1.0626810526394,1.12320754412548,0.949901389688047,0.274440947210204,0.276654106104222,0.782794341347496,1.18983941433409,0.701371666692583,0.748011467587287,0.826985568632108,0.29410924424999,0.710705582115871,0.672115777531138,0.695347893544428,-0.165585416169112,-1.02103877385679,0.583373554623531,-1.11839384285275,1.92671543117567,1.94237276818396,1.99650987369739,1.37169894679956,1.17323719114201,0.0552110850919355,0.322276215733254,1.37574550948282,0.629821496000325,0.91632630736298,1.06419340884686,0.626804519552968,0.523468266381955,0.79293771156641,0.645763061190762,1.16428767560011,0.223291972552788,1.12431663544024,-0.0349268310297915,1.47503107541962,1.38993671713943
"United States",1.12955134309209,0.723218221892861,0.847208659469119,0.834447607428307,1.14199962920249,0.959802986819093,0.735991375240531,-0.0467127797684864,1.42374186421972,1.14901148742059,0.538295659806775,1.75927954419802,1.25866971728163,0.922870119872384,1.05579176289076,0.111955432646656,0.42179271759714,1.0402604435765,0.639293453564572,0.699195424503564,0.722687293832372,0.914468999268452,-0.360775596680629,1.06540662457574,0.942362881985458,1.00761007973263,1.0626810526394,1.12320754412548,0.949901389688047,0.119475004613984,0.276654106104222,1.15983898940683,0.867148591026968,0.701371666692583,0.748011467587287,0.826985568632108,0.29410924424999,0.710705582115871,0.672115777531138,0.695347893544428,0.480489916127263,-0.756099406880738,0.583373554623531,-0.674325699367097,1.25530472075704,2.04404198003279,1.41017696928491,0.120868150694806,1.17323719114201,0.742494010899402,0.843895152801698,1.31265993894874,0.428592812600652,0.91632630736298,1.04498410363375,0.713510252192962,0.449900632071732,0.79293771156641,0.745785703132744,1.2657982511356,0.223291972552788,-0.640290871551107,0.732937513810261,2.01458893023015,1.30411723278192
"Uruguay",0.94055727866063,0.236688799502808,0.847208659469119,0.612915214907195,0.1850407487511,1.03131343947795,0.978768620737987,0.290733303774869,0.0968000491370435,0.522021095116604,0.656839321091117,-0.195300290979807,1.00751628115965,1.37456520693562,0.355463182122538,-0.228850581075299,0.69374769958357,0.159698396671223,0.639293453564572,0.699195424503564,0.722687293832372,0.0211279453013252,0.484446487129001,1.20654289144376,0.045005561975996,1.00761007973263,-0.487387065540274,0.300325740721658,-0.0111238177327628,0.274440947210204,0.276654106104222,1.15983898940683,1.08227580656505,0.701371666692583,0.748011467587287,0.826985568632108,1.11558678852972,0.710705582115871,0.672115777531138,0.695347893544428,0.370492745989679,-0.800462945407809,0.245554407726366,0.657878731089851,1.31734644059052,0.101105346837913,0.568453709492649,-0.19183954861282,-0.821683294108153,-0.469788980185838,-0.610080486436342,-0.144941210740963,-0.698795010715226,0.91632630736298,-0.332574950303984,0.545503380066444,-0.544312719168622,0.79293771156641,0.211982179230255,-0.0496700763140632,0.223291972552788,1.32767093586324,-0.561297170422994,-0.117855505815487,0.345103236569312
"Venezuela",-1.86818401338546,-1.24754692505731,0.242592787835453,-0.330624333499259,-0.197742803429457,-1.59539021912274,0.169511135746468,-1.46482043616794,-2.09574984465245,-4.50930254151155,-3.16711308766871,-4.40278698673137,-1.95087960029289,-1.3104990893947,-2.10430311475515,-2.74830139543821,0.130756498495493,1.0402604435765,0.639293453564572,-0.771839104971466,0.722687293832372,-0.872213108665802,0.513651315408812,0.0497789774321007,0.942362881985458,1.00761007973263,-1.26242112463011,-0.52255606268216,-0.972149025153572,0.274440947210204,0.099387771391856,-1.35379199778107,-1.17655995658483,-1.80832488824302,-2.42566336744895,-1.37819000048981,-1.62267169240272,0.710705582115871,0.672115777531138,0.695347893544428,0.596808762986237,-0.861514890157673,-2.11917962055379,-0.230257555881448,-2.26295662902466,-2.36229006074638,-2.65956365436148,-2.06808574295758,-2.01863558544976,-1.25917082835809,0.390148501357189,-2.09489607436885,-2.38369704065847,0.91632630736298,-5.30225516904377,-4.57395678294053,-5.33421962091878,-0.454207038664254,-0.00407684816646058,-1.90716833688461,-6.58026255794076,-0.722645093923112,-3.21168041887269,-3.11449592103101,-3.72100098265479
"Vietnam",-0.119802169799293,0.393039223877429,-1.57125482670277,-0.915680207683134,-2.11166056433224,-1.14153468356712,0.735991375240531,0.917735568696372,-0.100257680558457,-1.26935438398521,-0.628853504361069,-0.305965895917714,0.0858737823258545,-0.53985531042461,0.0457104686094985,0.670263133093725,0.191211119388795,-0.280582626517247,-2.15977518096139,-0.771839104971466,-0.817777727231369,-1.76555416263293,0.187244413196884,0.0276399548755092,-1.74970907804293,-1.52804743812315,-2.03745518371995,-2.1683196694898,-1.93317423257438,0.274440947210204,-0.196733251843961,-1.85651819506784,-1.39168717212291,-0.553476610775219,-0.309880144091458,-1.37819000048981,0.29410924424999,0.710705582115871,0.672115777531138,0.695347893544428,1.5551749114773,0.0300540284120919,0.45072986012047,-0.230257555881448,-0.276905651130694,-0.0592404362354616,-0.329183500854269,-0.504547247545197,0.375268997233455,0.900557089130999,0.739651127152792,-0.021498868947226,0.28454570527859,-0.582307809978235,-0.312930383652844,-0.155408231971824,0.214647976009213,-1.70135178889492,0.0684007074827017,-0.249988307704022,0.223291972552788,-1.46200882874675,0.482843602742398,-0.818547323084361,-0.466860736026816
"Yemen, Rep.",-1.5225924322569,-2.8680238992419,-2.78048656960734,-3.12208599565216,-1.85651414356213,-2.84836088549699,-2.25826131922809,0.939312825444798,-1.35825017784524,0.573719071607306,-0.283367263249684,-1.7376434517718,-1.35277192943735,-1.73472362743827,-1.36654653712299,-0.0780585091132017,-4.44668763210598,-1.83037182858446,-2.15977518096139,-2.2428736344465,-2.35824274829511,-1.88470608423457,-4.79827760148432,-2.16694608343425,-1.86939668063056,-1.64078096597887,-1.36579351195876,-1.45519208334845,-2.06135372199033,-4.7329350230232,0.276654106104222,-1.35379199778107,-1.71437799543004,-2.77037523446898,-2.17882199153162,-2.22350730213355,-1.62267169240272,-1.92093565909033,-1.74750102158096,-2.03989351691988,1.25426311277929,0.717164850638799,-0.767903032965131,1.1019468745755,-1.15863911790317,-0.933683038712032,-1.38432196718018,-0.817254946477573,-1.22066739154121,-0.345794847503702,0.938241108198311,-1.58940597791203,-1.42925468545054,-1.58139722609045,1.19247532631803,-0.691042219486346,0.00622810284319529,0.79293771156641,0.779042237527539,-0.49641977144674,0.223291972552788,-0.82436299407946,-2.11604482633536,0.106943612557036,-1.9212165090483
"Zambia",-0.608110382209775,0.148409258286423,-0.966638955069109,-0.0655962137223327,-0.386187584072329,-0.571037459449217,-0.909498844134323,-0.34202662144478,0.0780070707642272,0.0146155609680086,-0.0389405764610031,-0.586731022739636,-0.999040266790058,-0.250271989811724,-0.421287008520266,0.12001815211032,0.450510343104553,-0.298193867275718,-2.15977518096139,0.699195424503564,-0.817777727231369,-0.0386266451179569,-0.0360866253620858,-0.08858991192768,-0.490645380114762,-0.342137708177749,-0.174986691657928,-0.190869241916862,-0.584779424311527,0.274440947210204,-0.060627784511942,-0.474021152057933,-0.423614702201536,-0.921907040490371,-0.620483001888228,-0.599328118540923,1.11558678852972,-1.26302534878878,-1.74750102158096,-0.900209595801911,-0.360293050848347,1.19351024729725,-0.767903032965131,-0.452291627624273,-0.437072150551403,-0.259646915304358,0.036966802051669,0.746283548559559,0.375268997233455,-0.523798905434978,-0.94171946297824,-0.541574514040008,0.036500245964024,0.91632630736298,-0.481221021724537,-0.00263646680272465,-1.52112807849112,0.79293771156641,-1.74209224973152,-0.972456634340319,0.223291972552788,1.82653031985271,-0.461457676838896,-0.606283495956764,-0.233798147717231
"Zimbabwe",-0.98085196163446,-0.32320379515854,-0.966638955069109,-0.601020943463033,-1.72887701215169,-0.64276235070414,-1.1792513393473,-0.275375714395738,-0.955286350307328,0.0399152128620428,-1.23471115463961,-0.455140184360343,-1.45304308908163,-0.614819007586371,-0.667444373914865,-0.0795224950943726,-0.327387328042719,-0.280582626517247,-2.15977518096139,-0.771839104971466,0.722687293832372,-1.76555416263293,0.742136146647934,0.464885645013315,-1.74970907804293,-1.52804743812315,-1.26242112463011,-1.34543786608598,-1.93317423257438,0.274440947210204,0.276654106104222,-1.10242889894917,-0.531178309970577,-0.980125025114272,-0.66956329206223,-0.275602215928849,-1.62267169240272,-0.605115038487228,-0.53769262202491,-1.12814638018962,-0.434888832549798,1.19351024729725,-0.0922647391708,-1.11839384285275,-0.772937603009126,-0.568407731720708,-1.79934394501062,-1.1299626457852,-0.422699197153878,-1.26468705113446,-0.389684449288085,-0.747907333199237,0.0611131557691726,-0.133998460270685,0.703685867091941,0.305571970521007,0.414511265155603,-0.454207038664254,-2.16499246186198,-1.23714077931241,0.223291972552788,-0.506737819572796,0.581858128742175,-0.184491262415919,-1.7063894994623
