"volume","year","title","author","url","abstract"
"1","2018","An AI-based approach to auto-analyzing historical handwritten business documents:","Chen, Jinhui; Takiguchi, Tetsuya; Takatsuki, Yasuo; Itoh, Munehiko; Kamihigashi, Takashi","https://link.springer.com/article/10.1007/s42001-017-0009-2","Matching salient points is a key step in visual tasks. However, many of the existing feature representation methods that are widely applied to these tasks, such as scale invariant feature transform (SIFT), suffer from a lack of representation invariance. This shortcoming limits the image representation stability and salient-point matching performance, particularly when images with a great deal of noise information are being processed (e.g., historical documents). We propose a general and effective transformation approach called RIFT (reversal-invariant feature transformation) for feature-robust representation. RIFT achieves gradient binning invariance for feature extraction by transforming the conventional gradient into a polar one. Experimental results on the Kanebo database and three fine-grained reference classification datasets demonstrated that RIFT can robustly improve the performance of local descriptors for image classification without sacrificing computational efficiency."
"1","2018","Analytical sociology and computational social science","Keuschnigg, Marc; Lovsjö, Niclas; Hedström, Peter","https://link.springer.com/article/10.1007/s42001-017-0006-5","Analytical sociology focuses on social interactions among individuals and the hard-to-predict aggregate outcomes they bring about. It seeks to identify generalizable mechanisms giving rise to emergent properties of social systems which, in turn, feed back on individual decision-making. This research program benefits from computational tools such as agent-based simulations, machine learning, and large-scale web experiments, and has considerable overlap with the nascent field of computational social science. By providing relevant analytical tools to rigorously address sociology’s core questions, computational social science has the potential to advance sociology in a similar way that the introduction of econometrics advanced economics during the last half century. Computational social scientists from computer science and physics often see as their main task to establish empirical regularities which they view as “social laws.” From the perspective of the social sciences, references to social laws appear unfounded and misplaced, however, and in this article we outline how analytical sociology, with its theory-grounded approach to computational social science, can help to move the field forward from mere descriptions and predictions to the explanation of social phenomena."
"1","2018","Asocial balance—how your friends determine your enemies: understanding the co-evolution of friendship and enmity interactions in a virtual world","Sadilek, Maximilian; Klimek, Peter; Thurner, Stefan","https://link.springer.com/article/10.1007/s42001-017-0010-9","Social interactions take place simultaneously through different interaction types, such as communication, friendship, trade, exchange, enmity, revenge, etc. These interactions can be conveniently described with time-dependent multi-layer networks. Little is known about the dynamics of social network formation on single layers. How the dynamics on one layer is coupled to and influences the dynamics on another layer is a completely unexplored territory. This is mainly due to the lack of comprehensive microscopic interaction data on time-dependent multi-layer networks. In this work, we study a unique dataset of 350,000 odd players in a massive multi-player online game, for which we know practically every social interaction event. We focus on the dynamics of friendship interactions and how they are coupled to the dynamics of enmity interactions. We are able to identify the driving processes behind the joint network formation of friendship and enmity links. The essential mechanisms turn out to be specific triadic closure rules. We propose a simple dynamical model that allows us to predict not only the correct levels of social balance but also the detailed simultaneous structural properties of the friendship and enmity networks, including their degree distributions, clustering coefficients and nearest neighbor degrees. While the formation of new friendship links can be largely understood on the basis of structural features of the friendship network alone, this is not true for enmity networks. The formation of enmity links is driven by the need to socially balance triadic relations that contain negative and positive interactions. Networks of enmity relations can only be understood structurally in the context of the positive social ties they are embedded in."
"1","2018","Big data in social and psychological science: theoretical and methodological issues","Qiu, Lin; Chan, Sarah Hian May; Chan, David","https://link.springer.com/article/10.1007/s42001-017-0013-6","Big data presents unprecedented opportunities to understand human behavior on a large scale. It has been increasingly used in social and psychological research to reveal individual differences and group dynamics. There are a few theoretical and methodological challenges in big data research that require attention. In this paper, we highlight four issues, namely data-driven versus theory-driven approaches, measurement validity, multi-level longitudinal analysis, and data integration. They represent common problems that social scientists often face in using big data. We present examples of these problems and propose possible solutions."
"1","2018","Cognitive mechanisms for human flocking dynamics","Frey, Seth; Goldstone, Robert L.","https://link.springer.com/article/10.1007/s42001-018-0017-x","Low-level “adaptive” and higher-level “sophisticated” human reasoning processes have been proposed to play opposing roles in the emergence of unpredictable collective behaviors such as crowd panics, traffic jams, and market bubbles. While adaptive processes are widely recognized drivers of emergent social complexity, complementary theories of sophistication predict that incentives, education, and other inducements to rationality will suppress it. We show in a series of multiplayer laboratory experiments that, rather than suppressing complex social dynamics, sophisticated reasoning processes can drive them. Our experiments elicit an endogenous collective behavior and show that it is driven by the human ability to recursively anticipate the reasoning of others. We identify this behavior, “sophisticated flocking”, across three games, the Beauty Contest and the “Mod Game” and “Runway Game”. In supporting our argument, we also present evidence for mental models and social norms constraining how players express their higher-level reasoning abilities. By implicating sophisticated recursive reasoning in the kind of complex dynamic that it has been predicted to suppress, we support interdisciplinary perspectives that emergent complexity is typical of even the most intelligent populations and carefully designed social systems."
"1","2018","Cognitive perspectives on opinion dynamics: the role of knowledge in consensus formation, opinion divergence, and group polarization","Mueller, Shane T.; Tan, Yin-Yin Sarah","https://link.springer.com/article/10.1007/s42001-017-0004-7","Two phenomena that are central to simulation research on opinion dynamics are opinion divergence—the result that individuals interacting in a group do not always collapse to a single viewpoint, and group polarization—the result that average group opinions can become more extreme after discussions than they were to begin with. Standard approaches to modeling these dynamics have typically assumed that agents have an influence bound , such that individuals ignore opinions that differ from theirs by more than some threshold, and thus converge to distinct groups that remain uninfluenced by other distinct beliefs. Additionally, models have attempted to account for group polarization either by assuming the existence of recalcitrant extremists , who draw others to their view without being influenced by them, or negative reaction —movement in opinion space away from those they disagree with. Yet these assumptions are not well supported by existing social/cognitive theory and data, and insofar as there are data, it is often mixed. Moreover, an alternative cognitive assumption is able to produce both of these phenomena: the need for consistency within a set of related beliefs. Via simulation, we show that assumptions about knowledge or belief spaces and conceptual coherence naturally produce both convergence to distinct groups and group polarization, providing an alternative cognitively grounded mechanism for these phenomena."
"1","2018","Computational social scientist beware: Simpson’s paradox in behavioral data","Lerman, Kristina","https://link.springer.com/article/10.1007/s42001-017-0007-4","Observational data about human behavior are often heterogeneous, i.e., generated by subgroups within the population under study that vary in size and behavior. Heterogeneity predisposes analysis to Simpson’s paradox, whereby the trends observed in data that have been aggregated over the entire population may be substantially different from those of the underlying subgroups. I illustrate Simpson’s paradox with several examples coming from studies of online behavior and show that aggregate response leads to wrong conclusions about the underlying individual behavior. I then present a simple method to test whether Simpson’s paradox is affecting results of analysis. The presence of Simpson’s paradox in social data suggests that important behavioral differences exist within the population, and failure to take these differences into account can distort the studies’ findings."
"1","2018","Detecting interpersonal relationships in large-scale railway trip data","Asatani, Kimitaka; Toriumi, Fujio; Mori, Junichiro; Ochi, Masanao; Sakata, Ichiro","https://link.springer.com/article/10.1007/s42001-018-0021-1","With increases in the amount of human trajectory data, interest in explaining or predicting human mobility is growing. Owing to the difficulty of associating mobility data with interpersonal relationship data, previous studies on the link between interpersonal relationships and mobility are limited to the specific activities of particular users. In this paper, we propose a method for detecting interpersonal relationships from mobility data, while distinguishing these relationships from those of familiar strangers such as commuters. In the method, persons who take diverse variations within the same activities are recognized as a pair. From IC card data covering the daily mobility of six million people over three years, we detected millions of frequently co-located pairs. Under certain conditions, most of the detected pairs are confirmed as not being familiar strangers, but rather to have an interpersonal relationship. Next, we analyzed the detected pairs and found that the density of the relationships between groups was divided by gender and age and was found to be asymmetric by gender. For example, an elderly male person is not likely to take trips as a pair with a same-gender elderly person, and this result is data-based evidence for the isolation of retired men. In addition, group trips are confirmed to have an extraordinal character and sometimes converge spatiotemporally. These findings indicate that interpersonal relationship is a strong factor to determine their mobility and group observation is potentially useful for event detection."
"1","2018","Editorial","Kamihigashi, Takashi","https://link.springer.com/article/10.1007/s42001-017-0014-5",""
"1","2018","Evaluation of organizational structure through cluster validation analysis of email communications","Boeva, Veselka; Lundberg, Lars; Kota, Sai M. Harsha; Sköld, Lars","https://link.springer.com/article/10.1007/s42001-018-0022-0","In this work, we apply cluster validation measures for analyzing email communications at an organizational level of a company. This analysis can be used to evaluate the company structure and to produce further recommendations for structural improvements. Our evaluations, based on data in the forms of email logs and organizational structure for a large European telecommunication company, show that cluster validation techniques can be useful tools for assessing the organizational structure using objective analysis of internal email communications, and for simulating and studying different reorganization scenarios."
"1","2018","Evolving activity cascades on socio-technological networks","Borge-Holthoefer, Javier; Piedrahita, Pablo; Arenas, Alex","https://link.springer.com/article/10.1007/s42001-017-0012-7","Networks are the substrate on which social contagion propagates, from the growth of social movements to the adoption of innovations. In the complex networks community, it took some time to realize the difference between simple propagation—e.g., the spread of disease—in which a single active node is sufficient to trigger the activation of its neighbors, and complex contagion, in which node activation requires simultaneous exposure to multiple active neighbors. Rooted in the social science literature, complex contagion has settled as the driving mechanism for behavior cascades on social networks. However, our access to digital traces of social interaction reveals, besides and beyond complex contagion, bursty activity patterns, repeated agent activation, and occasionally a form of synchronization under the form of trending topics and hypes. Thus, the threshold model—the paramount example in the tradition of complex contagion—needs to shift from a standpoint in which agents become irreversibly active (“one-off” events), to another in which agents continuously change their state and whose activity shows oscillating patterns. Here, we review a mechanistic model that, within the logic of complex contagion, accounts as well for the temporal evolution of behavior cascades. In it, agents follow the dynamics of integrate-and-fire oscillators. The affordances of the model—and of some recent variations on it—will open a discussion and outlook for future developments."
"1","2018","Fighting fake news: a role for computational social science in the fight against digital misinformation","Ciampaglia, Giovanni Luca","https://link.springer.com/article/10.1007/s42001-017-0005-6","The massive, uncontrolled, and oftentimes systematic spread of inaccurate and misleading information on the Web and social media poses a major risk to society. Digital misinformation thrives on an assortment of cognitive, social, and algorithmic biases and current countermeasures based on journalistic corrections do not seem to scale up. By their very nature, computational social scientists could play a twofold role in the fight against fake news: first, they could elucidate the fundamental mechanisms that make us vulnerable to misinformation online and second, they could devise effective strategies to counteract misinformation."
"1","2018","From neuroscience to computer science: a topical approach on Twitter","Piña-García, C. A.; Siqueiros-García, J. Mario; Robles-Belmont, E.; Carreón, Gustavo; Gershenson, Carlos; López, Julio Amador Díaz","https://link.springer.com/article/10.1007/s42001-017-0002-9","Twitter is perhaps the most influential microblogging service, with 271 million regular users producing approximately 500 million tweets per day. Previous studies of tweets discussing scientific topics are limited to local surveys or may not be representative geographically. This indicates a need to harvest and analyse tweets with the aim of understanding the level of dissemination of science related topics worldwide. In this study, we use Twitter as case of study and explore the hypothesis of science popularization via the social stream. We present and discuss tweets related to popular science around the world using eleven keywords. We analyze a sample of 306,163 tweets posted by 91,557 users with the aim of identifying tweets and those categories formed around temporally similar topics. We systematically examined the data to track and analyze the online activity around users tweeting about popular science. In addition, we identify locations of high Twitter activity that occur in several places around the world. We also examine which sources (mobile devices, apps, and other social networks) are used to share popular science related links. Furthermore, this study provides insights into the geographic density of popular science tweets worldwide. We show that emergent topics related to popular science are important because they could help to explore how science becomes of public interest. The study also offers some important insights for studying the type of scientific content that users are more likely to tweet."
"1","2018","Hierarchy and the power-law income distribution tail","Fix, Blair","https://link.springer.com/article/10.1007/s42001-018-0019-8","What explains the power-law distribution of top incomes? This paper tests the hypothesis that it is firm hierarchy that creates the power-law income distribution tail. Using the available case-study evidence on firm hierarchy, I create the first large-scale simulation of the hierarchical structure of the US private sector. Although not tuned to do so, this model reproduces the power-law scaling of top US incomes. I show that this is purely an effect of firm hierarchy. This raises the possibility that the ubiquity of power-law income distribution tails is due to the ubiquity of hierarchical organization in human societies."
"1","2018","How self-disclosure in Twitter profiles relate to anonymity consciousness and usage objectives: a cross-cultural study","Tominaga, Tomu; Hijikata, Yoshinori; Konstan, Joseph A.","https://link.springer.com/article/10.1007/s42001-018-0023-z","Social media—particularly services such as Twitter where most content is public—present an interesting balance between social benefits and privacy risks. Twitter users have various usage objectives to gain social benefits. As to privacy risks, we introduce the concept of “anonymity consciousness” as users’ intention to avoid being identified and reached by strangers when engaging in public space. In this study, we present a cross-cultural study to investigate self-disclosure in Twitter profiles, usage objectives on Twitter, and anonymity consciousness and examine how self-disclosure is influenced by usage objectives and anonymity consciousness. Specifically, this study targets Twitter users in the United States, India, and Japan. We find: (a) Indian users are more likely to disclose their personal information and have weaker anonymity consciousness than US and Japanese users, (b) users in every country are less likely to disclose their real name if they have stronger anonymity consciousness, and (c) US users tend to disclose their web-page link and Japanese users tend to disclose their affiliation when advertising themselves on Twitter."
"1","2018","Language, demographics, emotions, and the structure of online social networks","Lerman, Kristina; Marin, Luciano G.; Arora, Megha; Lima, Lucas H. Costa; Ferrara, Emilio; Garcia, David","https://link.springer.com/article/10.1007/s42001-017-0001-x","Social networks affect individuals’ economic opportunities and well-being. However, few of the factors thought to shape networks—culture, language, education, and income—were empirically validated at scale. To fill this gap, we collected a large number of social media posts from a major US metropolitan area. By associating these posts with US Census tracts through their locations, we linked socioeconomic indicators to group-level signals extracted from social media, including emotions, language, and online social ties. Our analysis shows that tracts with higher education levels have weaker social ties, but this effect is attenuated for tracts with high ratio of Hispanic residents. Negative emotions are associated with more frequent online interactions, or stronger social ties, while positive emotions are associated with weaker ties. These results hold for both Spanish and English tweets, evidencing that language does not affect this relationship between emotion and social ties. Our findings highlight the role of cognitive and demographic factors in online interactions and demonstrate the value of traditional social science sources, like US Census data, within social media studies."
"1","2018","Model of cognitive dynamics predicts performance on standardized tests","Hodas, Nathan O.; Hunter, Jacob; Young, Stephen J.; Lerman, Kristina","https://link.springer.com/article/10.1007/s42001-018-0025-x","In the modern knowledge economy, success demands sustained focus and high cognitive performance. Research suggests that human cognition is linked to a finite resource, and upon its depletion, cognitive functions such as self-control and decision-making may decline. While fatigue, among other factors, affects human activity, how cognitive performance evolves during extended periods of focus remains poorly understood. By analyzing performance of a large cohort answering practice standardized test questions online, we show that accuracy and learning decline as the test session progresses and recover following prolonged breaks. To explain these findings, we hypothesize that answering questions consumes some finite cognitive resources on which performance depends, but these resources recover during breaks between test questions. We propose a dynamic mechanism of the consumption and recovery of these resources and show that it explains empirical findings and predicts performance better than alternative hypotheses. While further controlled experiments are needed to identify the physiological origin of these phenomena, our work highlights the potential of empirical analysis of large-scale human behavior data to explore cognitive behavior."
"1","2018","Network models of financial systemic risk: a review","Caccioli, Fabio; Barucca, Paolo; Kobayashi, Teruyoshi","https://link.springer.com/article/10.1007/s42001-017-0008-3","The global financial system can be represented as a large complex network in which banks, hedge funds and other financial institutions are interconnected to each other through visible and invisible financial linkages. Recently, a lot of attention has been paid to the understanding of the mechanisms that can lead to a breakdown of this network. This can happen when the existing financial links turn from being a means of risk diversification to channels for the propagation of risk across financial institutions. In this review article, we summarize recent developments in the modeling of financial systemic risk. We focus, in particular, on network approaches, such as models of default cascades due to bilateral exposures or to overlapping portfolios, and we also report on recent findings on the empirical structure of interbank networks. The current review provides a landscape of the newly arising interdisciplinary field lying at the intersection of several disciplines, such as network science, physics, engineering, economics, and ecology."
"1","2018","Network segregation in a model of misinformation and fact-checking","Tambuscio, Marcella; Oliveira, Diego F. M.; Ciampaglia, Giovanni Luca; Ruffo, Giancarlo","https://link.springer.com/article/10.1007/s42001-018-0018-9","Misinformation under the form of rumor, hoaxes, and conspiracy theories spreads on social media at alarming rates. One hypothesis is that, since social media are shaped by homophily, belief in misinformation may be more likely to thrive on those social circles that are segregated from the rest of the network. One possible antidote to misinformation is fact checking which, however, does not always stop rumors from spreading further, owing to selective exposure and our limited attention. What are the conditions under which factual verification are effective at containing the spreading of misinformation? Here we take into account the combination of selective exposure due to network segregation, forgetting (i.e., finite memory), and fact-checking. We consider a compartmental model of two interacting epidemic processes over a network that is segregated between gullible and skeptic users. Extensive simulation and mean-field analysis show that a more segregated network facilitates the spread of a hoax only at low forgetting rates, but has no effect when agents forget at faster rates. This finding may inform the development of mitigation techniques and raise awareness on the risks of uncontrolled misinformation online."
"1","2018","On cyberbullying incidents and underlying online social relationships","Huang, Qianjia; Singh, Vivek K.; Atrey, Pradeep K.","https://link.springer.com/article/10.1007/s42001-018-0026-9","Cyberbullying is an important social challenge that takes place over a technical substrate. Thus, it has attracted research interest across both computational and social science research communities. While the social science studies conducted via careful participant selection have shown the effect of personality, social relationships, and psychological factors on cyberbullying, they are often limited in scale due to manual survey or ethnographic study components. Computational approaches on the other hand have defined multiple automated approaches for detecting cyberbullying at scale, and have largely focused only on the textual content of the messages exchanged. There are no existing efforts aimed at testing, validating, and potentially refining the findings from traditional bullying literature as obtained via surveys and ethnographic studies at scale over online environments. By analyzing the social relationship graph between users in an online social network and deriving features such as out-degree centrality and the number of common friends, we find that multiple social characteristics are statistically different between the cyberbullying and non-bullying groups, thus supporting many, but not all, of the results found in previous survey-based bullying studies. The results pave way for better understanding of the cyberbullying phenomena at scale."
"1","2018","Power-law distribution in an urban traffic flow simulation","Umemoto, Daigo; Ito, Nobuyasu","https://link.springer.com/article/10.1007/s42001-018-0028-7","We found power-law behavior in the distribution of traffic on road segments in urban traffic simulations using digitized map of Kobe city in Japan as an example of an actual road network. As a comparison, we performed simulations using an artificial random road network and Manhattan-type road network. Similar power-law behavior was confirmed in the former, but not the latter. The behavior appeared robustly with or without traffic congestion, which suggests that its origin is not the interaction between vehicles. The power-law exponent was fitted using least squares method and obtained as $$-1.1$$ - 1.1 for Kobe city and the random road network, with optimization to avoid traffic congestion. The result did not change with the use of a different origin and destination distribution. From these results, one of the reasons that caused the power-law behavior was considered to be the randomness of the road network connection and edge lengths, whose fluctuations are obvious both in Kobe city and the random road network, unlike the grid network."
"1","2018","Preference and neglect amongst countries in the Eurovision Song Contest","Mantzaris, Alexander V.; Rein, Samuel R.; Hopkins, Alexander D.","https://link.springer.com/article/10.1007/s42001-018-0020-2","The Eurovision Song Contest (ESC) has been a growing source of entertainment for millions of viewers. Countries are represented by a single song during a live performance and in an award ceremony scores are exchanged according to their preference. It has been speculated that socio-economic ties influence the awards. The work presented here aims at investigating a different explanation for the voting patterns which deviate significantly from a uniform distribution. A perspective which is not covered is whether an audience member sees bias as a route towards increasing a country’s score rank. Given that much of the biased voting is apparent to the audience, the question whether these biased connections present themselves as a path to increasing score rank is explored. The results show that countries which attracted more biased preferential edges (preference in degree) and produced bias towards other countries (preference out degree) had a significant rank correlation with their total accumulated score. This adds to the theory explaining the biased voting patterns, in that they assist towards the simple goal of an audience member seeking to win by utilizing exchange partnerships with those countries where socio-economic ties already exist."
"1","2018","Roadmap and research issues of multiagent social simulation using high-performance computing","Noda, Itsuki; Ito, Nobuyasu; Izumi, Kiyoshi; Mizuta, Hideki; Kamada, Tomio; Hattori, Hiromitsu","https://link.springer.com/article/10.1007/s42001-017-0011-8","In this article, we present roadmaps and research issues pertaining to multiagent social simulation to illustrate the directions of technological achievements in that domain. Compared with physical simulation, social simulation is still in the phase of establishing simulation models. We focus on four issues, namely “undetermined model”, “awareness effects”, “obscure boundary”, and “incomplete data”, and consider ways to overcome these issues using the massive computational power of high-performance computing. We select three applications, namely evacuation, road traffic, and market, and estimate the required computational cost of real applications. Moreover, we investigate research issues on the application side and categorize possible future works on multiagent social simulations."
"1","2018","Spatio-temporal violent event prediction using Gaussian process regression","Kupilik, Matthew; Witmer, Frank","https://link.springer.com/article/10.1007/s42001-018-0024-y","Large volume, data-driven violent conflict research is now possible using publicly available data sets. This work analyzes the predictive ability of data-derived Gaussian process models compared to a generalized linear model. Societal violence is a highly nonlinear process and the available data sets have high dimensionality that yield observation totals in the hundreds of thousands to millions. These challenges make machine learning modeling difficult without significant dimensionality reduction. We develop a computationally intensive Gaussian process modeling approach that exploits the size and complexity of the violent conflict dataset to identify appropriate basis vectors for the model. We develop our models using gridded monthly violent event counts for sub-Saharan Africa from 1980 to 2012. Our resulting Gaussian process models modestly improve the accuracy and predictive ability of existing generalized linear models. Despite this improvement, the accurate prediction of violence in sub-Saharan Africa at a relatively fine resolution spatial grid of 1 $$^\\circ$$ ∘ latitude/longitude remains a challenging problem."
"1","2018","Survey of evolutionary computation methods in social agent-based modeling studies","Revay, Peter; Cioffi-Revilla, Claudio","https://link.springer.com/article/10.1007/s42001-017-0003-8","Agent-based modeling is a well-established discipline today with a rich and vibrant research community. The field of evolutionary computation (EC) is also well recognized within the larger family of computational sciences. In the past decades many agent-based modeling studies of social systems have used EC methods to tackle various research questions. Despite the relative frequency of such efforts, no systematic review of the use of evolutionary computation in agent-based modeling has been put forth. Here, we review a number of prominent agent-based models of social systems that employ evolutionary algorithms as a method. We comment on some theoretical considerations, the state of current practice, and suggest some best practices for future work."
"1","2018","The rise of Jihadist propaganda on social networks","Badawy, Adam; Ferrara, Emilio","https://link.springer.com/article/10.1007/s42001-018-0015-z","Using a dataset of over 1.9 million messages posted on Twitter by about 25,000 ISIS sympathizers, we explore how ISIS makes use of social media to spread its propaganda and recruit militants from the Arab world and across the globe. By distinguishing between violence-driven, theological, and sectarian content, we trace the connection between online rhetoric and key events on the ground. To the best of our knowledge, ours is one of the first studies to focus on Arabic content, while most literature focuses on English content. Our findings yield new important insights about how social media is used by radical militant groups to target the Arab-speaking world, and reveal important patterns in their propaganda efforts."
"1","2018","Who sets the cyber agenda? Intermedia agenda-setting online: the case of Edward Snowden’s NSA revelations","Haim, Mario; Weimann, Gabriel; Brosius, Hans-Bernd","https://link.springer.com/article/10.1007/s42001-018-0016-y","Since the early introduction of the notion of agenda-setting, researchers have attempted to determine the factors that shape media agendas. One of the key sources of media agenda has been identified as intermedia flow, which various studies revealed in the offline-to-online-to-SNS media context. While most of them focused on the offline-online flow, the present study examines agenda-setting within the new online platforms in various countries, thus allowing for cross-country and cross-media comparisons. We applied time-series analysis to new online media and to traditional online media samples in the context of Edward Snowden’s NSA revelations. Our findings of intermedia agenda-setting effects show a moderate but consistent flow from new online media to traditional online media. This highlights the importance of studying these new directions of agenda flow. Apart from that, no profound agenda-setting patterns can be found elsewhere. Possible reasons and implications are discussed."
"2","2019","Analysing user identity via time-sensitive semantic edit distance (t-SED): a case study of Russian trolls on Twitter","Kim, Dongwoo; Graham, Timothy; Wan, Zimin; Rizoiu, Marian-Andrei","https://link.springer.com/article/10.1007/s42001-019-00051-x","In the digital era, individuals are increasingly profiled and grouped based on the traces that they leave behind in online social networks such as Twitter and Facebook. In this paper, we develop and evaluate a novel text analysis approach for studying user identity and social roles by redefining identity as a sequence of timestamped items (e.g., tweet texts). We operationalise this idea by developing a novel text distance metric, the time-sensitive semantic edit distance (t-SED), which accounts for the temporal context across multiple traces. To evaluate this method, we undertake a case study of Russian online-troll activity within US political discourse. The novel metric allows us to classify the social roles of trolls based on their traces, in this case tweets, into one of the predefined categories left-leaning, right-leaning, and news feed. We show the effectiveness of the t-SED metric to measure the similarities between tweets while accounting for the temporal context, and we use novel data visualisation techniques and qualitative analysis to uncover new empirical insights into Russian troll activity that have not been identified in the previous work. In addition, we highlight a connection with the field of actor–network theory and the related hypotheses of Gabriel Tarde, and we discuss how social sequence analysis using t-SED may provide new avenues for tackling a longstanding problem in social theory: how to analyse society without separating reality into micro vs. macro-levels."
"2","2019","Angels or demons? Classifying desirable heavy users and undesirable power sellers in online C2C marketplace","Yamamoto, Hikaru; Sugiyama, Nina; Toriumi, Fujio; Kashida, Hikaru; Yamaguchi, Takuma","https://link.springer.com/article/10.1007/s42001-019-00050-y","To grow and succeed, online consumer-to-consumer (C2C) marketplaces need to increase the number of users and transactions, because their main revenue is usually the transaction fee. To increase the number of users and transactions, uncertainty must be reduced and a safe and enjoyable transaction environment must be maintained. In this paper, we aim to detect malicious users and power sellers who can harm the healthy growth of an online C2C platform. Using the data set of a major online C2C marketplace called Mercari, we classified undesirable users by building a classification model for banned users. The results of the banned user prediction indicated that most banned users are heavy sellers. Heavy sellers are desirable from the viewpoint of increasing the transaction fee revenue, but many are power sellers who are running full-time businesses on the platform, making it difficult for non-professional sellers to compete, and their dominance may eventually alienate users. Thus, we built another classification model to classify desirable and undesirable power sellers. Applying the model to the CART classifier, we successfully classified non-professional heavy users and undesirable power sellers in an online C2C marketplace."
"2","2019","Chain bankruptcy size in inter-bank networks: the effects of asset price volatility and the network structure","Hamawaki, Ryo; Izumi, Kiyoshi; Sakaji, Hiroki; Shimada, Takashi; Matsushima, Hiroyasu","https://link.springer.com/article/10.1007/s42001-019-00041-z","One bankruptcy of a certain bank can make another bank go bankrupt. This phenomenon is called chain bankruptcy. Chain bankruptcy is a kind of “systemic risk,” a topic that has received a great deal of attention from researchers, recently. Here, we analyzed the effect of the asset price fluctuation and the inter-bank lending and borrowing network on chain bankruptcy by using an agent-based simulation. We found that: (1) as the rate of change in asset price grows, the total number of bankruptcies increases. On the other hand, when the rate of change in asset prices exceeds a certain value, the total number of bankruptcies became unvarying; (2) as the density of links increases, the total number of bankruptcies decreases, except when a certain situation occurs in core–periphery networks. These results suggest that factors causing bankruptcy are asset price fluctuations and the network structure of the inter-bank network."
"2","2019","Coherence and polarization in complex networks","Ravandi, Babak; Mili, Fatma","https://link.springer.com/article/10.1007/s42001-019-00036-w","In a community, individuals hold opinions and views that are shaped in part by their sources of information and their social network. These opinions and views are rarely uniformly distributed through the possible spectrum. They can exhibit different patterns. We are, in particular, interested in two opposite patterns: polarization, where views are concentrated around extreme positions, and coherence, where views are closer to the center, more moderate positions. We seek to create a model of views evolution and their convergence towards one or another of the patterns. Furthermore, we focus on applying interventions to the structure of networks to demote the polarization issue and influence a network toward convergence of cohered views. Our results show adding links between the weakly-connected nodes reduces polarization, implying the weakly-connected nodes can form bridges between extreme views."
"2","2019","Concept Mover’s Distance: measuring concept engagement via word embeddings in texts","Stoltz, Dustin S.; Taylor, Marshall A.","https://link.springer.com/article/10.1007/s42001-019-00048-6","We propose a method for measuring a text’s engagement with a focal concept using distributional representations of the meaning of words. More specifically, this measure relies on word mover’s distance, which uses word embeddings to determine similarities between two documents. In our approach, which we call Concept Mover’s Distance, a document is measured by the minimum distance the words in the document need to travel to arrive at the position of a “pseudo document” consisting of only words denoting a focal concept. This approach captures the prototypical structure of concepts, is fairly robust to pruning sparse terms as well as variation in text lengths within a corpus, and with pre-trained embeddings, can be used even when terms denoting concepts are absent from corpora and can be applied to bag-of-words datasets. We close by outlining some limitations of the proposed method as well as opportunities for future research."
"2","2019","Dynamic organization of flocking behaviors in a large-scale boids model","Maruyama, Norihiro; Saito, Daichi; Hashimoto, Yasuhiro; Ikegami, Takashi","https://link.springer.com/article/10.1007/s42001-019-00037-9","A simulation of a half-million flock is studied using a simple boids model originally proposed by Craig Reynolds. It was modeled with a differential equation in 3D space with a periodic boundary. Flocking is collective behavior of active agents, which is often observed in the real world (e.g., starling swarms). It is, nevertheless, hard to rigorously define flocks (or their boundaries). First, even within the same swarm, the members are constantly updated, and second, flocks sometimes merge or divide dynamically. To define individual flocks and to capture their dynamic features, we applied a DBSCAN and a non-negative matrix factorization (NMF) to the boid dataset. Flocking behavior has different types of dynamics depending on the size of the flock. A function of different flocks is discussed with the result of NMF analysis."
"2","2019","Enhanced news sentiment analysis using deep learning methods","Souma, Wataru; Vodenska, Irena; Aoyama, Hideaki","https://link.springer.com/article/10.1007/s42001-019-00035-x","We explore the predictive power of historical news sentiments based on financial market performance to forecast financial news sentiments. We define news sentiments based on stock price returns averaged over one minute right after a news article has been released. If the stock price exhibits positive (negative) return, we classify the news article released just prior to the observed stock return as positive (negative). We use Wikipedia and Gigaword five corpus articles from 2014 and we apply the global vectors for word representation method to this corpus to create word vectors to use as inputs into the deep learning TensorFlow network. We analyze high-frequency (intraday) Thompson Reuters News Archive as well as the high-frequency price tick history of the Dow Jones Industrial Average (DJIA 30) Index individual stocks for the period between 1/1/2003 and 12/30/2013. We apply a combination of deep learning methodologies of recurrent neural network with long short-term memory units to train the Thompson Reuters News Archive Data from 2003 to 2012, and we test the forecasting power of our method on 2013 News Archive data. We find that the forecasting accuracy of our methodology improves when we switch from random selection of positive and negative news to selecting the news with highest positive scores as positive news and news with highest negative scores as negative news to create our training data set."
"2","2019","Estimation of sales decrease caused by a disaster: Hokkaido blackout after earthquake in 2018","Ozaki, Jun’ichi; Takayasu, Hideki; Takayasu, Misako","https://link.springer.com/article/10.1007/s42001-019-00032-0","We simulate the inter-firm trading network which consists of approximately 1 million nodes, and we estimate the firm sales in Japan. We apply the gravity interaction model to the real Japanese inter-firm trading network to calculate the money transport between firms. Sales of each firm are evaluated through the scaling relation between the money flow and the sales, and then the total sales are calculated as an economic indicator. This calculation method is applicable to other situations. As an example, we present an estimation of sales decrease caused by the blackout due to the Hokkaido earthquake in September 6, 2018. The total sales are calculated in both cases: before and just after the earthquake. The total loss of sales is estimated as 35 billion yen per day for direct decrease in the firm sales in Hokkaido, while as 90 billion yen per day for indirect decrease in the other areas. The indirect sales decrease is about 2.6 times as well as the direct sales decrease."
"2","2019","Exponential random graph models for the Japanese bipartite network of banks and firms","Chakraborty, Abhijit; Krichene, Hazem; Inoue, Hiroyasu; Fujiwara, Yoshi","https://link.springer.com/article/10.1007/s42001-019-00034-y","We use the exponential random graph models to understand the network structure and its generative process for the Japanese bipartite network of banks and firms. One of the well-known and simple models of the exponential random graph is the Bernoulli model which shows that the links in the bank–firm network are not independent from each other. Another popular exponential random graph model, the two-star model, indicates that the bank–firms are in a state where the macroscopic variables of the system can show large fluctuations. Moreover, the presence of high fluctuations reflects a fragile nature of the bank–firm network."
"2","2019","Extending cluster-based ensemble learning through synthetic population generation for modeling disparities in health insurance coverage across Missouri","Mueller, Erik D.; Sandoval, J. S. Onésimo; Mudigonda, Srikanth P.; Elliott, Michael","https://link.springer.com/article/10.1007/s42001-019-00047-7","In a previous study, Mueller et al. (ISPRS Int J Geo-Inf 8(1):13, 2019 ), presented a machine learning ensemble algorithm using K-means clustering as a preprocessing technique to increase predictive modeling performance. As a follow-on research effort, this study seeks to test the previously introduced algorithm’s stability and sensitivity, as well as present an innovative method for the extraction of localized and state-level variable importance information from the original dataset, using a nontraditional method known as synthetic population generation. Through iterative synthetic population generation with similar underlying statistical properties to the original dataset and exploration of the distribution of health insurance coverage across the state of Missouri, we identified variables that contributed to decisions for clustering, variables that contributed most significantly to modeling health insurance distribution status throughout the state, and variables that were most influential in optimizing model performance, having the greatest impact on change-in-mean-squared-error (MSE) measurements. Results suggest that cluster-based preprocessing approaches for machine learning algorithms can result in significantly increased performance, and also demonstrate how synthetic populations can be used for performance measurement to identify and test the extent to which variable statistical properties within a dataset can vary without resulting in significant performance loss."
"2","2019","Gerrymandering and computational redistricting","Guest, Olivia; Kanayet, Frank J.; Love, Bradley C.","https://link.springer.com/article/10.1007/s42001-019-00053-9","Partisan gerrymandering poses a threat to democracy. Moreover, the complexity of the districting task may exceed human capacities. One potential solution is using computational models to automate the districting process by optimizing objective and open criteria, such as how spatially compact districts are. We formulated one such model that minimised pairwise distance between voters within a district. Using US Census Bureau data, we confirmed our prediction that the difference in compactness between the computed and actual districts would be greatest for states that are large and, therefore, difficult for humans to properly district given their limited capacities. The computed solutions highlighted differences in how humans and machines solve this task with machine solutions more fully optimised and displaying emergent properties not evident in human solutions. These results suggest a division of labour in which humans debate and formulate districting criteria whereas machines optimise the criteria to draw the district boundaries. We discuss how criteria can be expanded beyond notions of compactness to include other factors, such as respecting municipal boundaries, historic communities, and relevant legislation."
"2","2019","Large-scale parallel execution of urban-scale traffic simulation and its performance on K computer","Umemoto, Daigo; Ito, Nobuyasu","https://link.springer.com/article/10.1007/s42001-019-00040-0","We attempt to perform many-case urban-scale traffic simulations by performing massive parallel computing using K computer, and CARAVAN job manager. We obtain 1025 variations of simulation results with the same condition and different random seeds within 13 h. Each of simulation runs took about 6 h, which is twice longer than the case of using conventional workstations or clusters, and our approach allows further massive parallel computation. The performance and limitations when using K computer are discussed."
"2","2019","Macroscopic fundamental diagram in simple street networks","Yoshioka, Naoki; Terada, Kenji; Shimada, Takashi; Ito, Nobuyasu","https://link.springer.com/article/10.1007/s42001-019-00033-z","Macroscopic fundamental diagrams (MFDs) on simple street networks are studied analytically and numerically. We consider nonlinear circuit model that consists of road elements with piecewise linear fundamental diagram. We find that MFDs of the model are discontinuous and sawtooth like. Meanwhile, simulations of optimal velocity model on the same street networks yield continuous MFDs, that are observed in real urban traffic."
"2","2019","On principal eigenpair of temporal-joined adjacency matrix for spreading phenomenon","Wang, Shih-Chieh; Ito, Nobuyasu","https://link.springer.com/article/10.1007/s42001-019-00030-2","This paper reports a framework of analysis of spreading herbivore of individual-based system with time evolution network $$\\widetilde{A}(t)$$ A ~ ( t ) . By employing a sign function $$\\theta _1 \\left( x \\right)$$ θ 1 x , $$\\theta _1 \\left( 0 \\right) =0$$ θ 1 0 = 0 , $$\\theta _1 \\left( x \\right) =1$$ θ 1 x = 1 $$x \\in {\\mathbb {N}}$$ x ∈ N , the dynamic equation of spreading is in a matrix multiplication expression. Based on that, a method of combining temporal network is reported. The risk of been-spread and the ability to spread can be illustrated by the principal eigenpair of temporal-joined matrix in a system. The principal eigenpair of post-joined matrix can estimate the step number to the farthest agent $$S_i$$ S i in a non-time evolution network system $${\\widetilde{A}}\\left( t\\right) ={\\widetilde{A}}$$ A ~ t = A ~ as well."
"2","2019","Pairwise similarity of jihadist groups in target and weapon transitions","Campedelli, Gian Maria; Bartulovic, Mihovil; Carley, Kathleen M.","https://link.springer.com/article/10.1007/s42001-019-00046-8","Tactical decisions made by jihadist groups can have extremely negative impacts on societies. Studying the characteristics of their attacks over time is therefore crucial to extract relevant knowledge on their operational choices. In light of this, the present study employs transition networks to construct trails and analyze the behavioral patterns of the world’s five most active jihadist groups using open access data on terror attacks from 2001 to 2016. Within this frame, we propose Normalized Transition Similarity (NTS), a coefficient that captures groups’ pairwise similarity in terms of transitions between different temporally ordered sequences of states. For each group, these states respectively map attacked targets, employed weapons, and targets and weapons combined together with respect to the entire sequence of attacks. Analyses show a degree of stability of results among a number of pairs of groups across all trails. With this regard, Al Qaeda and Al Shabaab exhibit the highest NTS scores, while the Taliban and Al Qaeda prove to be the most different groups overall. Finally, potential policy implications and future work directions are also discussed."
"2","2019","Personal stories matter: topic evolution and popularity among pro- and anti-vaccine online articles","Xu, Zhan","https://link.springer.com/article/10.1007/s42001-019-00044-w","People tend to read health articles that have gone viral online. A large portion of online popular vaccine articles are against vaccines, which lead to increased exemption rates and recent outbreaks of vaccine-preventable diseases. Since anti-vaccine articles’ themes and persuasive strategies change fast, their effects on viewers’ behaviors may change over time. This study examined how pro- and anti-vaccine topics and public interests have changed from 2007 to 2017. Computational methods (e.g., topic modeling) were used to analyze 923 online vaccine articles and over 4 million shares, reactions, and comments that they have received on social media. Pro-vaccine messages (PVMs) that used personal stories received the most heated discussion online and pure scientific knowledge received the least attention. PVMs that present vaccine disagreements and limitations were not popular. These findings indicate the importance of narratives and directly attacking opposing arguments in health message design. Anti-vaccine messages (AVMs) that discussed flu shots and government conspiracy received the most attention. Since April 2015, even though more PVMs appeared online, AVMs, especially those about vaccine damage, were increasingly more popular than PVMs. Some social events and disease outbreaks might contribute to the popularity of AVMs. Newly emerged anti-vaccine topics (e.g., false rumors of CDC conspiracy) should be noted. This study shows that certain topics can be more popular online and can potentially reach a larger population. It also reveals the evolution of vaccine-related topics and public’s interest. Findings can help to design effective interventions and develop programs to track and combat misinformation."
"2","2019","Practicality evaluation of stochastic model on networks for the real economy simulation","Goto, Hiromitsu; Souma, Wataru; Fujita, Yuji","https://link.springer.com/article/10.1007/s42001-019-00029-9","We investigate the practicality of the Bouchaud–Mézard (BM) model for the real economy simulation using an information of Japanese production network, which contains basic financial information for more than a million firms and several million links of supplier–customer links. We found that the BM model can fit the power-law tail of the sales distribution and partially predict the sales for the individual firm."
"2","2019","Preface","Ito, Nobuyasu","https://link.springer.com/article/10.1007/s42001-019-00042-y",""
"2","2019","Reflections on study abroad: a computational linguistics approach","Grajzl, Peter; Irby, Cindy","https://link.springer.com/article/10.1007/s42001-019-00038-8","Study abroad and the associated sociocultural experience has been a subject of substantial interest to social science scholars and university administrators. Shedding novel light on the phenomenon, we draw on a corpus of student-authored reflective essays and apply machine learning methods for analysis of text-as-data to examine the features and the determinants of salient themes emphasized by students in their study abroad reflections. Our analysis identifies 18 different topics spanning the domains of distinctly cultural cognition, interaction with people, physical environment, and personal change. Specifics of the experience such as duration and location, timing of reflections, and observable student characteristics including gender, major, academic performance, extracurricular involvement, and socioeconomic status are all important determinants of student’s reflections. Different factors, however, matter differently with respect to students’ emphases on particular topics, a finding indicative of the complex nature of the study abroad experience."
"2","2019","The intertwined cyberbalkanizations of Facebook pages and their audience: an analysis of Facebook pages and their audience during the 2014 Hong Kong Occupy Movement","Chan, Chung-hong; Zhu, Junior Yuner; Chow, Cassius Siu-lun; Fu, King-wa","https://link.springer.com/article/10.1007/s42001-019-00043-x","This study tests a hypothesis that information sources (e.g., Facebook pages) that share information more frequently with each other have high level of audience overlapping. This association is also hypothesized to be politically motivated. To test the empirical relationship, a Facebook pages sharing network was created using the information shared between 1453 Facebook pages during a social movement in Hong Kong. The sharing frequency between two pages was denoted as the page-level edge weight. The audience of Facebook pages—commenters and likers of the page’s posts—were collected. The Jaccard similarity coefficient between two pages was measured as the audience-level edge weight. Using network regression analysis, the page-level and audience-level edge weights were significantly associated. To show this relationship is politically motivated, 1076 audience members were randomly selected and with their political preferences labeled by inferring from their Facebook profile pictures. Using machine learning models, the repertoires of Facebook pages that they have interacted with can predict their political preferences. Our study demonstrated that selective sharing between information source is associated with the division of their audiences into enclaved subgroups with similar political ideologies."
"2","2019","The role of space and place in social media communication: two case studies of policy perspectives","Sharag-Eldin, Adiyana; Ye, Xinyue; Spitzberg, Brian; Tsou, Ming-Hsiang","https://link.springer.com/article/10.1007/s42001-019-00045-9","The study of how space and place intersect with social policy is still nascent but developing rapidly. As two exemplars of the potential that such research offers, the objective of this review is to integrate the research collected during recent studies of fracking and the death penalty. The primary disciplinary value of this review is to demonstrate the spatial value of communication and social media studies. This study adopts a communication-based theoretical framework as a lens to guide methodological choices in analyzing public perceptions. The social media application from Twitter is used as the engine to capture opinions of social media users engaging public controversies. This review locates connections in the literature between geographers/spatial scientists and communication media theorists."
"2","2019","Visualization of a directed network with focus on its hierarchy and circularity","Kichikawa, Yuichi; Iino, Takashi; Iyetomi, Hiroshi; Inoue, Hiroyasu","https://link.springer.com/article/10.1007/s42001-019-00031-1","The spring-electric model is a useful tool to visualize a large-scale complex network. However, information on the flow of directed network may not be properly reflected because links are basically treated as undirected. Here, we propose a new visualization method with an explicit account of network flow structure information by combining Helmholtz–Hodge decomposition and the spring-electric model. We then demonstrate its effectiveness by adopting actual Japanese production flow network as a test ground. The Helmholtz–Hodge decomposition enables us to break down flow on a directed network into two flow components: potential flow and circular flow. The potential flow between a pair of nodes is given by difference of their potentials, and hence, the potential of a node shows its hierarchical position in a network. On the other hand, the circular flow component illuminates feedback loops built in a network. We also identify dominant clusters of firms forming feedback loops by applying a flow-based community detection method to the extracted circular flow network. We find that both hierarchical and loop structures coexist within the major industries such as construction, manufacturing, and wholesales."
"2","2019","You are what you eat","Sasahara, Kazutoshi","https://link.springer.com/article/10.1007/s42001-019-00039-7","Food preferences not only originate from a person’s dietary habits, but also reflect personal values and consumer awareness. This study addresses “food identity” or the relationship between food preferences and personal attributes based on the concept of “food left-wing” (e.g., vegetarians) and “food right-wing” (e.g., fast-food lovers) by analyzing social data using information entropy and networks. The results show that food identity extends beyond the domain of food: The food left-wing has a strong interest in socio-environmental issues, while the food right-wing has a higher interest in large-scale shopping malls and politically conservative issues. Furthermore, the social interactions of food left-wing and right-wing factions show segregated structures, indicating different information consumption patterns. These findings suggest that food identity may be applicable as a proxy for personal attributes and offer insights into potential buying patterns."
"3","2020","A belief in rewards accelerates cooperation on consumer-generated media","Toriumi, Fujio; Yamamoto, Hitoshi; Okada, Isamu","https://link.springer.com/article/10.1007/s42001-019-00049-5","Consumer-Generated Media (CGM) are useful for sharing information, but information does not come without cost. Incentives to discourage free riding (receiving information, but not providing it) are, therefore, offered to CGM users. The public goods game framework is a strong tool for analyzing and understanding CGM and users’ information behaviors. Although it is well known that rewards are needed for maintaining cooperation in CGM, the existing models hypothesize three unnatural hypotheses: the linkage hypothesis, unlimited meta-rewarder, and sanction without expectation. In this study, we update the meta-reward model to identify a realistic situation through which to achieve a cooperation on CGM. Our model reveals that restricted public goods games cannot provide cooperative regimes when players are myopic and never have any strategies on their actions. Cooperative regimes emerge if players that provide the first-order rewards know whether cooperative players will give the second-order rewards to the first-order rewarders. In the context of CGM, active posting of articles occurs if potential commenters/responders can ascertain that the user posting the article will respond to their comments."
"3","2020","A computational algorithm to analyze unobserved sequential reactions of the central banks: inference on complex lead–lag relationship in evolution of policy stances","Chakrabarti, Anindya S.; Kumar, Sudarshan","https://link.springer.com/article/10.1007/s42001-019-00052-w","Central banks of different countries are some of the largest economic players at the global scale and they are not static in their monetary policy stances. They change their policies substantially over time in response to idiosyncratic or global factors affecting the economies. A very prominent and empirically documented feature arising out of central banks’ actions is that the relative importance assigned to inflation vis-a-vis output fluctuations evolves substantially over time. We analyze the leading and lagging behavior of central banks of various countries in terms of adopting low inflationary environment vis-a-vis high weight assigned to counteract output fluctuations, in a completely data-driven way. To this end, we propose a new methodology by combining complex Hilbert principle component analysis with state–space models in the form of Kalman filter. The CHPCA mechanism is non-parametric and provides a clean identification of leading and lagging behavior in terms of phase differences of time series in the complex plane. We show that the methodology is useful to characterize the extent of coordination (or lack thereof), of monetary policy stances taken by central banks in a cross-section of developed and developing countries. In particular, the analysis suggests that US Fed led other countries central banks in the pre-crisis period in terms of pursuing low-inflationary regimes."
"3","2020","A deep learning framework for clickbait detection on social area network using natural language cues","Naeem, Bilal; Khan, Aymen; Beg, Mirza Omer; Mujtaba, Hasan","https://link.springer.com/article/10.1007/s42001-020-00063-y","Social networks are generating huge amounts of complex textual data which is becoming increasingly difficult to process intelligently. Misinformation on social media networks, in the form of fake news, has the power to influence people, sway opinions and even have a decisive impact on elections. To shield ourselves against manipulative misinformation, we need to develop a reliable mechanism to detect fake news. Yellow journalism along with sensationalism has done a lot of damage by misrepresenting facts and manipulating readers into believing false narratives through hyperbole. Clickbait does exactly this by using characteristics of natural language to entice users into clicking a link and can hence be classified as fake news. In this paper, we present a deep learning framework for clickbait detection. The framework is trained to model the intrinsic characteristics of clickbait for knowledge discovery and then used for decision making by classifying headlines as either clickbait or legitimate news. We focus our attention on the linguistic analysis during the knowledge discovery phase as we investigate the underlying structure of clickbait headlines using our Part of Speech Analysis Module. The decision-making task of classification is carried out using long short-term memory. We believe that it is our framework’s architecture that has played a pivotal role to outperform the current state of the art with a classification accuracy of 97%."
"3","2020","An open-source framework for non-spatial and spatial segregation measures: the PySAL segregation module","Cortes, Renan Xavier; Rey, Sergio; Knaap, Elijah; Wolf, Levi John","https://link.springer.com/article/10.1007/s42001-019-00059-3","In human geography and the urban social sciences, the segregation literature typically engages with five conceptual dimensions along which a given society may be considered segregated: evenness, isolation, clustering, concentration and centralization (all of which can incorporate or omit spatial context). Over the last several decades, dozens of segregation indices have been proposed and studied in the literature, each of which is designed to focus on the nuances of a particular dimension, or correct an oversight in earlier work. Despite their increasing proliferation, however, few of these indices remain used in practice beyond their original conception, due in part to complex formulae and data requirements, particularly for indices that incorporate spatial context. Furthermore, existing segregation software typically fails to provide inferential frameworks for either single-value or comparative hypothesis testing. To fill this gap, we develop an open-source Python package designed as a submodule for the Python Spatial Analysis Library, PySAL. This new module tackles the problem of segregation point estimation for a wide variety of spatial and aspatial segregation indices, while providing a computationally based hypothesis testing framework that relies on simulations under the null hypothesis. We illustrate the use of this new library using tract-level census data in two American cities."
"3","2020","Around the world in 60 days: an exploratory study of impact of COVID-19 on online global news sentiment","Chakraborty, Amartya; Bose, Sunanda","https://link.springer.com/article/10.1007/s42001-020-00088-3","The world is going through an unprecedented crisis due to COVID-19 breakout, and people all over the world are forced to stay indoors for safety. In such a situation, the rise and fall of the number of affected cases or deaths has turned into a constant headline in most news channels. Consequently, there is a lack of positivity in the world-wide news published in different forms of media. Texts based on news articles, movie reviews, tweets, etc. are often analyzed by researchers, and mined for determining opinion or sentiment, using supervised and unsupervised methods. The proposed work takes up the challenge of mining a comprehensive set of online news texts, for determining the prevailing sentiment in the context of the ongoing pandemic, along with a statistical analysis of the relation between actual effect of COVID-19 and online news sentiment. The amount and observed delay of impact of the ground truth situation on online news is determined on a global scale, as well as at country level. The authors conclude that at a global level, the news sentiment has a good amount of dependence on the number of new cases or deaths, while the effect varies for different countries, and is also dependent on regional socio-political factors."
"3","2020","Bots and online hate during the COVID-19 pandemic: case studies in the United States and the Philippines","Uyheng, Joshua; Carley, Kathleen M.","https://link.springer.com/article/10.1007/s42001-020-00087-4","Online hate speech represents a serious problem exacerbated by the ongoing COVID-19 pandemic. Although often anchored in real-world social divisions, hate speech in cyberspace may also be fueled inorganically by inauthentic actors like social bots. This work presents and employs a methodological pipeline for assessing the links between hate speech and bot-driven activity through the lens of social cybersecurity. Using a combination of machine learning and network science tools, we empirically characterize Twitter conversations about the pandemic in the United States and the Philippines. Our integrated analysis reveals idiosyncratic relationships between bots and hate speech across datasets, highlighting different network dynamics of racially charged toxicity in the US and political conflicts in the Philippines. Most crucially, we discover that bot activity is linked to higher hate in both countries, especially in communities which are denser and more isolated from others. We discuss several insights for probing issues of online hate speech and coordinated disinformation, especially through a global approach to computational social science."
"3","2020","Comparison of machine learning methods for financial time series forecasting at the examples of over 10 years of daily and hourly data of DAX 30 and S&P 500","Ersan, Deniz; Nishioka, Chifumi; Scherp, Ansgar","https://link.springer.com/article/10.1007/s42001-019-00057-5","This article conducts a systematic comparison of three methods for predicting the direction (+/−) of financial time series using over ten years of DAX 30 and the S&P 500 datasets at daily and hourly frames. We choose the methods from representative machine learning families, particularly supervised versus unsupervised. The methods are support vector machines (SVM), artificial neural networks, and k -nearest neighbor ( k -NN). We explore the influence of different training window lengths and numbers of out-of-sample predictions. Furthermore, we investigate whether kernel principle component analysis (KPCA) improves prediction, through reducing data dimensionality. Additionally, we verify whether combining machine learning methods by bootstrap aggregating outperforms single methods. Key insights from the experiment are: All machine learning methods are in principle useful to predict the direction of (+/−) financial time series. But to our surprise, increasing the window size only helps to a certain extent for hourly data, before it actually reduces the performance. The number of out-of-sample predictions had a small impact, while KPCA made a strong difference for SVM and k -NN. Finally, backtesting selected machines with a trading system on daily data revealed that the lazy learner k -NN outperforms the supervised approaches."
"3","2020","Conspiracy in the time of corona: automatic detection of emerging COVID-19 conspiracy theories in social media and the news","Shahsavari, Shadi; Holur, Pavan; Wang, Tianyi; Tangherlini, Timothy R.; Roychowdhury, Vwani","https://link.springer.com/article/10.1007/s42001-020-00086-5","Rumors and conspiracy theories thrive in environments of low confidence and low trust. Consequently, it is not surprising that ones related to the COVID-19 pandemic are proliferating given the lack of scientific consensus on the virus’s spread and containment, or on the long-term social and economic ramifications of the pandemic. Among the stories currently circulating in US-focused social media forums are ones suggesting that the 5G telecommunication network activates the virus, that the pandemic is a hoax perpetrated by a global cabal, that the virus is a bio-weapon released deliberately by the Chinese, or that Bill Gates is using it as cover to launch a broad vaccination program to facilitate a global surveillance regime. While some may be quick to dismiss these stories as having little impact on real-world behavior, recent events including the destruction of cell phone towers, racially fueled attacks against Asian Americans, demonstrations espousing resistance to public health orders, and wide-scale defiance of scientifically sound public mandates such as those to wear masks and practice social distancing, countermand such conclusions. Inspired by narrative theory, we crawl social media sites and news reports and, through the application of automated machine-learning methods, discover the underlying narrative frameworks supporting the generation of rumors and conspiracy theories. We show how the various narrative frameworks fueling these stories rely on the alignment of otherwise disparate domains of knowledge, and consider how they attach to the broader reporting on the pandemic. These alignments and attachments, which can be monitored in near real time, may be useful for identifying areas in the news that are particularly vulnerable to reinterpretation by conspiracy theorists. Understanding the dynamics of storytelling on social media and the narrative frameworks that provide the generative basis for these stories may also be helpful for devising methods to disrupt their spread."
"3","2020","Different patterns of social closeness observed in mobile phone communication","Fudolig, Mikaela Irene D.; Monsivais, Daniel; Bhattacharya, Kunal; Jo, Hang-Hyun; Kaski, Kimmo","https://link.springer.com/article/10.1007/s42001-019-00054-8","We analyze a large-scale mobile phone call dataset containing information on the age, gender, and billing locality of users to get insight into social closeness in pairs of individuals of similar age. We show that in addition to using the demographic information, the ranking of contacts by their call frequency in egocentric networks is crucial to characterize the different communication patterns. We find that mutually top-ranked opposite-gender pairs show the highest levels of call frequency and daily regularity, which is consistent with the behavior of real-life romantic partners. At somewhat lower level of call frequency and daily regularity come the mutually top-ranked same-gender pairs, while the lowest call frequency and daily regularity are observed for mutually non-top-ranked pairs. We have also observed that older pairs tend to call less frequently and less regularly than younger pairs, while the average call durations exhibit a more complex dependence on age. We expect that a more detailed analysis can help us better characterize the nature of relationships between pairs of individuals and distinguish between various types of relations, such as siblings, friends, and romantic partners."
"3","2020","From defection to ingroup favoritism to cooperation: simulation analysis of the social dilemma in dynamic networks","Takesue, Hirofumi","https://link.springer.com/article/10.1007/s42001-019-00058-4","The emergence of cooperation in social dilemmas is a core question in the social sciences, the proposed solution being ingroup favoritism, a conditional strategy where individuals only cooperate with members of their own group. However, empirical literature has suggested that ingroup favoritism prevents one from realizing profitable interactions with outgroup members. Such an observation calls for a theoretical analysis that would help in understanding what factors affect the transition from ingroup favoritism to unconditional cooperation. Here, we conducted computational experiments in which agents located in social networks imitate traits of successful neighbors or sever social ties with defecting neighbors and connect them to other agents. The results of our simulation showed transitions from unconditional defection to ingroup favoritism to unconditional cooperation with a more frequent occurrence of link rewiring. This indicates the usefulness of the dynamic-networks framework in understanding the reason why cooperation is achieved in specific societies and why different types of cooperation are observed in different ones."
"3","2020","Identifying social media user demographics and topic diversity with computational social science: a case study of a major international policy forum","Brandt, John; Buckingham, Kathleen; Buntain, Cody; Anderson, Will; Ray, Sabin; Pool, John-Rob; Ferrari, Natasha","https://link.springer.com/article/10.1007/s42001-019-00061-9","When the world’s countries agreed on the 2030 Agenda for Sustainable Development, they recognized that equity and inclusion should be at the center of implementing the 17 Sustainable Development Goals (SDGs). SDG 15, which calls for protecting, restoring, and promoting the sustainable use of terrestrial ecosystems, has spurred commitments to restore 350 million hectares of land by 2030. These commitments, primarily made in a top-down manner at the international scale, must be implemented by actively engaging individual landholders and local communities. Ensuring that diverse and marginalized audiences are engaged in the land restoration movement is critical to equitably distributing the economic benefits of restoration. This publication uses social network analysis and machine learning to understand how important the voices of Africans, women, and young people are in governing restoration in Africa. We analyze location- and machine learning-identified demographics from Twitter data collected during the Global Landscapes Forum (GLF), which is the world’s largest platform for promoting sustainable land use practices. Our results suggest that convening the GLF in Nairobi, Kenya elevated the voices of African leaders in comparison to the previous GLF in Bonn, Germany. We also found significant demographic differences in topic-level engagement between different ages, races, and genders. The primary contributions of this paper are a novel methodology for quantifying demographic differences in social media engagement and the application of social media and social network analysis to provide critical insights into the inclusivity of a large political conference aimed at engaging youth and African voices."
"3","2020","Influencing overseas Chinese by tweets: text-images as the key tactic of Chinese propaganda","Wang, Austin Horng-En; Lee, Mei-chun; Wu, Min-Hsuan; Shen, Puma","https://link.springer.com/article/10.1007/s42001-020-00091-8","The literature on China’s social media foreign propaganda mostly focuses on text-format contents in English, which may miss the real target and the tool for analysis. In this article, we traced 1256 Twitter accounts echoing China government’s #USAVirus propaganda before and after Twitter removed state-linked operations on June 12, 2020. The 3567 tweets with #USAVirus we collected, albeit many written in English, 74% of them attached with a lengthy simplified Chinese text-image. Distribution of the post-creation time fits the working-hour in China. Overall, 475 (37.8%) accounts we traced were later suspended after Twitter’s disclosure. Our dataset enables us to analyze why and why not Twitter suspends certain accounts. We apply the decision tree, random forest, and logit regression to explain the suspensions. All models suggest that the inclusion of a text-image is the most important predictor. The importance outweighs the number of followers, engagement, and the text content of the tweet. The prevalence of simplified Chinese text-images in the #USAVirus trend and their impact on Twitter account suspensions both evidence the importance of text-image in the study of state-led propaganda. Our result suggests the necessity of extracting and analyzing the content in the attached text-image."
"3","2020","Journalists on Twitter: self-branding, audiences, and involvement of bots","Varol, Onur; Uluturk, Ismail","https://link.springer.com/article/10.1007/s42001-019-00056-6","Spread of news and misinformation on social networks have been a topic of extensive study in the recent years. There are concerns about the possibility of ongoing information operations, which has lead to studies on a wide scope including the truthfulness of content and the participation of social bots in the process. Studying how online entities of journalists is embedded in the Twitter network is crucial for understanding the core of this problem, since they hold a valuable broadcast platform in informing the public. In this work, we collected over 290,000 accounts that self-identify as a journalist or a reporter and analyzed their professional and follower networks on the platform. Twitter follower composition of journalists reflect their potential audiences and who disseminates their messages further on the network. It is essential for a journalist to reach a broad, organic readership as opposed to a following of bots and bot-assisted accounts. We looked at the followers of journalists for an analysis of the composition and evolution of their audiences, particularly looking out for social bot involvement. We found the trends for verified and non-verified accounts to be opposite of each other; among verified accounts bot follower tend to target more popular ones, whereas unverified accounts have a higher fraction of bot followers early on when they have fewer followers, possibly indicating attempts at boosting apparent popularity artificially. Outcomes of this research emphasize the importance of editorial oversight and that the prestige of journalists should not be confused with their apparent popularity online."
"3","2020","Misinformation, manipulation, and abuse on social media in the era of COVID-19","Ferrara, Emilio; Cresci, Stefano; Luceri, Luca","https://link.springer.com/article/10.1007/s42001-020-00094-5","The COVID-19 pandemic represented an unprecedented setting for the spread of online misinformation, manipulation, and abuse, with the potential to cause dramatic real-world consequences. The aim of this special issue was to collect contributions investigating issues such as the emergence of infodemics, misinformation, conspiracy theories, automation, and online harassment on the onset of the coronavirus outbreak. Articles in this collection adopt a diverse range of methods and techniques, and focus on the study of the narratives that fueled conspiracy theories, on the diffusion patterns of COVID-19 misinformation, on the global news sentiment, on hate speech and social bot interference, and on multimodal Chinese propaganda. The diversity of the methodological and scientific approaches undertaken in the aforementioned articles demonstrates the interdisciplinarity of these issues. In turn, these crucial endeavors might anticipate a growing trend of studies where diverse theories, models, and techniques will be combined to tackle the different aspects of online misinformation, manipulation, and abuse."
"3","2020","Partisan public health: how does political ideology influence support for COVID-19 related misinformation?","Havey, Nicholas Francis","https://link.springer.com/article/10.1007/s42001-020-00089-2","This study analyzes over 4000 tweets related to six misinformation topics about the COVID-19 pandemic: the use of hydroxychloroquine as treatment, the use of bleach as a preventative measure, Bill Gates intentionally causing the virus, the Chinese Communist Party intentionally causing the virus, and the Deep State causing the virus to ruin the economy and threaten President Trump’s reelection chances. Across 5 of 6 topics (excluding bleach), conservatives dominate the discourse on Twitter. Conservatives are also more likely than their liberal peers to believe in and push conspiracy theories that the Chinese Communist Party, Bill Gates, and the Deep State are working in conjunction to infect the population and enact a surveillance state. Pandemic related misinformation has previously been associated with decreased adherence to public health recommendations and adverse health effects and evidence from the current pandemic indicates that adherence to public health recommendations is starkly partisan. This study suggests that the political and informational polarization further facilitated by social media platforms such as Twitter may have dire consequences for public health."
"3","2020","Second-order micromotives and macrobehaviour","Collard, Philippe","https://link.springer.com/article/10.1007/s42001-020-00062-z","This paper deals with the gap between the preferences of individual agents and collective outcomes. The typical example of this topic is the Schelling–Sakoda segregation model where a first-order discrimination criterion is used to decide whether or not a person will leave his place. Based on the ratio of “acceptable” people around one individual, simple simulations show that even tolerant agents end up being spatially aggregated far beyond of the local requirement of their tolerance level. Here, we use a second-order discrimination criterion to compel people to leave their places, that is a criterion based on the result of the first-order one. According to the respective strength of the two criteria, the problematic will be to determine the spatial repartition of the agents resulting from their moves. This paper provides some answers to the question: does a second-order criterion contribute or not to reduce the gap between micromotives and macrobehaviour?"
"3","2020","Sentiment and position-taking analysis of parliamentary debates: a systematic literature review","Abercrombie, Gavin; Batista-Navarro, Riza","https://link.springer.com/article/10.1007/s42001-019-00060-w","Parliamentary and legislative debate transcripts provide access to information concerning the opinions, positions, and policy preferences of elected politicians. They attract attention from researchers from a wide variety of backgrounds, from political and social sciences to computer science. As a result, the problem of computational sentiment and position-taking analysis has been tackled from different perspectives, using varying approaches and methods, and with relatively little collaboration or cross-pollination of ideas. The existing research is scattered across publications from various fields and venues. In this article, we present the results of a systematic literature review of 61 studies, all of which address the automatic analysis of the sentiment and opinions expressed, and the positions taken by speakers in parliamentary (and other legislative) debates. In this review, we discuss the existing research with regard to the aims and objectives of the researchers who work in this area, the automatic analysis tasks which they undertake, and the approaches and methods which they use. We conclude by summarizing their findings, discussing the challenges of applying computational analysis to parliamentary debates, and suggesting possible avenues for further research."
"3","2020","The fully visible Boltzmann machine and the Senate of the 45th Australian Parliament in 2016","Bagnall, Jessica J.; Jones, Andrew T.; Karavarsamis, Natalie; Nguyen, Hien D.","https://link.springer.com/article/10.1007/s42001-019-00055-7","After the 2016 double dissolution election, the 45th Australian Parliament was formed. At the time of its swearing in, the Senate of the 45th Australian Parliament consisted of nine political parties, the largest number in the history of the Australian Parliament. Due to the breadth of the political spectrum that the Senate represented, the situation presented an interesting opportunity for the study of political interactions in the Australian context. Using publicly available Senate voting data in 2016, we quantitatively analyzed two aspects of the Senate. First, we analyzed the degree to which each of the non-government parties of the Senate is pro- or anti-government. Second, we analyzed the degree to which the votes of each of the non-government Senate parties are in concordance or discordance with one another. We utilized the fully visible Boltzmann machine (FVBM) model to conduct these analyses. The FVBM is an artificial neural network that can be viewed as a multivariate generalization of the Bernoulli distribution. Via a maximum pseudolikelihood estimation approach, we conducted parameter estimation and constructed hypothesis tests that revealed the interaction structures within the Australian Senate. The conclusions that we drew are well supported by external sources of information."
"3","2020","Understanding high- and low-quality URL Sharing on COVID-19 Twitter streams","Singh, Lisa; Bode, Leticia; Budak, Ceren; Kawintiranon, Kornraphop; Padden, Colton; Vraga, Emily","https://link.springer.com/article/10.1007/s42001-020-00093-6","This article investigates the prevalence of high and low quality URLs shared on Twitter when users discuss COVID-19. We distinguish between high quality health sources, traditional news sources, and low quality misinformation sources. We find that misinformation, in terms of tweets containing URLs from low quality misinformation websites, is shared at a higher rate than tweets containing URLs on high quality health information websites. However, both are a relatively small proportion of the overall conversation. In contrast, news sources are shared at a much higher rate. These findings lead us to analyze the network created by the URLs referenced on the webpages shared by Twitter users. When looking at the combined network formed by all three of the source types, we find that the high quality health information network, the low quality misinformation network, and the news information network are all well connected with a clear community structure. While high and low quality sites do have connections to each other, the connections to and from news sources are more common, highlighting the central brokerage role news sources play in this information ecosystem. Our findings suggest that while low quality URLs are not extensively shared in the COVID-19 Twitter conversation, a well connected community of low quality COVID-19 related information has emerged on the web, and both health and news sources are connecting to this community."
"3","2020","Vindication, virtue, and vitriol","Farrell, Tracie; Gorrell, Genevieve; Bontcheva, Kalina","https://link.springer.com/article/10.1007/s42001-020-00090-9","COVID-19 has given rise to a lot of malicious content online, including hate speech, online abuse, and misinformation. British MPs have also received abuse and hate on social media during this time. To understand and contextualise the level of abuse MPs receive, we consider how ministers use social media to communicate about the pandemic, and the citizen engagement that this generates. The focus of the paper is on a large-scale, mixed-methods study of abusive and antagonistic responses to UK politicians on Twitter, during the pandemic from early February to late May 2020. We find that pressing subjects such as financial concerns attract high levels of engagement, but not necessarily abusive dialogue. Rather, criticising authorities appears to attract higher levels of abuse during this period of the pandemic. In addition, communicating about subjects like racism and inequality may result in accusations of virtue signalling or pandering by some users. This work contributes to the wider understanding of abusive language online, in particular that which is directed at public officials."
"4","2021","“Evacuate everyone south of that line” Analyzing structural communication patterns during natural disasters","Kušen, Ema; Strembeck, Mark","https://link.springer.com/article/10.1007/s42001-020-00092-7","In this paper, we analyze more than 16 million tweets that have been sent from 6.1 million Twitter accounts and are related to nine natural disasters. As part of our analysis, we identify eight basic emotions conveyed in these tweets. We found that during natural disasters, social media messages at first predominantly express fear, while sadness and positive emotions increase in the immediate aftermath of the event. In this context, positive emotions contribute to the social phenomenon of emotional bonding and are often related to compassion, gratitude, as well as donations for disaster relief. In our analysis, we found that the users’ emotional expressions directly contribute to the emergence of the underlying communication network. In particular, we identified statistically significant structural patterns that we call emotion-exchange motifs and show that: (1) the motifs 021U and 021D are common for the communication of all eight emotions considered in this study, (2) motifs which include bidirectional edges (i.e. online conversations) are generally not characteristic for the communication of surprise, sadness, and disgust, (3) the structural analysis of a set of emotions (rather than a single emotion) leads to the formation of more complex motifs representing more complex social interactions, and (4) the messaging patterns emerging from the communication of joy and sadness show the highest structural similarity, even reaching a perfect similarity score at some point during the data-extraction period."
"4","2021","A novel systematic approach of constructing protests repertoires from social media: comparing the roles of organizational and non-organizational actors in social movement","Teo, Elgar; Fu, King-wa","https://link.springer.com/article/10.1007/s42001-021-00101-3","Activism today is no longer bound to be organization-led, but has evolved to be mostly crowd-enabled connective actions via social media where much of the coordination and mobilization take place. This poses a challenge for social movement researchers to even keep track of the full set of action repertoires. In the social movement in Hong Kong in 2019, protesters have relied on Telegram, an encrypted messaging service, and other digital channels to mobilize thousands of collective actions of various scales and disseminate real-time updates on police’s anti-riot measures such as the use of tear gas. The months-long conflicts and the lack of official statistics render conventional manual data collection approaches difficult to implement. Using text-mining techniques, we extracted spatial–temporal information of the protesters’ call for actions and the police’s tear gas use in the social movement from over 12,000 messages collected from more than 100 Telegram channels operated by the activists and news media. The validation shows that the resulting datasets are more inclusive, especially small-scale actions, than manually compiled ones. Using the data, we identify a pattern of hybridized mobilization between organizational and non-organizational activists in the Anti-ELAB movement. This paper demonstrates how utilizing social media data can complement existing data collection methods and build a more-comprehensive record of collective actions with greater potential in supporting social movement research in the age of digitization."
"4","2021","Agent-based modeling for migration and modern slavery research: a systematic review","McAlpine, Alys; Kiss, Ligia; Zimmerman, Cathy; Chalabi, Zaid","https://link.springer.com/article/10.1007/s42001-020-00076-7","This systematic review aims to synthesize how agent-based modeling (ABM) has been used in migration and modern slavery research and provide the basis to model development for social science researchers exploring the use of ABM. We searched five bibliographic databases using two terminology categories: (1) migration or modern slavery terminology; (2) complex system methods terminology. Two reviewers conducted independent article screening. Peer-reviewed articles presenting original migration or modern slavery ABMs were included. Data extraction included model development steps and model characteristics. The dataset was synthesized and compared across studies. We identified 28 articles for inclusion. Many of the ABMs tested theories and about half were based on empirical data. Model development varied considerably and reported methods were extremely opaque. Only five studies used a structured development framework. The most common model involved agents deciding whether and where to migrate and attempting migration. Climate change was a common exogenous scenario modeled. Most of the ABMs did not undergo any sensitivity analysis or validation.ABM has a greater capacity to account for heterogeneous and dynamic decision-making than more frequently applied methods in research on migration and modern slavery. However, there is still a paucity of studies adopting ABM methods. These reviewed ABMs highlight gaps in the reporting and implementing of model development. ABM is a promising technique to address many urgent and complex questions in research on migration and modern slavery to better support decision-makers, but addressing current methodological gaps is a critical first step."
"4","2021","Algorithms may not learn to play a unique Nash equilibrium","Fujiwara-Greve, Takako; Nielsen, Carsten Krabbe","https://link.springer.com/article/10.1007/s42001-021-00109-9","There is a widespread hope that, in the near future, algorithms become so sophisticated that “solutions” to most problems are found by machines. In this note, we throw some doubts on this expectation by showing the following impossibility result: given a set of finite-memory, finite-iteration algorithms, a continuum of games exist, whose unique and strict Nash equilibrium cannot be reached from a large set of initial states. A Nash equilibrium is a social solution to conflicts of interest, and hence finite algorithms should not be always relied upon for social problems. Our result also shows how to construct games to deceive a given set of algorithms to be trapped in a cycle without a Nash equilibrium."
"4","2021","An agent-based model of cooperation with cross-cutting identity dimensions","Cioroianu, Iulia","https://link.springer.com/article/10.1007/s42001-020-00065-w","This paper provides an evolutionary explanation for the different patterns of cooperation across groups in societies in which social and political identity dimensions are cross-cutting, compared to societies in which identity dimensions are overlapping. An agent-based model of interaction between individuals belonging to different groups is presented. An agent’s decision to cooperate or defect in a prisoners' dilemma game is based on the identity of the others along two identity dimensions. In the first version of the model, the two identities are equally salient, while in the second version, their relative salience varies. The results show that in the presence of cross-cutting identity dimensions, cooperation takes place not only within clusters of identical individuals, as suggested by previous models, but also along each of the two identity dimensions, between individuals that share only one of the two identity traits. As the relative salience of one identity dimension increases, cooperating along the lines of the more salient dimension becomes the most successful strategy. These findings are relevant for understanding the patterns of cooperation in heterogenous societies and under increased levels of social and political polarization."
"4","2021","Anchored k-medoids: a novel adaptation of k-medoids further refined to measure long-term instability in the exposure to crime","Adepeju, Monsuru; Langton, Samuel; Bannister, Jon","https://link.springer.com/article/10.1007/s42001-021-00103-1","Longitudinal clustering techniques are widely deployed in computational social science to delineate groupings of subjects characterized by meaningful developmental trends. In criminology, such methods have been utilized to examine the extent to which micro places (such as streets) experience macro-level police-recorded crime trends in unison. This has largely been driven by a theoretical interest in the longitudinal stability of crime concentrations, a topic that has become particularly pertinent amidst a widespread decline in recorded crime. Recent studies have tended to rely on a generic implementation k-means to unpick this stability, with little consideration for its theoretical suitability. This study makes two methodological contributions. First, it demonstrates the application of k-medoids to study longitudinal crime concentrations, and second, it develops a novel ‘anchored k-medoids’ (ak-medoids), a bespoke clustering method specifically designed to meet the theoretical requirements of micro-place investigations into long-term stability. Using both simulated data and 15-years of police-recorded crime data from Birmingham, England, we compare the performances of k-medoids against ak-medoids. We find that both methods highlight instability in the exposure to crime over time, but the consistency and contribution of cluster solutions determined by ak-medoids provide insight overlooked by k-medoids, which is sensitive to short-term fluctuations and subject starting points. This has important implications for the theories said to explain longitudinal crime concentrations, and the law enforcement agencies seeking to offer an effective and equitable service to the public."
"4","2021","Bridging of different sites by bohemians and tourists: analysis by agent-based simulation","Horiuchi, Shiro","https://link.springer.com/article/10.1007/s42001-020-00096-3","Individuals often aggregate in areas of high density where they can form profitable social networks. Individuals of few resources cannot manage the high costs of density and are displaced into areas of low density. The lifestyle of bohemian and tourist may increase the profits of all parties and shrink inequalities among sites. Since these lifestyles are possible only for the rich, this phenomenon may further expand inequality. To test the effects of the lifestyle of bohemian and tourist on inequality, we run an agent-based simulation (ABS) in which some agents (individuals) select only their residence sites (singular) and others select two sites for their residence and visits (dual), paying additive costs. The ABS demonstrates that when we increase the number of duals, all agents gain higher profits, and inequalities among agents of different sites decrease. The ABS also demonstrates that any agent evolves to a dual when the costs of density and travel are small. Further research could consider the possibility of the dual lifestyle by conducting studies on groups of bohemians and tourists."
"4","2021","Classifying crime places by neighborhood visual appearance and police geonarratives: a machine learning approach","Amiruzzaman, Md; Curtis, Andrew; Zhao, Ye; Jamonnak, Suphanut; Ye, Xinyue","https://link.springer.com/article/10.1007/s42001-021-00107-x","The complex interrelationship between the built environment and social problems is often described but frequently lacks the data and analytical framework to explore the potential of such a relationship in different applications. We address this gap using a machine learning (ML) approach to study whether street-level built environment visuals can be used to classify locations with high-crime and lower-crime activities. For training the ML model, spatialized expert narratives are used to label different locations. Semantic categories (e.g., road, sky, greenery, etc.) are extracted from Google Street View (GSV) images of those locations through a deep learning image segmentation algorithm. From these, local visual representatives are generated and used to train the classification model. The model is applied to two cities in the U.S. to predict the locations as being linked to high crime. Results show our model can predict high- and lower-crime areas with high accuracies (above 98% and 95% in first and second test cities, accordingly)."
"4","2021","Closed-mindedness and insulation in groupthink: their effects and the devil’s advocacy as a preventive measure","Akhmad, Muqtafi; Chang, Shuang; Deguchi, Hiroshi","https://link.springer.com/article/10.1007/s42001-020-00083-8","This paper’s purpose is to clarify groupthink phenomena and to assess the devil’s advocacy as a groupthink prevention measure. An agent-based model is presented to formalize group closed-mindedness and insulation in a group decision making setting. The model was validated by showing that groupthink results in the decision with low quality and the group’s inability to explore more alternatives. Besides that, the devil’s advocacy also formulated in the model. The simulation results of different conditions of the devil’s advocacy support Janis’ suggestion to utilize the devil’s advocacy to alleviate groupthink. It is also found that the utilization of devil’s advocacy depends on the group’s condition and the desired amount of conflict to produce the best decision."
"4","2021","Correction to: Identifying social media user demographics and topic diversity with computational social science: a case study of a major international policy forum","Brandt, John; Buckingham, Kathleen; Buntain, Cody; Anderson, Will; Ray, Sabin; Pool, John-Rob; Ferrari, Natasha","https://link.springer.com/article/10.1007/s42001-020-00074-9","The article “Identifying social media user demographics and topic diversity with computational social science"
"4","2021","Correction to: Online influence, offline violence: language use on YouTube surrounding the ‘Unite the Right’ rally","Vegt, Isabelle; Mozes, Maximilian; Gill, Paul; Kleinberg, Bennett","https://link.springer.com/article/10.1007/s42001-020-00099-0","In the Original publication of the article, two errors were found."
"4","2021","DeepConnection: classifying momentary relationship state from images of romantic couples","Uhlich, Maximiliane; Bojar, Daniel","https://link.springer.com/article/10.1007/s42001-021-00102-2","Detecting momentary relationship state and quality in romantic couples is an important endeavor for relationship research, couple therapy, and of course couples themselves. Yet current methods to achieve this are intrusive, asynchronous, plagued by ceiling effects, and only assess subjective responses to questionnaires while trying to capture the objective state of a relationship. According to social appraisal theory, human beings rely on emotional responses to assess interpersonal situations, a key element for relationship functioning in couples. Using couples is particularly advantageous as strong emotional reactions are triggered in romantic relationships. Here, we employ deep learning methods to assess the momentary relationship state of romantic couples from predominantly stock images via facial and bodily emotion expression and other features. Our new model, DeepConnection, comprises pre-trained residual neural networks, spatial pyramid pooling layers, and power mean transformations to extract relevant features from images for binary classification. With this, we achieved an average accuracy of nearly 97% on a separate validation dataset. We also engaged in model interpretation using Gradient-weighted Class Activation Mapping (Grad-CAM) to identify which features allow DeepConnection to detect binarized momentary relationship state. To demonstrate generalizability and robustness, we used DeepConnection to analyze videos of couples exhibiting a range of different postures and facial expressions. Here, we achieved an average accuracy of about 85% with a trained DeepConnection model. The work presented here could inform couples, advance relationship research, and find application in couple therapy to assist the therapist."
"4","2021","Estimation of socioeconomic attributes from location information","Doi, Shohei; Mizuno, Takayuki; Fujiwara, Naoya","https://link.springer.com/article/10.1007/s42001-020-00073-w","Timely estimation of the distribution of socioeconomic attributes and their movement is crucial for academic as well as administrative and marketing purposes. In this study, assuming personal attributes affect human behavior and movement, we predict these attributes from location information. First, we predict the socioeconomic characteristics of individuals by supervised learning methods, i.e., logistic Lasso regression, Gaussian Naive Bayes, random forest, XGBoost, LightGBM, and support vector machine, using survey data we collected of personal attributes and frequency of visits to specific facilities, to test our conjecture. We find that gender, a crucial attribute, is as highly predictable from locations as from other sources such as social networking services, as done by existing studies. Second, we apply the model trained with the survey data to actual GPS log data to check the performance of our approach in a real-world setting. Though our approach does not perform as well as for the survey data, the results suggest that we can infer gender from a GPS log."
"4","2021","Exploring the disparity of influence between users in the discussion of Brexit on Twitter","Rajabi, Amirarsalan; Mantzaris, Alexander V.; Atwal, Kuldip Singh; Garibay, Ivan","https://link.springer.com/article/10.1007/s42001-021-00112-0","The topic of political polarization has received increased attention for valid reasons. Given that an increased amount of the social exchange for opinions happens online, social media platforms provide a good source of information to investigate various aspects of the phenomena. In this work, data collected from Twitter are used to examine polarization surrounding the topic of the Brexit referendum on the membership of the European Union. The analysis specifically focuses on the question of how different tiers of users in terms of influence can project their opinions and if the polarized conditions affect the relative balance in the broadcast capabilities of the tiers. The results show that during polarization periods, users of the higher tier have increased capabilities to broadcast their information in relation to the lower tiers thereby further dominating the discussion. This validates previous modeling investigations and the hypothesis that polarization provides an opportunity for influencers to increase their relative social capital."
"4","2021","Fake reviews classification using deep learning ensemble of shallow convolutions","Javed, Muhammad Saad; Majeed, Hammad; Mujtaba, Hasan; Beg, Mirza Omer","https://link.springer.com/article/10.1007/s42001-021-00114-y","Online reviews have a decisive impact on consumers’ purchasing decisions. This opens the doors for spammers and scammers to post fake reviews for promoting non-existent products or undermine competitor products to affect social behavior. Thus, the identification of reviews as fake and real has become ever more important. Traditional approaches for text classification use a bag-of-words model to represent text which causes sparsity and word representations learnt from neural networks with limited ability to handle unknown words. In this paper, we propose a technique based on three different models trained on the idea of a multi-view learning technique and create an ensemble of all models by employing an aggregation technique for generating final predictions. The core idea of our methodology is to extract rich information from the text of reviews by combining bag-of- n -grams and parallel convolution neural networks(CNNs). By using an n -gram embedding layer with small kernel sizes we can use local context with the same computation power as required to train deep and complex CNNs. Our CNN-based architecture consumes n -gram embeddings as input and uses the parallel convolutional blocks to extract richer feature representations from text. Our approach for the detection of fake reviews also combines textual linguistic features and non-textual features related to reviewer behavior. We evaluate our approach on publically available Yelp Filtered Dataset and achieve F1 scores of up to 92% for classifying fake reviews."
"4","2021","Flexible imitation suppresses epidemics through better vaccination","Miyoshi, Soya; Jusup, Marko; Holme, Petter","https://link.springer.com/article/10.1007/s42001-021-00105-z","The decision of whether or not to vaccinate is a complex one. It involves the contribution both to a social good—herd immunity—and to one’s own well-being. It is informed by social influence, personal experience, education, and mass media. In our work, we investigate a situation in which individuals make their choice based on how social neighbourhood responded to previous epidemics. We do this by proposing a minimalistic model using components from game theory, network theory and the modelling of epidemic spreading, and opinion dynamics. Individuals can use the information about the neighbourhood in two ways—either they follow the majority or the best-performing neighbour. Furthermore, we let individuals learn which of these two decision-making strategies to follow from their experience. Our results show that the flexibility of individuals to choose how to integrate information from the neighbourhood increases the vaccine uptake and decreases the epidemic severity if the following conditions are fulfilled. First, the initial fraction of individuals who imitate the neighbourhood majority should be limited, and second, the memory of previous outbreaks should be sufficiently long. These results have implications for the acceptance of novel vaccines and raising awareness about vaccination, while also pointing to promising future research directions."
"4","2021","How the rich are different: hierarchical power as the basis of income size and class","Fix, Blair","https://link.springer.com/article/10.1007/s42001-020-00081-w","This paper investigates a new approach to understanding personal and functional income distribution. I propose that hierarchical power—the command of subordinates in a hierarchy—is what distinguishes the rich from the poor and capitalists from workers. Specifically, I hypothesize that individual income increases with hierarchical power, as does the share of individual income earned from capitalist sources. I test this idea using evidence from US CEOs, as well as a numerical model that extrapolates the CEO data. The results indicate that income tends to increase with hierarchical power, as does the capitalist composition of income. This suggests that hierarchical power may be a determinant of both personal and functional income."
"4","2021","Improving measurements of similarity judgments with machine-learning algorithms","Stevens, Jeffrey R.; Polzkill Saltzman, Alexis; Rasmussen, Tanner; Soh, Leen-Kiat","https://link.springer.com/article/10.1007/s42001-020-00098-1","Intertemporal choices involve assessing options with different reward amounts available at different time delays. The similarity approach to intertemporal choice focuses on judging how similar amounts and delays are. Yet we do not fully understand the cognitive process of how these judgments are made. Here, we use machine-learning algorithms to predict similarity judgments to (1) investigate which algorithms best predict these judgments, (2) assess which predictors are most useful in predicting participants’ judgments, and (3) determine the minimum number of judgments required to accurately predict future judgments. We applied eight algorithms to similarity judgments for reward amount and time delay made by participants in two data sets. We found that neural network, random forest, and support vector machine algorithms generated the highest out-of-sample accuracy. Though neural networks and support vector machines offer little clarity in terms of a possible process for making similarity judgments, random forest algorithms generate decision trees that can mimic the cognitive computations of human judgment making. We also found that the numerical difference between amount values or delay values was the most important predictor of these judgments, replicating previous work. Finally, the best performing algorithms such as random forest can make highly accurate predictions of judgments with relatively small sample sizes (~ 15), which will help minimize the numbers of judgments required to extrapolate to new value pairs. In summary, machine-learning algorithms provide both theoretical improvements to our understanding of the cognitive computations involved in similarity judgments and intertemporal choices as well as practical improvements in designing better ways of collecting data."
"4","2021","Integrating human and machine coding to measure political issues in ethnic newspaper articles","Kim, Jae Yeon","https://link.springer.com/article/10.1007/s42001-020-00097-2","The voices of racial minority groups have rarely been examined systematically with large-scale text analysis in political science. This study fills such a gap by applying an integrated classification framework to the analysis of the commonalities and differences in political issues that appeared in 78,305 articles from Asian American and African American newspapers from the 1960s to the 1980s. The automated text classification shows that Asian American newspapers focused on promoting collective gains more often than African American newspapers. Conversely, African American newspapers concentrated on preventing collective losses more than Asian American newspapers. The content analysis demonstrates that the issue priorities varied between the corpora, especially with respect to policy contexts. Gaining access to government resources was a more urgent issue for Asian Americans, while reducing or ending state violence, such as police brutality, was a more pressing matter for African Americans. It also helped avoid extreme interpretations of the machine coding, as the misalignment of political agendas between the two corpora widened up to 10 times when the training data were measured using the minimum, rather than the maximum, reliability threshold."
"4","2021","Integrating semantic directions with concept mover’s distance to measure binary concept engagement","Taylor, Marshall A.; Stoltz, Dustin S.","https://link.springer.com/article/10.1007/s42001-020-00075-8","In an earlier article published in this journal (“Concept Mover’s Distance”, 2019), we proposed a method for measuring concept engagement in texts that uses word embeddings to find the minimum cost necessary for words in an observed document to “travel” to words in a “pseudo-document” consisting only of words denoting a concept of interest. One potential limitation we noted is that, because words associated with opposing concepts will be located close to one another in the embedding space, documents will likely have similar closeness to starkly opposing concepts (e.g., “life” and “death”). Using aggregate vector differences between antonym pairs to extract a direction in the semantic space pointing toward a pole of the binary opposition (following “The Geometry of Culture,” American Sociological Review , 2019), we illustrate how CMD can be used to measure a document’s engagement with binary concepts."
"4","2021","Mapping the (anti-)corruption field: key topics and changing trends, 1968–2020","Pozsgai-Alvarez, Joseph; Pastor Sanz, Iván","https://link.springer.com/article/10.1007/s42001-021-00110-2","As research on (anti-)corruption continues to accelerate, the heterogeneity of perspectives that have emerged in the field complicates the identification of key topics and trends, limiting our capacity to set meaningful research priorities, risking the waste of time and funds, and potentially broadening the gap between scholarly production and policy necessities. To help elucidate this morass, we use the Latent Dirichlet Allocation (LDA) algorithm to classify a dataset of 5417 publications listed in the Global Anticorruption Blog’s (GAB) Anticorruption Bibliography . The results allow us to recognize eight main topics in the literature, as well as their evolution over the past 2 decades in terms of relative attention (as measured by citation count) and publication rates. The topics and trends found here invite us to reflect on the current structure of the (anti-)corruption field, and to draw attention to persistent—and emerging—gaps."
"4","2021","Measuring happiness increases happiness","Roessler, Jannik; Gloor, Peter A.","https://link.springer.com/article/10.1007/s42001-020-00069-6","Happiness has been an overarching goal of mankind at least since Aristotle spoke of Eudaimonia. However measuring happiness has been elusive and until now has almost exclusively been done by asking survey questions about self-perceived happiness. We propose a novel approach, tracking happiness and stress through changes in body signals with a smartwatch, the “Happimeter”. It predicts individual emotions from sensor data collected by an Android Wear smartwatch, such as acceleration, heartbeat, and activity. The Happimeter was used over three months in the innovation lab of a bank with 22 employees to measure individual happiness, activity, and stress. The participants were randomly divided into an experimental and a control group of similar size. Both groups wore the watch and entered their subjective happiness, activity and stress levels several times a day. The user-entered ratings were then used to train a machine learning system using the sensors of the smartwatch to subsequently automatically predict happiness, activity, and stress. The experimental group received ongoing feedback about their mood and which activity, sensor signals, or other people, made them happier or unhappier, while the control group did not get any feedback about their predicted and manually entered emotions. Just like in quantum physics we observed a “Heisenberg Effect”, where the participants made aware of their measurements changed their behavior: Members of the experimental group that received happiness feedback were 16% happier, and 26% more active than the control group at the end of the experiment. No effect was observed for stress."
"4","2021","Narrative economics using textual analysis of newspaper data: new insights into the U.S. Silver Purchase Act and Chinese price level in 1928–1936","Hsu, Ching; Yu, Tina; Chen, Shu-Heng","https://link.springer.com/article/10.1007/s42001-021-00104-0","In light of the recent advancement in economic narrative analysis, we develop a computational textual analysis method to study economic history. In this method, we collect narrative data from newspapers to measure economic trends. In particular, the popularity (frequency) of a narrative (keyword) on the newspapers is used as the proxy of the amount of economic activities associated with the narrative term; a high frequency indicates that there is a high volume of economic activities associated with the narrative term and vice versa. Regularized regression algorithms are then applied on the narrative frequency data to identify narrative terms whose associated microeconomic activities have macroeconomic impact. We apply the method to study a classic topic in Chinese economic history research: U.S. Silver Purchase Act and the Chinese price level in 1928–1936. Our results provide new insights into this controversial subject. For example, we find that the economic activity associated with the narrative term silver stock had no impact on the Chinese price level, which is contrary to previous research on the topic by Friedman and Schwartz [ 10 ]. Meanwhile, economic activities associated with the narrative terms U.S. silver purchase act and silver export are found to have a negative impact on the Chinese price level. This suggests the concerns at that time about the effects of U.S. Silver Purchase Act on the Chinese economy were not misplaced."
"4","2021","Online influence, offline violence: language use on YouTube surrounding the ‘Unite the Right’ rally","Vegt, Isabelle; Mozes, Maximilian; Gill, Paul; Kleinberg, Bennett","https://link.springer.com/article/10.1007/s42001-020-00080-x","The media frequently describes the 2017 Charlottesville ‘Unite the Right’ rally as a turning point for the alt-right and white supremacist movements. Social movement theory suggests that the media attention and public discourse concerning the rally may have engendered changes in social identity performance and visibility of the alt-right, but this has yet to be empirically tested. The presence of the movement on YouTube is of particular interest, as this platform has been referred to as a breeding ground for the alt-right. The current study investigates whether there are differences in language use between 7142 alt-right and progressive YouTube channels, in addition to measuring possible changes as a result of the rally. To do so, we create structural topic models and measure bigram proportions in video transcripts, spanning approximately 2 months before and after the rally. We observe differences in topics between the two groups, with the ‘alternative influencers’, for example, discussing topics related to race and free speech to a larger extent than progressive channels. We also observe structural breakpoints in the use of bigrams at the time of the rally, suggesting there are changes in language use within the two groups as a result of the rally. While most changes relate to mentions of the rally itself, the alternative group also shows an increase in promotion of their YouTube channels. In light of social movement theory, we argue that language use on YouTube shows that the Charlottesville rally indeed triggered changes in social identity performance and visibility of the alt-right."
"4","2021","Predicting regime shifts in social systems modelled with agent-based methods","Füllsack, Manfred; Plakolb, Simon; Jäger, Georg","https://link.springer.com/article/10.1007/s42001-020-00071-y","We investigate the possibility to apply a method of calculus analytics developed for predicting critical transitions in complex systems to social systems modelled with agent-based methods (ABMs). We introduce this method on the example of an equation-based modelled system and subsequently test it—to our knowledge for the first time—on ABMs. Our experiments show that the method may have wide applicability in the analysis of social systems. The method can help to approximate abrupt and thus unpredictable regime shifts, even though it may be constrained by stochastics and require a bit more experimentation in selecting suitable variables for making it work in ABMs."
"4","2021","Psychological trait inferences from women’s clothing: human and machine prediction","Rosenbusch, Hannes; Aghaei, Maya; Evans, Anthony M.; Zeelenberg, Marcel","https://link.springer.com/article/10.1007/s42001-020-00085-6","People use clothing to make personality inferences about others, and these inferences steer social behaviors. The current work makes four contributions to the measurement and prediction of clothing-based person perception: first, we integrate published research and open-ended responses to identify common psychological inferences made from clothes (Study 1). We find that people use clothes to make inferences about happiness, sexual interest, intelligence, trustworthiness, and confidence. Second, we examine consensus (i.e., interrater agreement) for clothing-based inferences (Study 2). We observe that characteristics of the inferring observer contribute more to the drawn inferences than the observed clothes, which entails low to medium levels of interrater agreement. Third, the current work examines whether a computer vision model can use image properties (i.e., pixels alone) to replicate human inferences (Study 3). While our best model outperforms a single human rater, its absolute performance falls short of reliability conventions in psychological research. Finally, we introduce a large database of clothing images with psychological labels and demonstrate its use for exploration and replication of psychological research. The database consists of 5000 images of (western) women’s clothing items with psychological inferences annotated by 25 participants per clothing item."
"4","2021","Public perceptions of police behavior during traffic stops: logistic regression and machine learning approaches compared","Hu, Xiaochen; Zhang, Xudong; Lovrich, Nicholas","https://link.springer.com/article/10.1007/s42001-020-00079-4","Prior research on citizen perceptions of police has taken a wide-angle lens approach to the topic, with only a few studies investigating public perceptions of particular types of citizen–police encounters. In the current study, we make use of archival data on police traffic stops drawn from four waves of the BJS police–public contact surveys (PPCS) conducted in 2005, 2008, 2011, and again in 2015. In addition to employing conventional logistic regression, we make use of random forest classification to analyze survey data from a machine learning perspective. We use conventional logistic regression as a tool of explanation and random forest classification as a tool of prediction. We compare the findings generated by these two distinct analytical approaches. Substantive findings are quite similar for the explanatory and forecasting approaches. Driver’s belief that a traffic stop is legitimate is a major factor in how he or she evaluates police behavior in traffic stops, and whether the police use or threaten force during traffic stops may be the second most important factor. We draw out the implications of our work for our understanding of traffic stop dynamics, for the theory of procedural justice, for the theory of negativity bias, and for the enhanced use of machine learning in criminal justice."
"4","2021","Random forest analysis of two household surveys can identify important predictors of migration in Bangladesh","Best, Kelsea B.; Gilligan, Jonathan M.; Baroud, Hiba; Carrico, Amanda R.; Donato, Katharine M.; Ackerly, Brooke A.; Mallick, Bishawjit","https://link.springer.com/article/10.1007/s42001-020-00066-9","The decision to migrate is complex and is often influenced by a combination of economic, social, political, and environmental pressures. Household survey instruments can capture detailed information about migration histories and their contexts, but it can be challenging to identify important predictors from large numbers of covariates with standard statistical methods, such as regression analyses. Machine learning techniques are well suited to pattern identification and can identify important covariates from large datasets. We report on the application of machine learning approaches to two large surveys collected from a total of more than 2800 households in southwestern Bangladesh. We applied random forest classification and regression models to identify significant covariates with the greatest predictive power for household migration decisions. The results show that random forest models are able to identify nuances in predictors of different types of migration and migration in different communities. Random forests also outperform logistic regression and support vector machines in predicting migration in all cases analyzed. Therefore, random forest models and other machine learning methods can be useful for improving the predictive accuracy of migration models and identifying patterns in complex social datasets. Future work should continue to explore the potential of machine learning techniques applied to questions of environmental migration."
"4","2021","Reputation systems and recruitment in online labor markets: insights from an agent-based model","Lukac, Martin; Grow, André","https://link.springer.com/article/10.1007/s42001-020-00072-x","Online labor markets—freelance marketplaces, where digital labor is distributed via a web-based platform—commonly use reputation systems to overcome uncertainties in the hiring process, that can arise from a lack of objective information about employees’ abilities. Research shows, however, that reputation systems tend to create winner-takes-all dynamics, in which differences in candidates’ reputations become disconnected from differences in their objective abilities. In this paper, we use an empirically validated agent-based computational model to investigate the extent to which reputation systems can create segmented hiring patterns that are biased toward freelancers with good reputation. We explore how jobs and earnings become distributed on a stylized platform, under different contextual conditions of information asymmetry. Our results suggest that information asymmetry influences the extent to which reputation systems may lead to inequality between freelancers, but contrary to our expectations, lower levels of information asymmetry can facilitate higher inequality in outcomes."
"4","2021","Social influence and unfollowing accelerate the emergence of echo chambers","Sasahara, Kazutoshi; Chen, Wen; Peng, Hao; Ciampaglia, Giovanni Luca; Flammini, Alessandro; Menczer, Filippo","https://link.springer.com/article/10.1007/s42001-020-00084-7","While social media make it easy to connect with and access information from anyone, they also facilitate basic influence and unfriending mechanisms that may lead to segregated and polarized clusters known as “echo chambers.” Here we study the conditions in which such echo chambers emerge by introducing a simple model of information sharing in online social networks with the two ingredients of influence and unfriending. Users can change both their opinions and social connections based on the information to which they are exposed through sharing. The model dynamics show that even with minimal amounts of influence and unfriending, the social network rapidly devolves into segregated, homogeneous communities. These predictions are consistent with empirical data from Twitter. Although our findings suggest that echo chambers are somewhat inevitable given the mechanisms at play in online social media, they also provide insights into possible mitigation strategies."
"4","2021","Technological and social networks of a pastoralist artificial society: agent-based modeling of mobility patterns","Rodriguez-Lopez, Juan Miguel; Schickhoff, Meike; Sengupta, Shubhankar; Scheffran, Jürgen","https://link.springer.com/article/10.1007/s42001-020-00100-w","This paper explores the advantages of simulation to raise the question of how digital and social networks affect the mobility in a pastoralist artificial society in the context of environmental degradation. We aim to explore mechanisms and develop scenarios, which are going to be validated through further research. We use a model of a simple pastoralist society in a world without borders to migration by adding the possibility of experiencing the effects of social structures (such as family and friends) and technological networks (e.g., social media). It appears obvious that pastoralist mobility depends on other dimensions as land tenure and traditional knowledge; however, isolating these two effects and experimenting in a simple society allow us to filter the multidimensionality of mobility decisions and concentrate on comparing scenarios in several different social structures and technological network combinations. The results show an expected behavior of more connection and more mobility, and a non-linear emergent behavior where pastoralists wait for a longer amount of time to mobilize when they interact using powerful social and technological networks. This occurs until they decide to move, and then, they mobilize more quickly and strongly than they did when communication was non-existent between them. The literature on migration explains this emergent non-linear behavior."
"4","2021","The level of tolerance of individuals, individual thinking, and the formation of social norms","Juchem Neto, João Plínio; Delamare, Angelo Francisco Sirtoli","https://link.springer.com/article/10.1007/s42001-021-00106-y","In this work, we study the impact of considering agents with distinct norm heterogeneity tolerance levels, and with distinct initial levels of thinking, in the evolution of social norms and levels of thinking in an artificial society. To this end, we generalize an agent-based model first proposed by Joshua M. Epstein to consider agents with distinct tolerance levels to norm heterogeneity in their neighborhoods. In this model, agents that are located in a cyclic network can choose between two norms, want to conform to their neighborhoods, and decide how much to think—i.e., how many neighbors to consult in deciding which norm to follow—analyzing the norm heterogeneity in their surroundings. Through computer simulations of the model, we obtain the following results: (i) when agents have distinct levels of tolerance, the society converges, for a wide range of initial levels of thinking, to a steady state showing higher global diversity (measured by the number of stable local groups formed at the steady state, where contiguous agents within each group conform to the same norm) associated with higher levels of thinking than in scenarios where all agents have the same tolerance level; (ii) for lower initial levels of thinking, more initial thinking implies in faster convergence to the steady state in the cases of heterogeneous tolerance levels, and when agents present homogeneous maximum intolerance levels; (iii) in all scenarios, more thinking is required in the process of reaching the steady state (the equilibrium of the model), than to maintain this equilibrium afterward; (iv) our model was able to generate distinct average levels of thinking across groups; and (v), higher levels of initial thinking imply in a society with less global diversity at the steady state, with this inverse relationship following a broken power law. Finally, we show that some of our results are similar to results presented in the literature."
"4","2021","The price of being polite: politeness, social status, and their joint impacts on community Q&A efficiency","Wang, Yi","https://link.springer.com/article/10.1007/s42001-020-00068-7","Sociolinguistics and computational linguistics literature have revealed negative correlations between social status and politeness in interpersonal conversations. In this article, we took a step further to uncover how social status and politeness interact with each other to jointly impact the efficiency of the Q&A process in online social Q&A communities. Using the data collected from two communities of Stack Exchange, we demonstrated that both social status and politeness had significant impacts to determine the efficiency of receiving acceptable answers. Moreover, while low-status users benefited from wording their questions more politely, high-status users were slightly “punished” for being too polite, particular in professional Q&A communities. However, social status and politeness were not significantly relevant to whether a question could be eventually answered. In general, the social Q&A process provides the conditions necessary for the manifestation of “offline” social norms. That is: individuals are still being rewarded for behaving correctly according to their social roles, no matter explicitly or implicitly. We discuss the theoretical and practical implications of this study."
"4","2021","The rhythm of Mexico: an exploratory data analysis of Spotify’s top 50","Pérez-Verdejo, J. Manuel; Piña-García, C. A.; Ojeda, Mario Miguel; Rivera-Lara, A.; Méndez-Morales, L.","https://link.springer.com/article/10.1007/s42001-020-00070-z","Spotify has emerged as an important online platform for streaming digital music. A key aspect of Spotify is that it provides access to music on-demand to a worldwide level. In this regard, Spotify via its API permits to gain access to music-related data with the aim to know information about different parameters such as: artist, album, and genre. This paper aims to: (1) give an overview of the shared features of the songs that appeared at Mexico’s top 50 during 2019, (2) analyze how these features are related to a track permanence on the top 50; and (3) compare those results with the global top 50 chart."
"4","2021","The temporal evolution of a far-right forum","Kleinberg, Bennett; Vegt, Isabelle; Gill, Paul","https://link.springer.com/article/10.1007/s42001-020-00064-x","The increased threat of right-wing extremist violence necessitates a better understanding of online extremism. Radical message boards, small-scale social media platforms, and other internet fringes have been reported to fuel hatred. The current paper examines data from the right-wing forum Stormfront between 2001 and 2015. We specifically aim to understand the development of user activity and the use of extremist language. Various time-series models depict posting frequency and the prevalence and intensity of extremist language. Individual user analyses examine whether some super users dominate the forum. The results suggest that structural break models capture the forum evolution better than stationary or linear change models. We observed an increase of forum engagement followed by a decrease towards the end of the time range. However, the proportion of extremist language on the forum increased in a step-wise matter until the early summer of 2011, followed by a decrease. This temporal development suggests that forum rhetoric did not necessarily become more extreme over time. Individual user analysis revealed that super forum users accounted for the vast majority of posts and of extremist language. These users differed from normal users in their evolution of forum engagement."
"4","2021","The use of Bayesian networks for realist evaluation of complex interventions: evidence for prevention of human trafficking","Kiss, Ligia; Fotheringhame, David; Mak, Joelle; McAlpine, Alys; Zimmerman, Cathy","https://link.springer.com/article/10.1007/s42001-020-00067-8","Complex systems and realist evaluation offer promising approaches for evaluating social interventions. These approaches take into account the complex interplay among factors to produce outcomes, instead of attempting to isolate single causes of observed effects. This paper explores the use of Bayesian networks (BNs) in realist evaluation of interventions to prevent complex social problems. It draws on the example of the theory-based evaluation of the Work in Freedom Programme (WIF), a large UK-funded anti-trafficking intervention by the International Labour Organisation in South Asia. We used BN to explore causal pathways to human trafficking using data from 519 Nepalese returnee migrants. The findings suggest that risks of trafficking are mostly determined by migrants’ destination country, how they are recruited and in which sector they work. These findings challenge widely held assumptions about individual-level vulnerability and emphasize that future investments will benefit from approaches that recognise the complexity of an intervention’s causal mechanisms in social contexts. BNs are a useful approach for the conceptualisation, design and evaluation of complex social interventions."
"4","2021","Where are we? Using Scopus to map the literature at the intersection between artificial intelligence and research on crime","Campedelli, Gian Maria","https://link.springer.com/article/10.1007/s42001-020-00082-9","Research on artificial intelligence (AI) applications has spread over many scientific disciplines. Scientists have tested the power of intelligent algorithms developed to predict (or learn from) natural, physical and social phenomena. This also applies to crime-related research problems. Nonetheless, studies that map the current state of the art at the intersection between AI and crime are lacking. What are the current research trends in terms of topics in this area? What is the structure of scientific collaboration when considering works investigating criminal issues using machine learning, deep learning, and AI in general? What are the most active countries in this specific scientific sphere? Using data retrieved from the Scopus database, this work quantitatively analyzes 692 published works at the intersection between AI and crime employing network science to respond to these questions. Results show that researchers are mainly focusing on cyber-related criminal topics and that relevant themes such as algorithmic discrimination, fairness, and ethics are considerably overlooked. Furthermore, data highlight the extremely disconnected structure of co-authorship networks. Such disconnectedness may represent a substantial obstacle to a more solid community of scientists interested in these topics. Additionally, the graph of scientific collaboration indicates that countries that are more prone to engage in international partnerships are generally less central in the network. This means that scholars working in highly productive countries (e.g. the United States, China) tend to mostly collaborate domestically. Finally, current issues and future developments within this scientific area are also discussed."
"5","2022","#Election2020: the first public Twitter dataset on the 2020 US Presidential election","Chen, Emily; Deb, Ashok; Ferrara, Emilio","https://link.springer.com/article/10.1007/s42001-021-00117-9","Credible evidence-based political discourse is a critical pillar of democracy and is at the core of guaranteeing free and fair elections. The study of online chatter is paramount, especially in the wake of important voting events like the recent November 3, 2020 U.S. Presidential election and the inauguration on January 21, 2021. Limited access to social media data is often the primary obstacle that limits our abilities to study and understand online political discourse. To mitigate this impediment and empower the Computational Social Science research community, we are publicly releasing a massive-scale, longitudinal dataset of U.S. politics- and election-related tweets. This multilingual dataset encompasses over 1.2 billion tweets and tracks all salient U.S. political trends, actors, and events from 2019 to the time of this writing. It predates and spans the entire period of the Republican and Democratic primaries, with real-time tracking of all presidential contenders on both sides of the aisle. The dataset also focuses on presidential and vice-presidential candidates, the presidential elections and the transition from the Trump administration to the Biden administration. Our dataset release is curated, documented, and will continue to track relevant events. We hope that the academic community, computational journalists, and research practitioners alike will all take advantage of our dataset to study relevant scientific and social issues, including problems like misinformation, information manipulation, conspiracies, and the distortion of online political discourse that has been prevalent in the context of recent election events in the United States. Our dataset is available at: https://github.com/echen102/us-pres-elections-2020 ."
"5","2022","A high-resolution temporal and geospatial content analysis of Twitter posts related to the COVID-19 pandemic","Ntompras, Charalampos; Drosatos, George; Kaldoudi, Eleni","https://link.springer.com/article/10.1007/s42001-021-00150-8","The COVID-19 pandemic has deeply impacted all aspects of social, professional, and financial life, with concerns and responses being readily published in online social media worldwide. This study employs probabilistic text mining techniques for a large-scale, high-resolution, temporal, and geospatial content analysis of Twitter related discussions. Analysis considered 20,230,833 English language original COVID-19-related tweets with global origin retrieved between January 25, 2020 and April 30, 2020. Fine grain topic analysis identified 91 meaningful topics. Most of the topics showed a temporal evolution with local maxima, underlining the short-lived character of discussions in Twitter. When compared to real-world events, temporal popularity curves showed a good correlation with and quick response to real-world triggers. Geospatial analysis of topics showed that approximately 30% of original English language tweets were contributed by USA-based users, while overall more than 60% of the English language tweets were contributed by users from countries with an official language other than English. High-resolution temporal and geospatial analysis of Twitter content shows potential for political, economic, and social monitoring on a global and national level."
"5","2022","A network view on reliability: using machine learning to understand how we assess news websites","Blanke, Tobias; Venturini, Tommaso","https://link.springer.com/article/10.1007/s42001-021-00116-w","This article shows how a machine can employ a network view to reason about complex social relations of news reliability. Such a network view promises a topic-agnostic perspective that can be a useful hint on reliability trends and their heterogeneous assumptions. In our analysis, we depart from the ever-growing numbers of papers trying to find machine learning algorithms to predict the reliability of news and focus instead on using machine reasoning to understand the structure of news networks by comparing it with our human judgements. Understanding and representing news networks is not easy, not only because they can be extremely vast but also because they are shaped by several overlapping network dynamics. We present a machine learning approach to analyse what constitutes reliable news from the view of a network. Our aim is to machine-read a network’s understanding of news reliability. To analyse real-life news sites, we used the Décodex dataset to train machine learning models from the structure of the underlying network. We then employ the models to draw conclusions how the Décodex evaluators came to assess the reliability of news."
"5","2022","An analysis of US domestic migration via subset-stable measures of administrative data","Klemens, Ben","https://link.springer.com/article/10.1007/s42001-021-00124-w","How does the likelihood of moving across US regions vary with changes in household characteristics, and how does the risk of a change in status vary given a move? Statistics aimed at these questions are calculated for households who earned formal market income in the US, 2001–2015, totaling about 1.7 billion observations with 82.7 million long-distance moves, and covering statuses such as income, school enrollment, age, number of children, local cost of living, and retirement or marital status. The key theoretical result of this article shows that the Cochran–Mantel–Haenszel statistic is the unique aggregate risk ratio within a broad class that has the “subset stability” property: If a statistic has value $$s_1$$ s 1 for one subset and $$s_2$$ s 2 for another, then the statistic for the union of the two sets is between $$s_1$$ s 1 and $$s_2$$ s 2 . A sequence of pseudo-experiments generate a wealth of tests regarding the relationship between moving and a broad range of household characteristics, for the full population and salient subsets, with some focus on the characteristics of the 44.2% of movers who see negative income returns relative to the counterfactual of staying."
"5","2022","An inclusive, real-world investigation of persuasion in language and verbal behavior","Ta, Vivian P.; Boyd, Ryan L.; Seraj, Sarah; Keller, Anne; Griffith, Caroline; Loggarakis, Alexia; Medema, Lael","https://link.springer.com/article/10.1007/s42001-021-00153-5","Linguistic features of a message necessarily shape its persuasive appeal. However, studies have largely examined the effect of linguistic features on persuasion in isolation and do not incorporate properties of language that are often involved in real-world persuasion. As such, little is known about the key verbal dimensions of persuasion or the relative impact of linguistic features on a message’s persuasive appeal in real-world social interactions. We collected large-scale data of online social interactions from a social media website in which users engage in debates in an attempt to change each other’s views on any topic. Messages that successfully changed a user’s views are explicitly marked by the user themselves. We simultaneously examined linguistic features that have been previously linked with message persuasiveness between persuasive and non-persuasive messages. Linguistic features that drive persuasion fell along three central dimensions: structural complexity, negative emotionality, and positive emotionality. Word count, lexical diversity, reading difficulty, analytical language, and self-references emerged as most essential to a message’s persuasive appeal: messages that were longer, more analytic, less anecdotal, more difficult to read, and less lexically varied had significantly greater odds of being persuasive. These results provide a more parsimonious understanding of the social psychological pathways to persuasion as it operates in the real world through verbal behavior. Our results inform theories that address the role of language in persuasion, and provide insight into effective persuasion in digital environments."
"5","2022","An open software environment to make spatial access metrics more accessible","Saxon, James; Koschinsky, Julia; Acosta, Karina; Anguiano, Vidal; Anselin, Luc; Rey, Sergio","https://link.springer.com/article/10.1007/s42001-021-00126-8","This article introduces a new open software environment to support the measurement of a range of accessibility indices at scales going from the local to the national. In practice, the use of such indices has been impeded by the lack of open resources and the computational burden associated with large scale analyses. The environment consists of three parts: a new package, access , as part of the Python-based PySAL Spatial Analysis Library, a user-friendly point-and-click web implementation of the access computations, and support for the calculation of large-scale travel cost matrices, including a set of pre-computed origin-destination distance matrices for all the census tracts in the U.S. and census blocks in the 20 major cities. All three elements are open source and free to use. After motivating the development of the software environment, and situating the problem of access measurement in the literature, we briefly describe six commonly used access metrics. We then discuss in more detail the three important components of our software infrastructure. We close with an empirical illustration pertaining to access to health care providers, comparing the approach in the package to that taken in the web application."
"5","2022","Analyzing Twitter networks using graph embeddings: an application to the British case","Won, Miguel; Fernandes, Jorge M.","https://link.springer.com/article/10.1007/s42001-021-00128-6","Embeddings have gained traction in the social sciences in recent years. Existing work focuses on text-as-data to estimate word embeddings. In this paper, we turn to graph embeddings as a tool whose use has been overlooked in the analysis of social networks. Graph embeddings have two primary uses. First, to encode users and their interactions onto a single vector. Second, graph embeddings can be used as inputs for machine-learning classifiers. In this paper, we use the British political Twitter to illustrate both uses of graph embeddings. We encode users’ partisanship. Furthermore, we use an SVM and a NN to estimate the partisan proximity of Twitter users. Results suggest that graph embeddings yield high precision predictions."
"5","2022","Analyzing user engagement in news application considering popularity diversity and content diversity","Sonoda, Atom; Seki, Yoshifumi; Toriumi, Fujio","https://link.springer.com/article/10.1007/s42001-022-00179-3","The diversity of recommender systems has been well analyzed, but the impact of their diversity on user engagement is less understood. Our study is the first to attempt to analyze the relationship between diversity and user engagement in the news domain. In this study, we introduce the notion of popularity diversity, propose metrics for it, and analyze user behavior on popular news applications in terms of content diversity and popularity diversity, the impact of which we find to be closely related to user activity. We also find that users who use these services for longer periods have not only higher content diversity and popularity diversity but also a tendency to increase diversity as the week progresses. Users with low content diversity had a 224% greater withdrawal rate than those with high content diversity, and users with low popularity diversity had a 112% greater withdrawal rate than those with high popularity diversity. Although many studies have examined changes in diversity in recommender systems, we notice this trend is affected by user withdrawal. Finally, we confirm that popularity diversity and content diversity explain user withdrawal and predict user behavior. Our study reveals the relationship between diversity and engagement in the news domain and introduces the impact of popularity bias per user as a metric of diversity."
"5","2022","Analyzing user-generated content using natural language processing: a case study of public satisfaction with healthcare systems","Ruelens, Anna","https://link.springer.com/article/10.1007/s42001-021-00148-2","While user-generated online content (UGC) is increasingly available, public opinion studies are yet to fully exploit the abundance and richness of online data. This study contributes to the practical knowledge of user-generated online content and machine learning techniques that can be used for the analysis of UGC. For this purpose, we explore the potential of user-generated content and present an application of natural language pre-processing, text mining and sentiment analysis to the question of public satisfaction with healthcare systems. Concretely, we analyze 634 online comments reflecting attitudes towards healthcare services in different countries. Our analysis identifies the frequency of topics related to healthcare services in textual content of the comments and attempts to classify and rank national healthcare systems based on the respondents’ sentiment scores. In this paper, we describe our approach, summarize our main findings, and compare them with the results from cross-national surveys. Finally, we outline the typical limitations inherent in the analysis of user-generated online content and suggest avenues for future research."
"5","2022","Applying unsupervised machine learning to counterterrorism","Bridgelall, Raj","https://link.springer.com/article/10.1007/s42001-022-00164-w","To advance the agenda in counterterrorism, this work demonstrates how analysts can combine unsupervised machine learning, exploratory data analysis, and statistical tests to discover features associated with different terrorist motives. A new empirical text mining method created a “motive” field in the Global Terrorism Database to enable associative relationship mining among features that characterize terrorist events. The methodology incorporated K-means co-clustering, three methods of non-linear projection, and two spatial association tests to reveal statistically significant relationships between terrorist motives, tactics, and targets. Planners and investigators can replicate the approach to distill knowledge from big datasets to help advance the state of the art in counterterrorism."
"5","2022","Automation impacts on China’s polarized job market","Chen, Haohui Caron; Li, Xun; Frank, Morgan; Qin, Xiaozhen; Xu, Weipan; Cebrian, Manuel; Rahwan, Iyad","https://link.springer.com/article/10.1007/s42001-021-00134-8","When facing automation threats, a large Chinese city worker might not be as lucky as a worker in a large US city. Empirical studies found that large US cities exhibit resilience to automation impacts because of the increased occupational and skill specialization. However, in this study, we observe polarized responses in large Chinese cities to automation impacts. The polarization might be attributed to the elaborate master planning of the central government. Cities are assigned with different industrial goals to achieve globally optimal economic success and a fast-growing economy. By dividing Chinese cities into two groups based on their administrative levels and premium resources allocated by the central government, we find that Chinese cities follow two distinct industrial development trajectories: one trajectory involves government support leading to a diversified industrial structure and, thus, a diversified job market, and in the other trajectory an absence of government support leads to specialty cities and, therefore, a specialized job market. By estimating the impact of automation on a polarized job market, we observe a Simpson's paradox: overall, there is not a statistically significant relationship between city size and resilience to automation, but when we disaggregate by the level of job diversity, we find larger cities with a diversified job market exhibit greater resilience, while larger cities with specialized job markets are more susceptible. These findings inform policymakers to deploy appropriate policies to mitigate polarized automation impacts."
"5","2022","Battle of positioning: exploring the role of bridges in competitive diffusion","Gu, Jie; Xu, Yunjie","https://link.springer.com/article/10.1007/s42001-021-00127-7","While social media facilitate product diffusion, the co-existence of competing products makes the diffusion process complex. This study employs an agent-based model to simulate competitive diffusion on social networks and examines the role of a special network position, network bridges, in influencing the diffusion process. The simulation experiments show that targeting bridges can help the weak product with an initially decreasing diffusion curve to increase its market share. The effect of bridges in competitive diffusion increases with the intensity of market competition. This study also reveals that the effect of bridges is larger when the degree distribution of a network has a lower variation. Overall, bridges can be effective alternatives to network hubs in winning market share. Our analysis based on a large-scale real social network further reveals that bridges enhance the offensive and defensive power of a product. This study offers a systematical exploration of the impact of bridges in competitive diffusion under various conditions and the underlying mechanism. It provides guidance for firms competing in social media regarding whom to target (i.e., bridges vs. hubs) and how effective the targeting strategy is."
"5","2022","Botometer 101: social bot practicum for computational social scientists","Yang, Kai-Cheng; Ferrara, Emilio; Menczer, Filippo","https://link.springer.com/article/10.1007/s42001-022-00177-5","Social bots have become an important component of online social media. Deceptive bots, in particular, can manipulate online discussions of important issues ranging from elections to public health, threatening the constructive exchange of information. Their ubiquity makes them an interesting research subject and requires researchers to properly handle them when conducting studies using social media data. Therefore, it is important for researchers to gain access to bot detection tools that are reliable and easy to use. This paper aims to provide an introductory tutorial of Botometer, a public tool for bot detection on Twitter, for readers who are new to this topic and may not be familiar with programming and machine learning. We introduce how Botometer works, the different ways users can access it, and present a case study as a demonstration. Readers can use the case study code as a template for their own research. We also discuss recommended practice for using Botometer."
"5","2022","Characterizing the roles of bots on Twitter during the COVID-19 infodemic","Xu, Wentao; Sasahara, Kazutoshi","https://link.springer.com/article/10.1007/s42001-021-00139-3","An infodemic is an emerging phenomenon caused by an overabundance of information online. This proliferation of information makes it difficult for the public to distinguish trustworthy news and credible information from untrustworthy sites and non-credible sources. The perils of an infodemic debuted with the outbreak of the COVID-19 pandemic and bots (i.e., automated accounts controlled by a set of algorithms) that are suspected of spreading the infodemic. Although previous research has revealed that bots played a central role in spreading misinformation during major political events, how bots behavior during the infodemic is unclear. In this paper, we examined the roles of bots in the case of the COVID-19 infodemic and the diffusion of non-credible information such as “5G” and “Bill Gates” conspiracy theories and content related to “Trump” and “WHO” by analyzing retweet networks and retweeted items. We show the segregated topology of their retweet networks, which indicates that right-wing self-media accounts and conspiracy theorists may lead to this opinion cleavage, while malicious bots might favor amplification of the diffusion of non-credible information. Although the basic influence of information diffusion could be larger in human users than bots, the effects of bots are non-negligible under an infodemic situation."
"5","2022","Colorado in context: Congressional redistricting and competing fairness criteria in Colorado","Clelland, Jeanne; Colgate, Haley; DeFord, Daryl; Malmskog, Beth; Sancier-Barbosa, Flavia","https://link.springer.com/article/10.1007/s42001-021-00119-7","In this paper, we apply techniques of ensemble analysis to understand the political baseline for Congressional representation in Colorado. We generate a large random sample of reasonable redistricting plans and determine the partisan balance of each district using returns from state-wide elections in 2018, and analyze the 2011/2012 enacted districts in this context. Colorado recently adopted a new framework for redistricting, creating an independent commission to draw district boundaries, prohibiting partisan bias and incumbency considerations, requiring that political boundaries (such as counties) be preserved as much as possible, and also requiring that mapmakers maximize the number of competitive districts. We investigate the relationships between partisan outcomes, number of counties which are split, and number of competitive districts in a plan. This paper also features two novel improvements in methodology—a more rigorous statistical framework for understanding necessary sample size, and a weighted-graph method for generating random plans which split approximately as few counties as acceptable human-drawn maps."
"5","2022","Community membership consistency applied to corporate board interlock networks","Kuppevelt, Dafne E. van; Bakhshi, Rena; Heemskerk, Eelke M.; Takes, Frank W.","https://link.springer.com/article/10.1007/s42001-021-00145-5","Community detection is a well-established method for studying the meso-scale structure of social networks. Applying a community detection algorithm results in a division of a network into communities that is often used to inspect and reason about community membership of specific nodes. This micro-level interpretation step of community structure is a crucial step in typical social science research. However, the methodological caveat in this step is that virtually all modern community detection methods are non-deterministic and based on randomization and approximated results. This needs to be explicitly taken into consideration when reasoning about community membership of individual nodes. To do so, we propose a metric of community membership consistency, that provides node-level insights in how reliable the placement of that node into a community really is. In addition, it enables us to distinguish the community core members of a community. The usefulness of the proposed metrics is demonstrated on corporate board interlock networks, in which weighted links represent shared senior level directors between firms. Results suggest that the community structure of global business groups is centered around persistent communities consisting of core countries tied by geographical and cultural proximity. In addition, we identify fringe countries that appear to associate with a number of different global business communities."
"5","2022","Comparative analysis of social bots and humans during the COVID-19 pandemic","Chang, Ho-Chun Herbert; Ferrara, Emilio","https://link.springer.com/article/10.1007/s42001-022-00173-9","Using more than 4 billion tweets and labels on more than 5 million users, this paper compares the behavior of humans and bots politically and semantically during the pandemic. Results reveal liberal bots are more central than humans in general, but less important than institutional humans as the elite circle grows smaller. Conservative bots are surprisingly absent when compared to prior work on political discourse, but are better than liberal bots at eliciting replies from humans, which suggest they may be perceived as human more frequently. In terms of topic and framing, conservative humans and bots disproportionately tweet about the Bill Gates and bio-weapons conspiracy, whereas the 5G conspiracy is bipartisan. Conservative humans selectively ignore mask-wearing and we observe prevalent out-group tweeting when discussing policy. We discuss and contrast how humans appear more centralized in health-related discourse as compared to political events, which suggests the importance of credibility and authenticity for public health in online information diffusion."
"5","2022","Computational courtship understanding the evolution of online dating through large-scale data analysis","Dinh, Rachel; Gildersleve, Patrick; Blex, Chris; Yasseri, Taha","https://link.springer.com/article/10.1007/s42001-021-00132-w","In this work, we examine the mate preferences and communication patterns of male and female users of the online dating site eharmony over a decade to identify how attitudes and behaviour have changed over this time period. While other studies have investigated disparities in user behaviour between male and female users, this study is unique in its longitudinal approach. We analyze how men and women differ in their preferences for certain traits in potential partners and how those preferences have changed over time. We report on the stronger yet declining emphasis that women put on income and education of their potential partners. We investigate to what extent physical attractiveness determines the rate of messages a user receives, and how this relationship varies between men and women; counterintuitively, the most self-reportedly physically attractive users are not the most popular ones. Third, we explore whether online dating practices between males and females have become more equal over time to find out biases and inequalities have indeed increased. Fourth, we study the behavioural traits in sending and replying to messages based on one’s own experience of receiving messages and being replied to and discover a robust positive relationship between attractiveness and selectivity. Finally, we found that similarity between profiles is not a predictor for success except for the number of children and smoking habits. This work has broader implications for shifting gender norms and social attitudes, reflected in online courtship rituals."
"5","2022","Controversial information spreads faster and further than non-controversial information in Reddit","Jasser, Jasser; Garibay, Ivan; Scheinert, Steve; Mantzaris, Alexander V.","https://link.springer.com/article/10.1007/s42001-021-00121-z","Online users discuss and converse about all sorts of topics on social networks. Facebook, Twitter, Reddit are among many other networks where users can have this freedom of information sharing. The abundance of information shared over these networks makes them an attractive area for investigating all aspects of human behavior on information dissemination. Among the many interesting behaviors, controversiality within social cascades is of high interest to us. It is known that controversiality is bound to happen within online discussions. The online social network platform Reddit has the feature to tag comments as controversial if the users have mixed opinions about that comment. The difference between this study and previous attempts at understanding controversiality on social networks is that we do not investigate topics that are known to be controversial. On the contrary, we examine typical cascades with comments that the readers deemed to be controversial concerning the matter discussed. This work asks whether controversially initiated information cascades have distinctive characteristics than those not controversial in Reddit. We used data collected from Reddit consisting of around 17 million posts and their corresponding comments related to cybersecurity issues to answer these emerging questions. From the comparative analyses conducted, controversial content travels faster and further from its origin. Understanding this phenomenon would shed light on how users or organization might use it to their help in controlling and spreading a specific beneficiary message."
"5","2022","Correction to: Characterizing the roles of bots on Twitter during the COVID‑19 infodemic","Xu, Wentao; Sasahara, Kazutoshi","https://link.springer.com/article/10.1007/s42001-021-00144-6",""
"5","2022","Correction to: Mitigation strategies against cascading failures within a project activity network","Ellinas, Christos; Nicolaides, Christos; Masuda, Naoki","https://link.springer.com/article/10.1007/s42001-021-00141-9",""
"5","2022","Correction to: Social influence and unfollowing accelerate the emergence of echo chambers","Sasahara, Kazutoshi; Chen, Wen; Peng, Hao; Ciampaglia, Giovanni Luca; Flammini, Alessandro; Menczer, Filippo","https://link.springer.com/article/10.1007/s42001-022-00167-7",""
"5","2022","Deep diving into the S&P Europe 350 index network and its reaction to COVID-19","Cortés Ángel, Ariana Paola; Eratalay, Mustafa Hakan","https://link.springer.com/article/10.1007/s42001-022-00172-w","In this paper, we analyse the dynamic partial correlation network of the constituent stocks of S&P Europe 350. We focus on global parameters such as radius, which is rarely used in financial networks literature, and also the diameter and distance parameters. The first two parameters are useful for deducing the force that economic instability should exert to trigger a cascade effect on the network. With these global parameters, we hone the boundaries of the strength that a shock should exert to trigger a cascade effect. In addition, we analysed the homophilic profiles, which is quite new in financial networks literature. We found highly homophilic relationships among companies, considering firms by country and industry. We also calculate the local parameters such as degree, closeness, betweenness, eigenvector, and harmonic centralities to gauge the importance of the companies regarding different aspects, such as the strength of the relationships with their neighbourhood and their location in the network. Finally, we analysed a network substructure by introducing the skeleton concept of a dynamic network. This subnetwork allowed us to study the stability of relations among constituents and detect a significant increase in these stable connections during the Covid-19 pandemic."
"5","2022","Determining political interests of issue-motivated groups on social media: joint topic models for issues, sentiment and stance","Kannangara, Sandeepa; Wobcke, Wayne","https://link.springer.com/article/10.1007/s42001-021-00146-4","Stance detection is an emerging research problem in opinion mining where the aim is to automatically determine from the text whether the author is for, against or neutral towards a proposition or target. In this paper, we propose a novel weakly supervised probabilistic topic model, Joint Issue-Sentiment-Stance Topic (JISST) model, for stance detection from political opinion in social media. The model automatically identifies the target issue and stance toward the target issue simultaneously from the text. Unlike other machine learning approaches to stance classification which require labelled data for training classifiers, JISST requires only a small number of seed words for each issue and stance and a sentiment lexicon. The model is evaluated on two datasets in the political domain: a Facebook dataset which contains posts of politically motivated Facebook groups in Australia and a Twitter dataset which was published for the SemEval 2016 competition. Experimental results demonstrate that JISST outperforms both weakly supervised and supervised baselines for stance and issue classification."
"5","2022","Digital media and misinformation: An outlook on multidisciplinary strategies against manipulation","Caled, Danielle; Silva, Mário J.","https://link.springer.com/article/10.1007/s42001-021-00118-8","This review discusses the dynamic mechanisms of misinformation creation and spreading used in social networks. It includes: (1) a conceptualization of misinformation and related terms, such as rumors and disinformation; (2) an analysis of the cognitive vulnerabilities that hinder the correction of the effects of an inaccurate narrative already assimilated; and (3) an interdisciplinary discussion on different strategies for coping with misinformation. The discussion encompasses journalistic, educational, governmental and computational viewpoints on the topic. The review also surveys how digital platforms handle misinformation and gives an outlook on opportunities to address it in light of the presented viewpoints."
"5","2022","Dynamic simulation of social media challenge participation to examine intervention strategies","Khasawneh, Amro; Chalil Madathil, Kapil; Taaffe, Kevin M.; Zinzow, Heidi; Ponathil, Amal; Chalil Madathil, Sreenath; Nambiar, Siddhartha; Nanda, Gaurav; Rosopa, Patrick J.","https://link.springer.com/article/10.1007/s42001-022-00183-7","Recently, the use of social media by adolescents and young adults has significantly increased. While this new landscape of cyberspace offers young Internet users many benefits, it also exposes them to numerous risks. One such phenomenon receiving limited research attention is the advent and propagation of viral social media challenges. Several of these challenges entail self-harming behavior, which combined with their viral nature, poses physical and psychological risks for the participants and the viewers. In this paper, we show how agent-based modeling (ABM) can be used to investigate the effect of educational intervention programs to reduce participation in social media challenges at multiple levels—family, school, and community. In addition, we show how the effect of these education-based interventions can be compared to social media-based policy interventions. Our model takes into account the “word of mouth” effect of these interventions which could either decrease participation in social media challenge further than expected or unintentionally cause others to participate. We suggest that educational interventions at combined family and school levels are the most efficient type of long-term intervention, since they target the root of the problem, while social media-based policies act as a retrospective solution."
"5","2022","Early warning signals from the periphery","Füllsack, Manfred; Reisinger, Daniel; Kapeller, Marie; Jäger, Georg","https://link.springer.com/article/10.1007/s42001-021-00142-8","Studies on the possibility of predicting critical transitions with statistical methods known as early warning signals (EWS) are often conducted on data generated with equation-based models (EBMs). These models base on difference or differential equations, which aggregate a system’s components in a mathematical term and therefore do not allow for a detailed analysis of interactions on micro-level. As an alternative, we suggest a simple, but highly flexible agent-based model (ABM), which, when applying EWS-analysis, gives reason to (a) consider social interaction, in particular negative feedback effects, as an essential trigger of critical transitions, and (b) to differentiate social interactions, for example in network representations, into a core and a periphery of agents and focus attention on the periphery. Results are tested against time series from a networked version of the Ising-model, which is often used as example for generating hysteretic critical transitions."
"5","2022","Exploring the political pulse of a country using data science tools","Folgado, Miguel G.; Sanz, Veronica","https://link.springer.com/article/10.1007/s42001-021-00157-1","In this paper we illustrate the use of Data Science techniques to analyse complex human communication. In particular, we consider tweets from leaders of political parties as a dynamical proxy to political programmes and ideas. We also study the temporal evolution of their contents as a reaction to specific events. We analyse levels of positive and negative sentiment in the tweets using new tools adapted to social media. We also train a Fully-Connected Neural Network (FCNN) to recognise the political affiliation of a tweet. The FCNN is able to predict the origin of the tweet with a precision in the range of 71–75%, and the political leaning (left or right) with a precision of around 90%. This study is meant to be viewed as an example of how to use Twitter data and different types of Data Science tools for a political analysis."
"5","2022","Extracting multiple layers of social networks through a 7-month survey using a wearable device: a case study from a farming community in Japan","Komori, Masashi; Takemura, Kosuke; Minoura, Yukihisa; Uchida, Atsuhiko; Iida, Rino; Seike, Aya; Uchida, Yukiko","https://link.springer.com/article/10.1007/s42001-022-00162-y","As individuals are susceptible to social influences from those to whom they are connected, structures of social networks have been an important research subject in social sciences. However, quantifying these structures in real life has been comparatively more difficult. One reason is data collection methods—how to assess elusive social contacts (e.g., unintended brief contacts in a coffee room); however, recent studies have overcome this difficulty using wearable devices. Another reason relates to the multi-layered nature of social relations—individuals are often embedded in multiple networks that are overlapping and complicatedly interwoven. A novel method to disentangle such complexity is needed. Here, we propose a new method to detect multiple latent subnetworks behind interpersonal contacts. We collected data of proximities among residents in a Japanese farming community for 7 months using wearable devices which detect other devices nearby via Bluetooth communication. We performed non-negative matrix factorization (NMF) on the proximity log sequences and extracted five latent subnetworks. One of the subnetworks represented social relations regarding farming activities, and another subnetwork captured the patterns of social contacts taking place in a community hall, which played the role of a “hub” of diverse residents within the community. We also found that the eigenvector centrality score in the farming-related network was positively associated with self-reported pro-community attitude, while the centrality score regarding the community hall was associated with increased self-reported health."
"5","2022","Fooled by facts: quantifying anchoring bias through a large-scale experiment","Yasseri, Taha; Reher, Jannie","https://link.springer.com/article/10.1007/s42001-021-00158-0","Through a large-scale online field experiment, we provide new empirical evidence for the presence of the anchoring bias in people’s judgement due to irrational reliance on a piece of information that they are initially given. The comparison of the anchoring stimuli and respective responses across different tasks reveals a positive, yet complex relationship between the anchors and the bias in participants’ predictions of the outcomes of events in the future. Participants in the treatment group were equally susceptible to the anchors regardless of their level of engagement, previous performance, or gender. Given the strong and ubiquitous influence of anchors quantified here, we should take great care to closely monitor and regulate the distribution of information online to facilitate less biased decision making."
"5","2022","From academia to policy makers: a methodology for real-time forecasting of infrequent events","Krzywicki, Alfred; Muchlinski, David; Goldsmith, Benjamin E.; Sowmya, Arcot","https://link.springer.com/article/10.1007/s42001-022-00176-6","The field of conflict forecasting has matured greatly over the last decade. Advances in machine learning have allowed researchers to forecast rare political and social events in near real time. Yet the maturity of the field has led to a proliferation of diverse platforms for forecasting, divergent results across forecasts, and an explosion of forecasting methodologies. While the field has done much to establish some baseline results, true, consensual benchmarks against which future forecasts may be evaluated remain elusive, and thus, agreed upon empirical results are still rare. The aim of this work is to address these concerns and provide the field of conflict forecasting with a standardized analysis pipeline to evaluate future forecasts of political violence. We aim to open the black box of the conflict forecasting pipeline and provide empirical evidence on how modeling decisions along all steps of the pipeline affect end results. In this way, we empirically demonstrate best practices that conflict forecasting researchers may utilize in future endeavors. We employ forecasts of targeted mass killings and genocides to support our methodological claims."
"5","2022","Geographies of Twitter debates","Gobbo, Emiliano; Fontanella, Lara; Fontanella, Sara; Sarra, Annalina","https://link.springer.com/article/10.1007/s42001-021-00143-7","Over the last years, the prodigious success of online social media sites has marked a shift in the way people connect and share information. Coincident with this trend is the proliferation of location-aware devices and the consequent emergence of user-generated geospatial data. From a social scientific perspective, these location data are of incredible value as it can be mined to provide researchers with useful information about activities and opinions across time and space. However, the utilization of geo-located data is a challenging task, both in terms of data management and in terms of knowledge production, which requires a holistic approach. In this paper, we implement an integrated knowledge discovery in cyberspace framework for retrieving, processing and interpreting Twitter geolocated data for the discovery and classification of the latent opinion in user-generated debates on the internet. Text mining techniques, supervised machine learning algorithms and a cluster spatial detection technique are the building blocks of our research framework. As real-word example, we focus on Twitter conversations about Brexit, posted on Uk during the 13 months before the Brexit day. The experimental results, based on various analysis of Brexit-related tweets, demonstrate that different spatial patterns can be identified, clearly distinguishing pro- and anti-Brexit enclaves and delineating interesting Brexit geographies."
"5","2022","Graphical metrics for analyzing district maps","Dube, Matthew P.; Clark, Jesse T.; Powell, Richard J.","https://link.springer.com/article/10.1007/s42001-021-00131-x","For the past several decades, political scientists have sought to understand the impact of legislative redistricting and gerrymandering on a variety of outcomes. However, traditional metrics such as compactness scores and newer metrics such as aggregated simulations impose very strong assumptions that make their use difficult. In this study, we propose a new graphical framework for analyzing districts that relaxes current assumptions while allowing analysts to focus on the choices that redistricting parties may potentially make. We then leverage the newest advances in district simulation algorithms to extend this framework to propose four new metrics. These new metrics are Edge-Cut Growth (ECG), Excess Edge (EE), and Edge per District Gain (EDG), and Internal Boundary Growth (IBG). These new metrics are then compared to several existing metrics, allowing us to test the attributes that our approach is similar to. In doing so, we demonstrate that the four new metrics are best seen as theoretical and technical advances on current metrics that focus on district geometry."
"5","2022","Groups' contribution to shaping ethnic residential segregation: a dynamic approach","Tapia, Eduardo","https://link.springer.com/article/10.1007/s42001-021-00136-6","Some have argued it is possible to infer different groups’ contributions to ethnic residential segregation from their individual neighborhood preferences. From this perspective, natives tend to be more segregation-promoting than non-natives, since they prefer neighborhoods where they are the majority. It remains unclear, however, whether this holds when one evaluates their contributions to segregation within a dynamic perspective. Using register data from Statistics Sweden, I define and model ten different groups’ residential behavior based on their ethnicity and family composition. I thereby simulate the residential mobility of the full population of Stockholm municipality residents from 1998 to 2012. Even though my results at the micro-level are consistent with previous studies, the simulation results show that foreign singles’ mobility patterns are more segregation-promoting than any other groups, since this group shows a greater in-group feedback effect regarding choice of new neighborhoods, an effect that increases their flow from low-to-high segregated neighborhoods progressively. My results suggest that (1) integration initiatives would be more efficient if focused on this particular group and (2) a proper evaluation of micro-behaviors’ implications for macro-patterns of segregation requires a dynamic approach accounting for groups’ heterogeneous behaviors and their main interdependencies on shaping segregation over time."
"5","2022","How does “A Bit of Everything American” state feel about COVID-19? A quantitative Twitter analysis of the pandemic in Ohio","Caliskan, Cantay","https://link.springer.com/article/10.1007/s42001-021-00111-1","COVID-19 has proven itself to be one of the most important events of the last two centuries. This defining moment in our lives has created wide-ranging discussions in many segments of our societies, both politically and socially. Over time, the pandemic has been associated with many social and political topics, as well as sentiments and emotions. Twitter offers a platform to understand these effects. The primary objective of this study is to capture the awareness and sentiment about COVID-19-related issues and to find how they relate to the number of cases and deaths in a representative region of the United States. The study uses a unique dataset consisting of over 46 million tweets from over 91,000 users in 88 counties of the state of Ohio, a state-of-the-art deep learning model to measure and detect awareness and emotions. The data collected is analyzed using OLS regression and System-GMM dynamic panel. Findings indicate that the pandemic has drastically changed the perception of the Republican party in the society. Individual motivations are strongly influenced by ideological choices and this ultimately affects individual pandemic-related outcomes. The paper contributes to the literature by expanding the knowledge on COVID-19 (i), offering a representative result for the United States by focusing on an “average” state like Ohio (ii), and incorporating the sentiment and emotions into the calculation of awareness (iii)."
"5","2022","How he won: Using machine learning to understand Trump’s 2016 victory","He, Zhaochen; Camobreco, John; Perkins, Keith","https://link.springer.com/article/10.1007/s42001-021-00147-3","The meaning of Donald Trump’s 2016 victory has been widely debated. Some believe that Trump’s success stemmed from the decline of manufacturing and other macroeconomic changes. Others see a political strategy that exploited antagonism towards minorities and immigrants. We put both accounts to the test. Using data from the Quarterly Workforce Indicators (QWI) program, we construct a county-level metric of job decline and pair it with a large survey of political and social opinion. Using both logistic regression and random forest classification, we then estimate the impact of economics, race, and other factors on voter choice in 2016. We also perform a “what if” analysis, predicting how the election would have proceeded had voters experienced greater economic hardship, or harbored more progressive views towards race and immigration. Overall, our research indicates that attitudes towards race and immigration played a significantly larger role in the elections than economics. However, we do find evidence that deteriorating job conditions may have exacerbated the importance of racial views."
"5","2022","How social media crisis response and social interaction is helping people recover from Covid-19: an empirical investigation","Bukar, Umar Ali; Jabar, Marzanah A.; Sidi, Fatimah; Nor, RNH Binti; Abdullah, Salfarina; Ishak, Iskandar","https://link.springer.com/article/10.1007/s42001-021-00151-7","Community resilience following a crisis has become essential to avoid panic. In contrast, social media usage has been practical to improve public resilience. However, the impacts of social media crisis response and social interaction have not been fully addressed. Therefore, this study aims to investigate the effects of social media crisis communication on public resilience. The study data were collected through an online medium, and the final responses consist of 393 observations, mainly of Malaysians who have experienced Covid-19 isolation, quarantine, or lockdown. The assessments of the reflective measurement models based on path analysis in PLS-SEM are reliable and valid. The Cronbach’s alpha, rho_A, composite reliability, and discriminant validity revealed acceptable values. PLS prediction algorithm was run to assess the model’s predictive power, and the findings show that the predictive relevance is satisfactory. Furthermore, the IPMA was applied to evaluate the model’s usefulness, which compares the level of the variables from the performance scale mean value against the importance level. The result shows that all the variables are useful and reveal good performance. Thus, crisis management and communication activities should pay more attention to these variables for effective social media crisis communication. Thus, the study offers theoretical and practical implications in the field of social media-based crisis communication and crisis informatics."
"5","2022","Identification of intimate partner violence from free text descriptions in social media","Trinh Ha, Phan; D’Silva, Rhea; Chen, Ethan; Koyutürk, Mehmet; Karakurt, Günnur","https://link.springer.com/article/10.1007/s42001-022-00166-8","Intimate partner violence (IPV) is a significant public health problem that adversely affects the well-being of victims. IPV is often under-reported and non-physical forms of violence may not be recognized as IPV, even by victims. With the increasing popularity of social media and due to the anonymity provided by some of these platforms, people feel comfortable sharing descriptions of their relationship problems in social media. The content generated in these platforms can be useful in identifying IPV and characterizing the prevalence, causes, consequences, and correlates of IPV in broad populations. However, these descriptions are in the form of free text and no corpus of labeled data is available to perform large-scale computational and statistical analyses. Here, we use data from established questionnaires that are used to collect self-report data on IPV to train machine learning models to predict IPV from free text. Using Universal Sentence Encoder (USE) along with multiple machine learning algorithms (random forest, SVM, logistic regression, Naïve Bayes), we develop D etect IPV, a tool for detecting IPV in free text. Using D etect IPV, we comprehensively characterize the predictability of different types of violence (physical abuse, emotional abuse, sexual abuse) from free text. Our results show that a general model that is trained using examples of all violence types can identify IPV from free text with area under the ROC curve (AUROC) 89%. We also train type-specific models and observe that physical abuse can be identified with greatest accuracy (AUROC 98%), while sexual abuse can be identified with high precision but relatively low recall. While our results indicate that the prediction of emotional abuse is the most challenging, D etect IPV can identify emotional abuse with AUROC above 80%. These results establish D etect IPV as a tool that can be used to reliably detect IPV in the context of various applications, ranging from flagging social media posts to detecting IPV in large text corpuses for research purposes. D etect IPV is available as a web service at https://www.ipvlab.case.edu/ipvdetect/ ."
"5","2022","Impact of maker-taker fees on stock exchange competition from an agent-based simulation","Hoshino, Mahiro; Mizuta, Takanobu; Sudo, Yasuhiro; Yagi, Isao","https://link.springer.com/article/10.1007/s42001-022-00169-5","One fee structure offered by stock exchanges is maker-taker fees, in which the exchange pays rebates to traders who place limit orders and collects trading fees from traders who place market orders. A stock market that employs maker-taker fees is thought to outpace its stock market competition in the sense that its relative market volume share will increase due to the expectation of efficient market formation. However, whether this idea is true has not been sufficiently investigated. Therefore, in the present study, we constructed two artificial markets, one with maker-taker fees and the other without them, and investigated how the trading shares of these two markets vary. We also calculated and compared market liquidity, volatility, and efficiency of the two markets. As a result, the market volume share of the market with maker-taker fees was found to increase with the rebate amount when the stock exchange provided sufficient rebates. Otherwise, the market with maker-taker fees lost market volume share to the market without maker-taker fees. In addition, we found that market liquidity increased and volatility decreased in the market that adopted maker-taker fees. In the market that does not adopt maker-taker fees, market liquidity and volatility did not necessarily improve. In contrast, market efficiency was found to improve in both markets."
"5","2022","Interpolation of non-random missing values in financial statements’ big data using CatBoost","Fujimoto, Shouji; Mizuno, Takayuki; Ishikawa, Atushi","https://link.springer.com/article/10.1007/s42001-022-00165-9","Financial statements’ big data have the characteristics of “Incompleteness” and “Nonrepresentative”. In this paper, employing the world’s largest commercial database on finance, ORBIS, we first find that the rate of missing data varies depending on the country, the type and size of financial items, and the year. Using information on missing data, we interpolate non-random missing financial variables from the previous- and/or next-year values of the same financial item, the values of other financial items, and the conditions of missing values determined by CatBoost. Because the distribution of financial values obeys Zipf’s law in the large-scale range and mean and variance diverge, we employ an inverse hyperbolic function to convert the value of a financial item as a target variable. We introduce two types of missing interpolation models according to the two types of situations involving missing objective variables. After verifying the accuracies and stabilities of these models, we describe the properties of firm-scale variables in which non-random missing values are interpolated. In the final stage of this work, we combine these two models. From our observations, we confirm that the range in which Zipf’s law is established becomes wider than before interpolation."
"5","2022","Lingual markers for automating personality profiling: background and road ahead","Teli, Mohmad Azhar; Chachoo, Manzoor Ahmad","https://link.springer.com/article/10.1007/s42001-022-00184-6","Personality is a psychological concept which embodies the unique characteristics of an individual. An individual’s distinct traits are embodied by the psychological concept of personality. The Lexical Hypothesis states that language use and the terms people use to describe one another can help us decide personality qualities. Huge improvements in data collecting and processing have been brought about by technological breakthroughs. These could help to develop autonomous personality assessment models by deriving linguistic markers from the data present in social media, telecommunication signals, and even signals collected from human–machine interaction. Numerous studies have cantered on using machine learning to automate personality recognition from text. However, there are questions in terms of their performance, reliability as well as ethical usage. To find solutions, we extensively review and analyse the existing research in the field of personality computing using lingual markers in text. A content-oriented classification of the techniques used is provided. We also examine the existing literature for gaps and limitations with a detailed comparative analysis. The field of personality computing has the potential to impact every field of human life but the progress as of now is limited. Our review will help researchers to build from what has been achieved so far for faster progress in the field."
"5","2022","Linguistic, cultural, and narrative capital: computational and human readings of transfer admissions essays","Alvero, AJ; Pal, Jasmine; Moussavian, Katelyn M.","https://link.springer.com/article/10.1007/s42001-022-00185-5","Variation in college application materials related to social stratification is a contentious topic in social science and national discourse in the United States. This line of research has also started to use computational methods to consider qualitative materials, such as personal statements and letters of recommendation. Despite the prominence of this topic, fewer studies have considered a fairly common academic pathway: transferring. Approximately 40% of all college students in the US transfer schools at least once. One quirk of the system is that students from community colleges are applying for the same spots for students already enrolled in four year schools and trying to transfer. How might different aspects the transfer application itself correlate with institutional stratification and make students more or less distinguishable? We use a dataset of 20,532 transfer admissions essays submitted to the University of California system to describe how transfer applicants vary linguistically, culturally, and narratively with respect to academic pathways and essay prompts. Using a variety of methods for computational text analysis and qualitative coding, we find that essays written by community college students tend to be distinct from those written by university students. However, the strength and character of these results changed with the writing prompt provided to applicants. These results show how some forms of stratification, such as the type of school students attend, inform educational processes intended to equalize opportunity and how combining computational and human reading might illuminate these patterns."
"5","2022","Measuring spatio-textual affinities in twitter between two urban metropolises ","Hu, Minda; Kejriwal, Mayank","https://link.springer.com/article/10.1007/s42001-021-00129-5","With increasing growth of both social media and urbanization, studying urban life through the empirical lens of social media has led to some interesting research opportunities and questions. It is well-recognized that as a ‘social animal’, most humans are deeply embedded both in their cultural milieu and in broader society that extends well beyond close family, including neighborhoods, communities and workplaces. In this article, we study this embeddedness by leveraging urban dwellers’ social media footprint. Specifically, we define and empirically study the issue of spatio-textual affinity by collecting many millions of geotagged tweets collected from two diverse metropolises within the United States: the Boroughs of New York City, and the County of Los Angeles. Spatio-textual affinity is the intuitive hypothesis that tweets coming from similar locations (spatial affinity) will tend to be topically similar (textual affinity). This simple definition of the problem belies the complexity of measuring it, since (re-tweets notwithstanding) two tweets are never truly identical either spatially or textually. Workable definitions of affinity along both dimensions are required, as are appropriate experimental designs, visualizations and measurements. In addition to providing such definitions and a viable framework for conducting spatio-textual affinity experiments on Twitter data, we provide detailed results illustrating how our framework can be used to compare and contrast two important metropolitan areas from multiple perspectives and granularities."
"5","2022","Mitigation strategies against cascading failures within a project activity network","Ellinas, Christos; Nicolaides, Christos; Masuda, Naoki","https://link.springer.com/article/10.1007/s42001-021-00123-x","Successful on-time delivery of projects is a key enabler in resolving major societal challenges, such as wasted resources and stagnated economic growth. However, projects are notoriously hard to deliver successfully, partly due to their interconnected and temporal complexity which makes them prone to cascading failures. Here, we develop a cascading failure model and test it on a temporal activity network, extracted from a large-scale engineering project. We evaluate the effectiveness of six mitigation strategies, in terms of the impact of task failure cascading throughout the project. In contrast to theoretical arguments, our results indicate that in the majority of cases, the temporal properties of the activities are more relevant than their structural properties in preventing large-scale cascading failures. In practice, these findings could stimulate new pathways for designing and scheduling projects that naturally limit the extent of cascading failures."
"5","2022","Moderators of reputation effects in peer-to-peer online markets: a meta-analytic model selection approach","Jiao, Ruohuang; Przepiorka, Wojtek; Buskens, Vincent","https://link.springer.com/article/10.1007/s42001-022-00160-0","The effect of seller reputation on seller success in peer-to-peer online markets has been investigated in dozens of studies by means of the analysis of digital trace data. A recent meta-analysis synthesizing evidence from over a hundred studies corroborates that sellers with a better reputation sell more products at higher prices. However, the meta-analysis also shows that these reputation effects exhibit excess variation that cannot be attributed to sampling error. Moreover, there is still little consensus on how the size of a reputation effect should be interpreted and what might cause its variation. Here we use a meta-analytic model selection approach and multi-model inference on two subsets of 406 coefficient estimates to identify potential moderators of reputation effects. We identify contextual, product-related, and method-related moderators. Our results show that, among others, geographical region, product condition, sample size, and type of regression model have a bearing on the size of the reputation effect. The moderating effect of the geographical region suggests that reputation effects are substantially larger in the Chinese context than in the European or US contexts. The moderating effect of product condition—estimates based on new products are larger than estimates based on used products—is unexpected and worthwhile investigating further. The moderating effects of sample size and model type could be related to study quality. We do not find evidence for publication bias as a potential explanation for the effects of method-related moderators."
"5","2022","Network diffusion of competing behaviors","Hsiao, Yuan","https://link.springer.com/article/10.1007/s42001-021-00115-x","Research indicates that network structure affects the diffusion of a single behavior. However, in many social settings, two or more behaviors may compete for adoption, as in the case of religious competition, social movements and counter-movements, or conflicting rumors. Lessons from one-behavior diffusion cannot be easily applied because the outcome can take the form of one-behavior domination, two behaviors splitting the network, both behaviors occupying a small fraction of the network, or no diffusion. This article tests how three well-known factors of single-behavior diffusion—network transitivity, adoption threshold, and connectedness of early adopters—apply to scenarios of competitive diffusion. Results show that minor differences in initial adopter size tend to magnify, creating a significant “head-start advantage.” Nevertheless, the degree of this advantage depends on the interaction between network transitivity, adoption threshold, and connectedness of initial adopters. The article describes the conditions under which countervailing ties may (or may not) create inequality in behavioral diffusion."
"5","2022","News loopholing: Telegram news as portable alternative media","Al-Rawi, Ahmed","https://link.springer.com/article/10.1007/s42001-021-00155-3","This paper deals with foreign state-run media outlets that disseminate Persian language news targeted to the Iranian public. More specifically, it focuses on the mobile news app Telegram by undertaking a content analysis of a sample of the top 400 most viewed stories across four channels, i.e., BBC Persian, Voice of America’s Persian language service VOA Farsi, Radio Farda, and Iran International television channel. It also offers a topic modelling of all news stories posted. Results show that most of the news coverage centered on politics, particularly with an emphasis on internal Iranian issues, while a few other channels repeatedly urged their followers to submit not only their email addresses and other private information, but also photographs and/or videos of anti-government protests. Conceptually, I consider these channels as portable alternative media, as opposed to state-run news media, since the Iranian public seeks them out as sources of political information that assist them in better understanding world news and, most importantly, news about their own country. The Telegram instant messaging app is related to the meso dimension of alternative media, meaning that it is characterized by the unique production and dissemination means it utilizes. This paper concludes by highlighting the implications of foreign state-run news outlets using news loopholing to disseminate information, while simultaneously collecting private information about their users and/or potentially risking their safety."
"5","2022","OCR with Tesseract, Amazon Textract, and Google Document AI: a benchmarking experiment","Hegghammer, Thomas","https://link.springer.com/article/10.1007/s42001-021-00149-1","Optical Character Recognition (OCR) can open up understudied historical documents to computational analysis, but the accuracy of OCR software varies. This article reports a benchmarking experiment comparing the performance of Tesseract, Amazon Textract, and Google Document AI on images of English and Arabic text. English-language book scans ( n  = 322) and Arabic-language article scans ( n  = 100) were replicated 43 times with different types of artificial noise for a corpus of 18,568 documents, generating 51,304 process requests. Document AI delivered the best results, and the server-based processors (Textract and Document AI) performed substantially better than Tesseract, especially on noisy documents. Accuracy for English was considerably higher than for Arabic. Specifying the relative performance of three leading OCR products and the differential effects of commonly found noise types can help scholars identify better OCR solutions for their research needs. The test materials have been preserved in the openly available “Noisy OCR Dataset” (NOD) for reuse in future benchmarking studies."
"5","2022","Operation gridlock: opposite sides, opposite strategies","Babcock, Matthew; Carley, Kathleen M.","https://link.springer.com/article/10.1007/s42001-021-00133-9","Twitter and other social media platforms are important tools for competing groups to push their preferred messaging and respond to opposing views. Special attention has been paid to the role these tools play in times of emergency and important public decision-making events such as during the current COVID-19 pandemic. Here, we analyze the Pro- and Anti-Protest sides of the Twitter discussion surrounding the first few weeks of the anti-lockdown protests in the United States. We find that these opposing groups mirror the partisan divide regarding the protests in their use of specific phrases and in their sharing of external links. We then compare the users in each group and their actions and find that the Pro-Protest side acts more proactively, is more centrally organized, engages with the opposing side less, and appears to rely more on bot-like or troll-like users. In contrast, the Anti-Protest side is more reactive, has a larger presence of verified account activity (both as actors and targets), and appears to have been more successful in spreading its message in terms of both tweet volume and in attracting more regular type users. Our work provides insights into the organization of opposing sides of the Twitter debate and discussions over responses to the COVID-19 emergency and helps set the stage for further work in this area."
"5","2022","Parliamentary debate as electoral signaling","Kawakatsu, Hiroyuki","https://link.springer.com/article/10.1007/s42001-022-00168-6","To measure incumbent quality as a source of incumbency advantage in elections, this paper proposes the frequency of incumbent appearance in parliamentary debates. The measure is intended to capture the incumbents’ signal of their ability through their activities in parliamentary debates. Using data from Irish elections and text records of Irish parliamentary debates, the proposed measure explains about 10–20% of the incumbent advantage in the data."
"5","2022","Posters and protesters","Ramaciotti Morales, Pedro; Cointet, Jean-Philippe; Froio, Caterina","https://link.springer.com/article/10.1007/s42001-022-00163-x","Do social media incite protest movements, how? How does onsite protest shape online communication dynamics on social media? We examine the oft-debated relationship between social media activity and protest, considering the Yellow Vests or Gilets Jaunes movement in France. We use data of temporal and spatial distribution of Facebook activity and onsite events over a year of social mobilization to address these questions within a system of interacting online and offline activity. This study contrasts with others by analyzing mutual influences between online and offline domains while considering collective information diffusion in social networks. The results show that the relationship between social media activity and onsite protests is not constant nor one-sided, but mutual, and that it changes over the course of the collective action in specific and measurable ways. Using online and offline data, we show different mechanisms by which both domains of activity influence each other. Specifically, the creation of Facebook groups impacts the outbreak of protests, and in turn, this outbreak modifies the parameters of information diffusion between users on Facebook. In addition, Facebook content that pertains to the frames of the movement and mobilization affects onsite mobilization efforts. Our work contributes to the modeling of social movements as systems of online and offline events, expanding on studies that traditionally examine the impact of online activity over onsite protest."
"5","2022","Predicting applicable law sections from judicial case reports using legislative text analysis with machine learning","Sengupta, Souvik; Dave, Vishwang","https://link.springer.com/article/10.1007/s42001-021-00135-7","This paper presents a study on legislative text analysis to automate the process of identifying appropriate sections of laws that are applicable to the cases. We propose a methodology that includes supervised machine learning (ML) and natural language processing (NLP), and demonstrated our idea on the archived case studies of Indian Income Tax Act of 1963 (Income tax act, 1961 complete act—bare act, 2008), with applicable law sections and subsections, available at ‘LegalCrystal’ ( https://www.legalcrystal.com/ ) data repository. We consider the problem as a multi-label classification task, where multiple law sections could be applied on one case. The one-versus-rest wrapper is applied over the conventional ML models like logistic regression, Naïve bayes, decision tree and support vector machine to perform the multi-label classification. The proposed methodology includes necessary preprocessing and word embedding of texts, pipelining of transformers and ML models and evaluation of the trained models. We analyzed the performance of these different ML models by fine-tuning the hyper-parameters and observed a highest F1 score of 0.75 for support vector machine. Although this work is limited to cases involving income tax laws, the proposed methodology is adaptive to any other law sections."
"5","2022","Predicting job-hopping motive of candidates using answers to open-ended interview questions","Jayaratne, Madhura; Jayatilleke, Buddhi","https://link.springer.com/article/10.1007/s42001-021-00138-4","A significant proportion of voluntary employee turnover includes people who frequently move from job to job, known as job-hopping. Our work shows that language used in responding to interview questions on past behaviour and situational judgement is predictive of job-hopping motive as measured by the Job-Hopping Motives (JHM) Scale. The study is based on responses from over 45,000 job applicants who completed an online chat interview and self-rated themselves on JHM Scale. Five different methods of text representation were evaluated, namely four open-vocabulary approaches (TF-IDF, LDA, Glove word embeddings and Doc2Vec document embeddings) and one closed-vocabulary approach (LIWC). The Glove embeddings provided the best results with a correlation of r = 0.35 between sequences of words used and the JHM Scale. Further analysis also showed a correlation of r = 0.25 between language-based job-hopping motive and the personality trait Openness to experience and a correlation of r = − 0.09 with the trait Agreeableness."
"5","2022","Predicting the probability of finding missing older adults based on machine learning","Ruiz-Rizzo, Adriana L.; Archila-Meléndez, Mario E.; González Veloza, José John Fredy","https://link.springer.com/article/10.1007/s42001-022-00171-x","Person missingness is an enigmatic and frequent phenomenon that can bring about negative consequences for the missing person, their family, and society in general. Age-related cognitive changes and a higher vulnerability to dementia can increase the propensity of older adults to go missing. Thus, it is necessary to better understand the phenomenon of missingness in older adults. The present study sought to identify individual and environmental factors that might predict whether an older adult reported missing will be found. Supervised machine learning models were used based on the missing person cases open data of Colombia between 1930 and June 2021 ( n  = 7855). Classification algorithms were trained to predict whether an older adult who went missing would eventually be found. The classification models with the best performance in the test data were those based on gradient boosting. Particularly, the Gradient Boosting Classifier and the Light Gradient Boosting Machine algorithms showed, respectively, 10% and 9% greater area under the curve (AUC) of the receiver operating characteristic (ROC) curve than a data-driven, reference model based on the mean of the reported time elapsed since the missingness observed in the training data. The features with the greatest contribution to the classification were the time since the missingness, the place where it occurred, and the age and sex of the missing person. The present results shed light on the societal phenomenon of person missingness while setting the ground for the application of machine learning models in cases of missing older persons."
"5","2022","Prediction of juvenile crime in Bangladesh due to drug addiction using machine learning and explainable AI techniques","Nesa, Meherun; Shaha, Tumpa Rani; Yoon, Young","https://link.springer.com/article/10.1007/s42001-022-00175-7","In this paper, we depict the concept of predicting juvenile crime due to drug addiction using machine learning techniques. With the exponentially increasing crime rate, it has become a daunting task to prevent them at an evenly faster rate. Therefore, we have worked with several variables that are inextricably linked with adolescent offenses. The study identifies the causes of adolescent drug addiction by pinpointing the behavioral disorders and predicts their tendency of crime engagement. Using a dataset of both drug-addicted and non-addicted teens, the proposed approach predicts the latent connections to future under-aged crimes. The dataset was collected from four drug rehabilitation centers and high school students. To achieve better prediction, we have used multiple machine learning techniques such as Logistic Regression, K-Nearest Neighbor (KNN), Support Vector Machine (SVM), Random Forest, XGBoost, and Multilayer Perceptrons (MLPs). We have evaluated several performance parameters, namely accuracy, precision, recall, and f1 score, and compared them in light of individual algorithms. The experimental results showed that MLPs algorithm outperformed others attaining 95.36% accuracy, whereas other algorithms achieved accuracies ranging from 89 to 94%. We have also extracted the best features by applying Univariate Feature Selection method and Recursive Feature Elimination (RFE) method. The proffered estimation was explained by Shapley Additive explanation (SHAP) and Local Interpretable Model-Agnostic Explanation (LIME) techniques. The proposed method can allow counter-measures of the juvenile criminal activities induced from addiction by producing explained crime forecast."
"5","2022","Pursuing open-source development of predictive algorithms: the case of criminal sentencing algorithms","Waggoner, Philip D.; Macmillen, Alec","https://link.springer.com/article/10.1007/s42001-021-00122-y","Currently, there is uncertainty surrounding the merits of open-source versus proprietary algorithm development. Though justification in favor of each exists, we argue that open-source algorithm development should be the standard in highly consequential contexts that affect people’s lives for reasons of transparency and collaboration, which contribute to greater predictive accuracy and enjoy the additional advantage of cost-effectiveness. To make this case, we focus on criminal sentencing algorithms, as criminal sentencing is highly consequential, and impacts society and individual people. Furthermore, the popularity of this topic has surged in the wake of recent studies uncovering racial bias in proprietary sentencing algorithms among other issues of over-fitting and model complexity. We suggest that these issues are exacerbated by the proprietary and expensive nature of virtually all widely used criminal sentencing algorithms. Upon replicating a major algorithm using real criminal profiles, we fit three penalized regressions and demonstrate an increase in predictive power of these open-source and relatively computationally inexpensive options. The result is a data-driven suggestion that if judges who are making sentencing decisions want to craft appropriate sentences based on a high degree of accuracy and at low costs, then they should be pursuing open-source options."
"5","2022","Sentimental wildfire: a social-physics machine learning model for wildfire nowcasting","Lever, Jake; Arcucci, Rossella","https://link.springer.com/article/10.1007/s42001-022-00174-8","The intensity of wildfires and wildfire season length is increasing due to climate change, causing a greater threat to the local population. Much of this population are increasingly adopting social media, and sites like Twitter are increasingly being used as a real-time human-sensor network during natural disasters; detecting, tracking and documenting events. The human-sensor concept is currently largely omitted by wildfire models, representing a potential loss of information. By including Twitter data as a source in our models, we aim to help disaster managers make more informed, socially driven decisions, by detecting and monitoring online social media sentiment over the course of a wildfire event. This paper implements machine learning in a wildfire prediction model, using social media and geophysical data sources with Sentiment Analysis to predict wildfire characteristics with high accuracy. We also use wildfire-specific attributes to predict online social dynamics, as this has been shown to be indicative of localised disaster severity. This may be useful for disaster management teams in identifying areas of immediate danger. We combine geophysical satellite data from the Global Fire Atlas with social data provided by Twitter. We perform data collection and subsequent analysis & visualisation, and compare regional differences in online social sentiment expression. Following this, we compare and contrast different machine learning models for predicting wildfire attributes. We demonstrate social media is a predictor of wildfire activity, and present models which accurately model wildfire attributes. This work develops the concept of the human sensor in the context of wildfires, using users’ Tweets as noisy subjective sentimental accounts of current localised conditions. This work contributes to the development of more socially conscious wildfire models, by incorporating social media data into wildfire prediction and modelling."
"5","2022","Simulating language knowledge across the EU: language regimes, language learning and consequences for linguistic disenfranchisement","Civico, Marco","https://link.springer.com/article/10.1007/s42001-021-00137-5","The objective of this paper is to develop an simulation model able to test different language education orientations and their consequences for the EU population in terms of linguistic disenfranchisement, that is, the inability of citizens to understand EU documents and parliamentary discussions should their native language(s) no longer be official. I will focus on the impact of linguistic distance and language learning. Ideally, this model would be a tool to help EU policy makers make informed decisions about language practices and education policies, taking into account their consequences in terms of diversity and linguistic disenfranchisement. The model can be used to force agents to make certain choices in terms of language skills acquisition. The user can then go on to compare different scenarios in which language skills are acquired according to different rationales. The idea is that, by forcing agents to adopt certain language learning strategies, the model user can simulate policies promoting the acquisition of language skills and get an idea of their impact. In this way, the model allows not only to sketch various scenarios of the evolution of language skills among EU citizens, but also to estimate the level of disenfranchisement in each of these scenarios."
"5","2022","Social media and suicide in social movements: a case study in Hong Kong","Yip, Paul S. F.; Pinkney, Edward","https://link.springer.com/article/10.1007/s42001-022-00159-7","Research has indicated that excessive and sensationalized suicide reporting can lead to copycat suicides, especially when deaths involve well-known people. Little is known, however, about the impact of the reporting of suspected protestor suicide deaths during social unrest, particularly in an age of social media. In June 2019, the most substantial social unrest in Hong Kong since its handover in 1997 was triggered by the proposed Anti-Extradition Law Amendment Bill (Anti-ELAB). The social unrest subsided when Hong Kong and many parts of the world were hit by Covid-19 and very strict quarantine measures were imposed on crowd gatherings in Hong Kong at the end of January 2020. A number of reported suicides and deaths of undetermined cause took place during this 8-month period that received considerable attention. To better understand the possible effects of these highly publicized deaths, we examined media reports of suspected suicide cases before, during and after the protest period, as well as topics of suicide-related threads and their replies in social media forums. We found no clear evidence of increased rates of suicide as a result of these incidents, or during the protest period; however, it is suggested that certain narratives and attention surrounding the suspected suicides and undetermined deaths may have contributed to collective emotions such as sadness and anxiety. Some implications for misinformation (intentionally or un-intentionally) and mitigation of suicide risk during social unrest are discussed."
"5","2022","Strategic sentiments and emotions in post-Second World War party manifestos in Finland","Koljonen, Juha; Öhman, Emily; Ahonen, Pertti; Mattila, Mikko","https://link.springer.com/article/10.1007/s42001-022-00181-9","We contribute to the growing number of studies on emotions and politics by investigating how political parties strategically use sentiments and emotions in party manifestos. We use computational methods in examining changes of sentiments and emotions in Finnish party manifestos from 1945 to 2019. We use sentiment and emotion lexicons first translated from English into Finnish and then modified for the purposes of our study. We analyze how the use of emotions and sentiments differs between government and opposition parties depending on their left/right ideology and the specific type of party manifesto. In addition to traditional sentiment and emotion analysis, we use emotion intensity analysis. Our results indicate that in Finland, government and opposition parties do not differ substantially from each other in their use of emotional language. From a historical perspective, the individual emotions used in party manifestos have persisted, but changes have taken place in the intensity of using emotion words. We also find that in comparison with other parties, populist parties both appeal to different emotions and appeal to the same emotions with different intensities."
"5","2022","Text-based automatic personality prediction: a bibliographic review","Feizi-Derakhshi, Ali-Reza; Feizi-Derakhshi, Mohammad-Reza; Ramezani, Majid; Nikzad-Khasmakhi, Narjes; Asgari-Chenaghlu, Meysam; Akan, Taymaz; Ranjbar-Khadivi, Mehrdad; Zafarni-Moattar, Elnaz; Jahanbakhsh-Naghadeh, Zoleikha","https://link.springer.com/article/10.1007/s42001-022-00178-4","Personality detection is an old topic in psychology and automatic personality prediction (or perception) (APP) is the automated (computationally) forecasting of the personality on different types of human generated/exchanged contents (such as text, speech, image, and video). The principal objective of this study is to offer a shallow (overall) review of natural language processing approaches on APP since 2010. With the advent of deep learning and following it transfer-learning and pre-trained model in NLP, APP research area has been a hot topic, so in this review, methods are categorized into three: pre-trained independent, pre-trained model based, and multimodal approaches. In addition, to achieve a comprehensive comparison, reported results are informed by datasets."
"5","2022","The “flat peer learning” agent-based model","Collard, Philippe","https://link.springer.com/article/10.1007/s42001-021-00120-0","This paper deals with peer learning and, in particular, with the phenomena of exclusion ; it proposes to model a group of learners where everyone has his own behaviour that expresses his way of following a curriculum. The focus is on individual motivations that avoid disadvantage certain individuals while optimising behaviour at the community level; in this context, the approach is based on the belief that the induced learning dynamics can be clarified by the contribution of agent-based modelling and its entry into the field of peer learning simulation. Flat learning means here that every learner features the same initial skill level, along with the same opportunities to learn both independently and with the help of peers. To address this topic the paper proposes the Flat Peer Learning agent-based computational model inspired by the Vygotsky’s social and learning theory. The paper shows that even if strict equity could be guaranteed, educators would still be faced with the dilemma of having to choose between optimising the learning process for the group or preventing exclusion for some."
"5","2022","The gameability of redistricting criteria","Becker, Amariah; Gold, Dara","https://link.springer.com/article/10.1007/s42001-022-00180-w","During decennial redistricting, mapmakers are often instructed to preserve political subdivisions and prior district cores as much as possible. Political subdivisions can include counties, municipalities, wards, precincts and (precisely defined) communities of interest (COIs). And while “district core” may not be well defined, courts overseeing redistricting may ask for “least-change” maps if they want to limit their role to adopting districts similar to those most recently enacted. In addition to some ambiguity in the definition of subdivisions and district cores, how to measure the amount of splitting in a plan is rarely defined and is inconsistent across states. This leaves map drawers, redistricting litigators, and courts free to interpret these guidelines in multiple ways, some of which could be favorable to their redistricting interests. In this paper, we outline several ways to measure how much a plan splits subdivisions, and how much a plan has changed from a baseline map. We show that maps with strikingly different features could each perform well by these standards, all depending on how they’re measured. This is just one of many “gameable” pieces of the redistricting process."
"5","2022","The global migration network of sex-workers","Rocha, Luis E C; Holme, Petter; Linhares, Claudio D G","https://link.springer.com/article/10.1007/s42001-021-00156-2","Differences in the social and economic environment across countries encourage humans to migrate in search of better living conditions, including job opportunities, higher salaries, security and welfare. Quantifying global migration is, however, challenging because of poor recording, privacy issues and residence status. This is particularly critical for some classes of migrants involved in stigmatised, unregulated or illegal activities. Escorting services or high-end prostitution are well-paid activities that attract workers all around the world. In this paper, we study international migration patterns of sex-workers by using network methods. Using an extensive international online advertisement directory of escorting services and information about individual escorts, we reconstruct a migrant flow network where nodes represent either origin or destination countries. The links represent the direct routes between two countries. The migration network of sex-workers shows different structural patterns than the migration of the general population. The network contains a strong core where mutual migration is often observed between a group of high-income European countries, yet Europe is split into different network communities with specific ties to non-European countries. We find non-reciprocal relations between countries, with some of them mostly offering while others attract workers. The Gross Domestic Product per capita (GDPc) is a good indicator of country attractiveness for incoming workers and service rates but is unrelated to the probability of emigration. The median financial gain of migrating, in comparison to working at the home country, is $$15.9\\%$$ 15.9 % . Only sex-workers coming from $$77\\%$$ 77 % of the countries have financial gains with migration and average gains decrease with the GDPc of the country of origin. Our results suggest that high-end sex-worker migration is regulated by economic, geographic and cultural aspects."
"5","2022","The simple regularities in the dynamics of online news impact","Medo, Matúš; Mariani, Manuel S.; Lü, Linyuan","https://link.springer.com/article/10.1007/s42001-021-00140-w","Online news can quickly reach and affect millions of people, yet we do not know yet whether there exist potential dynamical regularities that govern their impact on the public. We use data from two major news outlets, BBC and New York Times, where the number of user comments can be used as a proxy of news impact. We find that the impact dynamics of online news articles does not exhibit popularity patterns found in many other social and information systems. In particular, we find that a simple exponential distribution yields a better fit to the empirical news impact distributions than a power-law distribution. This observation is explained by the lack or limited influence of the otherwise omnipresent rich-get-richer mechanism in the analyzed data. The temporal dynamics of the news impact exhibits a universal exponential decay which allows us to collapse individual news trajectories into an elementary single curve. We also show how daily variations of user activity directly influence the dynamics of the article impact. Our findings challenge the universal applicability of popularity dynamics patterns found in other social contexts."
"5","2022","Two sides of the same leader: an agent-based model to analyze the effect of ambivalent opinion leaders in social networks","Röchert, Daniel; Cargnino, Manuel; Neubaum, German","https://link.springer.com/article/10.1007/s42001-022-00161-z","Opinion leaders (OLs) are becoming increasingly relevant on social networking sites as their visibility can help to shape their followers’ attitudes toward a variety of issues. While earlier research provided initial evidence on the effect of OLs using agent-based modeling, it remains unclear how OLs affect their network environment and, therefore, the opinion climate when: (a) they publicly hold ambivalent attitudes, and (b) they not only express support for their own stance but also discredit or ‘debunk’ the opposing side. This paper presents an agent-based model that determines the influence of OLs in social networks in relation to ambivalence and discreditation. The model draws on theoretical foundations of OLs as well as attitudinal ambivalence and was implemented using two network topologies. Results indicate that OLs have significant influence on the opinion climate and that an unequal number of OLs of different opinion camps lead to an imbalance in the opinion climate only in certain situations. Furthermore, OLs can dominate the opinion climate and turn their stance into a majority opinion more effectively when discrediting the opposing side. Ambivalent OLs, on the other hand, can contribute to greater balance in the opinion climate. These findings provide a more nuanced analysis of OLs in social networks by pointing to potential amplifications as well as boundaries of their influence. Implications are discussed with a focus on human and artificial key actors in online networks and their efficacy therein."
"5","2022","Users roles identification on online crowdsourced Q&A platforms and encyclopedias: a survey","Saxena, Akrati; Reddy, Harita","https://link.springer.com/article/10.1007/s42001-021-00125-9","Online informal learning and knowledge-sharing platforms, such as Stack Exchange, Reddit, and Wikipedia have been a great source of learning. Millions of people access these websites to ask questions, answer the questions, view answers, or check facts. However, one interesting question that has always attracted the researchers is if all the users share equally on these portals, and if not then how the contribution varies across users, and how it is distributed? Do different users focus on different kinds of activities and play specific roles? In this work, we present a survey of users’ social roles that have been identified on online discussion and Q&A platforms including Usenet newsgroups, Reddit, Stack Exchange, and MOOC forums, as well as on crowdsourced encyclopedias, such as Wikipedia, and Baidu Baike, where users interact with each other through talk pages. We discuss the state of the art on capturing the variety of users roles through different methods including the construction of user network, analysis of content posted by users, temporal analysis of user activity, posting frequency, and so on. We also discuss the available datasets and APIs to collect the data from these platforms for further research. The survey is concluded with open research questions."
"5","2022","Using word embedding models to capture changing media discourses: a study on the role of legitimacy, gender and genre in 24,000 music reviews, 1999–2021","Daenekindt, Stijn; Schaap, Julian","https://link.springer.com/article/10.1007/s42001-022-00182-8","Studies suggest that popular music genres are increasingly discussed by cultural intermediaries in ‘legitimate’ or ‘highbrow’ terms, rather than merely ‘lowbrow’ commercial entertainment. In addition, popular music discourse as produced by such intermediaries has historically been decidedly masculine—a trait which tends to increase on par with legitimation. However, seeing that women are gradually gaining symbolic and numerical representation in popular music production, this may have been changing over the last decade(s). In this article, we assess how popular music discourse within a key music media outlet (Pitchfork) changed between 1999 and 2021. We use word embedding models—a novel technique in computational social science—to assess legitimacy and gender in the discourses used in 23,992 reviews, and how this varies between genres. We find four notable patterns. First, reviews increasingly use a discourse that legitimates popular music, while, second, also increasingly using more feminine terms. This does not, third, occur simultaneously; however, discourse is either legitimate or feminine. Finally, these patterns also differ based on which popular music genres are discussed. The overall pattern is consistently found in pop, electronic and experimental, but not in historically masculine genres rap/hip-hop, metal and jazz which seem rather resistant to discursive change."
"5","2022","Using word embeddings to probe sentiment associations of politically loaded terms in news and opinion articles from news media outlets","Rozado, David; al-Gharbi, Musa","https://link.springer.com/article/10.1007/s42001-021-00130-y","This work describes an analysis of political associations in 27 million diachronic (1975–2019) news and opinion articles from 47 news media outlets popular in the United States. We use embedding models trained on individual outlets content to quantify outlet-specific latent associations between positive/negative sentiment words and terms loaded with political connotations such as those describing political orientation, party affiliation, names of influential politicians, and ideologically aligned public figures. We observe that both left- and right-leaning news media tend to associate positive sentiment words with terms used to refer to members of their own political in-group and negative sentiment words with terms used to denote members of their ideological outgroup. Outlets rated as centrist by humans display political associations that are often milder but similar in orientation to those of left-leaning news organizations. A weighted average of political associations by outlets’ readership volume hints that political associations embedded in left of center news outlets might have larger societal reach. A chronological analysis of political associations through time suggests that political sentiment polarization is increasing in both left- and right-leaning news media contents. Our approach for measuring sentiment associations of words denoting political orientation in outlet-specific embedding models correlates substantially with external human ratings of outlet ideological bias ( r  > 0.7). Yet, specific sentiment associations are sometimes multifaceted and challenging to interpret. Overall, our work signals the potential of machine learning models derived from news media language usage to quantify the ideological bias embedded in news outlet content."
"5","2022","VisualCommunity: a platform for archiving and studying communities","Jamonnak, Suphanut; Bhati, Deepshikha; Amiruzzaman, Md; Zhao, Ye; Ye, Xinyue; Curtis, Andrew","https://link.springer.com/article/10.1007/s42001-022-00170-y","VisualCommunity is a platform designed to support community or neighborhood scale research. The platform integrates mobile, AI, visualization techniques, along with tools to help domain researchers, practitioners, and students collecting and working with spatialized video and geo-narratives. These data, which provide granular spatialized imagery and associated context gained through expert commentary have previously provided value in understanding various community-scale challenges. This paper further enhances this work AI-based image processing and speech transcription tools available in VisualCommunity, allowing for the easy exploration of the acquired semantic and visual information about the area under investigation. In this paper we describe the specific advances through use case examples including COVID-19 related scenarios."
"5","2022","What race and gender stand for: using Markov blankets to identify constitutive and mediating relationships","Quintana, Rafael","https://link.springer.com/article/10.1007/s42001-021-00152-6","A growing body of research points to the limitations of conceptualizing and measuring race and gender using a single, time-invariant categorical variable. Researchers have argued that the complex processes underlying race and gender cannot meaningfully be reduced into these categories, and that these measures tend to generate essentialist misconceptions. Yet even if more nuanced measures of race and gender have been developed, most datasets in social sciences still contain single categorical variables to measure these constructs. In this paper, I argue that one way of empirically investigating the meaning and role that these variables play in a specific system is by identifying their Markov blanket, which is composed of the variables carrying all information about the variable of interest. I illustrate this exploratory approach by searching for the Markov blanket of race and gender in a nationally representative dataset containing a wide range of factors related to child development."
"6","2023","A comparison of approaches for imbalanced classification problems in the context of retrieving relevant documents for an analysis","Wankmüller, Sandra","https://link.springer.com/article/10.1007/s42001-022-00191-7","One of the first steps in many text-based social science studies is to retrieve documents that are relevant for an analysis from large corpora of otherwise irrelevant documents. The conventional approach in social science to address this retrieval task is to apply a set of keywords and to consider those documents to be relevant that contain at least one of the keywords. But the application of incomplete keyword lists has a high risk of drawing biased inferences. More complex and costly methods such as query expansion techniques, topic model-based classification rules, and active as well as passive supervised learning could have the potential to more accurately separate relevant from irrelevant documents and thereby reduce the potential size of bias. Yet, whether applying these more expensive approaches increases retrieval performance compared to keyword lists at all, and if so, by how much, is unclear as a comparison of these approaches is lacking. This study closes this gap by comparing these methods across three retrieval tasks associated with a data set of German tweets (Linder in SSRN, 2017. https://doi.org/10.2139/ssrn.3026393 ), the Social Bias Inference Corpus (SBIC) (Sap et al. in Social bias frames: reasoning about social and power implications of language. In: Jurafsky et al. (eds) Proceedings of the 58th annual meeting of the association for computational linguistics. Association for Computational Linguistics, p 5477–5490, 2020. https://doi.org/10.18653/v1/2020.aclmain.486 ), and the Reuters-21578 corpus (Lewis in Reuters-21578 (Distribution 1.0). [Data set], 1997. http://www.daviddlewis.com/resources/testcollections/reuters21578/ ). Results show that query expansion techniques and topic model-based classification rules in most studied settings tend to decrease rather than increase retrieval performance. Active supervised learning, however, if applied on a not too small set of labeled training instances (e.g. 1000 documents), reaches a substantially higher retrieval performance than keyword lists."
"6","2023","A high-dimensional approach to measuring online polarization","Phillips, Samantha C.; Uyheng, Joshua; Carley, Kathleen M.","https://link.springer.com/article/10.1007/s42001-023-00227-6","Polarization, ideological and psychological distancing between groups, can cause dire societal fragmentation. Of chief concern is the role of social media in enhancing polarization through mechanisms like facilitating selective exposure to information. Researchers using user-generated content to measure polarization typically focus on direct communication, suggesting echo chamber-like communities indicate the most polarization. However, this operationalization does not account for other dimensions of intergroup conflict that have been associated with polarization. We address this limitation by introducing a high-dimensional network framework to evaluate polarization based on three dimensions: social, knowledge, and knowledge source. Following an extensive review of the psychological and social mechanisms of polarization, we specify five sufficient conditions for polarization to occur that can be evaluated using our approach. We analyze six existing network-based polarization metrics in our high-dimensional network framework through a virtual experiment and apply our proposed methodology to discussions around COVID-19 vaccines on Twitter. This work has implications for detecting polarization on social media using user-generated content, quantifying the effects of offline divides or de-polarization efforts online, and comparing community dynamics across contexts."
"6","2023","A scoping review on the use of natural language processing in research on political polarization: trends and research prospects","Németh, Renáta","https://link.springer.com/article/10.1007/s42001-022-00196-2","As part of the “text-as-data” movement, Natural Language Processing (NLP) provides a computational way to examine political polarization. We conducted a methodological scoping review of studies published since 2010 ( n  = 154) to clarify how NLP research has conceptualized and measured political polarization, and to characterize the degree of integration of the two different research paradigms that meet in this research area. We identified biases toward US context (59%), Twitter data (43%) and machine learning approach (33%). Research covers different layers of the political public sphere (politicians, experts, media, or the lay public), however, very few studies involved more than one layer. Results indicate that only a few studies made use of domain knowledge and a high proportion of the studies were not interdisciplinary. Those studies that made efforts to interpret the results demonstrated that the characteristics of political texts depend not only on the political position of their authors, but also on other often-overlooked factors. Ignoring these factors may lead to overly optimistic performance measures. Also, spurious results may be obtained when causal relations are inferred from textual data. Our paper provides arguments for the integration of explanatory and predictive modeling paradigms, and for a more interdisciplinary approach to polarization research."
"6","2023","An AI-based framework for studying visual diversity of urban neighborhoods and its relationship with socio-demographic variables","Amiruzzaman, Md; Zhao, Ye; Amiruzzaman, Stefanie; Karpinski, Aryn C.; Wu, Tsung Heng","https://link.springer.com/article/10.1007/s42001-022-00197-1","This study presents a framework to study quantitatively geographical visual diversities of urban neighborhood from a large collection of street-view images using an Artificial Intelligence (AI)-based image segmentation technique. A variety of diversity indices are computed from the extracted visual semantics. They are utilized to discover the relationships between urban visual appearance and socio-demographic variables. This study also validates the reliability of the method with human evaluators. The methodology and results obtained from this study can potentially be used to study urban features, locate houses, establish services, and better operate municipalities."
"6","2023","Between news and history: identifying networked topics of collective attention on Wikipedia","Gildersleve, Patrick; Lambiotte, Renaud; Yasseri, Taha","https://link.springer.com/article/10.1007/s42001-023-00215-w","The digital information landscape has introduced a new dimension to understanding how we collectively react to new information and preserve it at the societal level. This, together with the emergence of platforms such as Wikipedia, has challenged traditional views on the relationship between current events and historical accounts of events, with an ever-shrinking divide between “news” and “history”. Wikipedia’s place as the Internet’s primary reference work thus poses the question of how it represents both traditional encyclopaedic knowledge and evolving important news stories. In other words, how is information on and attention towards current events integrated into the existing topical structures of Wikipedia? To address this, we develop a temporal community detection approach towards topic detection that takes into account both short term dynamics of attention as well as long term article network structures. We apply this method to a dataset of one year of current events on Wikipedia to identify clusters of Wikipedia articles related to news events, distinct from those that would be found solely from page view time series correlations or static network structure. We are able to resolve the topics that more strongly reflect unfolding current events vs more established knowledge by the relative importance of collective attention dynamics vs link structures. We also offer important developments by identifying and describing the emergent topics on Wikipedia. This work provides a means of distinguishing how these information and attention clusters are related to Wikipedia’s twin faces of encyclopaedic knowledge and current events—crucial to understanding the production and consumption of knowledge in the digital age."
"6","2023","Bridging the offline and online: 20 years of offline meeting data of the German-language Wikipedia","Schwitter, Nicole","https://link.springer.com/article/10.1007/s42001-023-00225-8","Wikipedia is one of the most visited websites worldwide. Thousands of volunteers are contributing to it daily, making it an example of how productive non-market collaboration on a very wide scale is not only viable but also sustainable. Wikipedia’s freely available data on the online actions conducted make it a popular source of data, particularly for computer scientists and computational social scientists. This data brief will present the dewiki meetup dataset which covers the offline component of the German-language version of the online encyclopaedia Wikipedia: informal offline gatherings between Wikipedia contributors. These gatherings are organised online and information about who is attending them, where they take place and what has happened at these meetings is shared publicly. The dewiki meetup dataset covers almost 20 years of offline activity of the German-language Wikipedia, containing 4418 meetups that have been organised with information on attendees, apologies, date and place of meeting, and minutes recorded. It is a valuable source of data for social science research: it captures the development of the offline network over time of one of the largest and most sustainable online public goods and communities. The data can easily be merged with online activity data on Wikipedia which allows us to bridge the gap between offline and online behaviour."
"6","2023","Centre assessment grades in 2020: a natural experiment for investigating bias in teacher judgements","Magowan, Louis","https://link.springer.com/article/10.1007/s42001-023-00206-x","The COVID-19 pandemic meant that, in 2020, students in England were unable to sit their examinations and instead received predicted grades, or “centre assessment grades” (CAGs), from their teachers to allow them to progress. Using the Grading and Admissions Data for England (GRADE) dataset for students from 2018 to 2020, this study treats the use of CAGs as a natural experiment for causally understanding how teacher judgements of academic ability may be biased according to the demographic and socio-economic characteristics of their students. A variety of machine learning models were trained on the 2018–19 data and then used to generate predictions for what the 2020 students were likely to have received had their examinations taken place as usual. The differences between these predictions and the CAGs that students received were calculated and then averaged across students’ different characteristics, revealing what the treatment effects of the use of CAGs were likely to have been for different types of students. No evidence of absolute negative bias against students of any demographic or socio-economic characteristic was found, with all groups of students having received higher CAGs than the grades they were likely to have received had they sat their examinations. Some evidence for relative bias was found, with consistent, but insubstantial differences being observed in the treatment effects of certain groups. However, when higher-order interactions of student characteristics were considered, these differences became more substantial. Intersectional perspectives which emphasise interactions and sub-group differences should be used more widely within quantitative educational equalities research."
"6","2023","COCO: an annotated Twitter dataset of COVID-19 conspiracy theories","Langguth, Johannes; Schroeder, Daniel Thilo; Filkuková, Petra; Brenner, Stefan; Phillips, Jesper; Pogorelov, Konstantin","https://link.springer.com/article/10.1007/s42001-023-00200-3","The COVID-19 pandemic has been accompanied by a surge of misinformation on social media which covered a wide range of different topics and contained many competing narratives, including conspiracy theories. To study such conspiracy theories, we created a dataset of 3495 tweets with manual labeling of the stance of each tweet w.r.t. 12 different conspiracy topics. The dataset thus contains almost 42,000 labels, each of which determined by majority among three expert annotators. The dataset was selected from COVID-19 related Twitter data spanning from January 2020 to June 2021 using a list of 54 keywords. The dataset can be used to train machine learning based classifiers for both stance and topic detection, either individually or simultaneously. BERT was used successfully for the combined task. The dataset can also be used to further study the prevalence of different conspiracy narratives. To this end we qualitatively analyze the tweets, discussing the structure of conspiracy narratives that are frequently found in the dataset. Furthermore, we illustrate the interconnection between the conspiracy categories as well as the keywords."
"6","2023","Computational approach to studying media coverage of organizations","Kim-Hahm, Hyunsun","https://link.springer.com/article/10.1007/s42001-023-00204-z","Media coverage of organizations is a social science topic that attracts attention from various domains. While there is a clear opportunity to expand this research using computational approach, the field lacks practical agreements on how to reconcile methodological tensions between norms and standards of social science and computational science. The purpose of this article is to start establishing methodological standards for social science research using large media coverage data across multiple organizations. We pose three key questions: When is the computational approach effective in assessing media coverage of organizations? What are practical challenges that social scientists face while using the computational approach to studying the media coverage of organizations? How effectively does a computational approach perform to measure the major media variables of volume and sentiment? We start by suggesting that this approach is particularly useful when the media coverage of organizations either entails context-dependence or involves a rare phenomenon. We then focus on demonstrating a replicable computational methodology. We detail data collection and analysis for studying the media coverage of 10,749 venture-capital-backed startup companies in the U.S. from 1980 to 2018, using 745,216 unique articles. The preliminary findings suggest that the computational analysis of media volume is highly valid and provides valuable insights for social scientists. In contrast, using popular dictionaries to analyze media sentiment across multiple organizations is problematic, suggesting the need to develop new methodologies. We conclude that social scientists and computer scientists should proactively collaborate to create tools to advance future research in this domain."
"6","2023","Detecting multi-timescale consumption patterns from receipt data: a non-negative tensor factorization approach","Matsui, Akira; Kobayashi, Teruyoshi; Moriwaki, Daisuke; Ferrara, Emilio","https://link.springer.com/article/10.1007/s42001-020-00078-5","Understanding consumer behavior is an important task, not only for developing marketing strategies but also for the management of economic policies. Detecting consumption patterns, however, is a high-dimensional problem in which various factors that would affect consumers’ behavior need to be considered, such as consumers’ demographics, circadian rhythm, seasonal cycles, etc. Here, we develop a method to extract multi-timescale expenditure patterns of consumers from a large dataset of scanned receipts. We use a non-negative tensor factorization (NTF) to detect intra- and inter-week consumption patterns at one time. The proposed method allows us to characterize consumers based on their consumption patterns that are correlated over different timescales."
"6","2023","Detecting science-based health disinformation: a stylometric machine learning approach","Williams, Jason A.; Aleroud, Ahmed; Zimmerman, Danielle","https://link.springer.com/article/10.1007/s42001-023-00213-y","The COVID-19 pandemic showed that misleading scientific health information has become widespread and is challenging to counteract. Some of this disinformation comes from modification of medical research results. This paper investigates how humans create health disinformation through controlled changes of text from abstracts of peer-reviewed COVID-19 research papers. We also developed a machine learning model that used statement embeddings, readability, and text quality features to create datasets that contain falsified scientific statements. We then created machine learning classification models to identify statements containing disinformation. Our results reveal the importance of readability metrics and information quality features in identifying which statements were falsified. We show that text embeddings and semantic similarity do not yield a high detection rate of true/falsified statements compared to using information quality and readability features."
"6","2023","Did the public attribute the Flint Water Crisis to racism as it was happening? Text analysis of Twitter data to examine causal attributions to racism during a public health crisis","Bisgin, Neslihan; Bisgin, Halil; Hummel, Daniel; Zelner, Jon; Needham, Belinda L.","https://link.springer.com/article/10.1007/s42001-022-00192-6","The Flint Water Crisis (FWC) was an avoidable public health disaster that profoundly affected the city’s residents, a majority of whom are Black. Although many scholars and journalists have called attention to the role of racism in the water crisis, little is known about the extent to which the public attributed the FWC to racism as it was unfolding. In this study, we used natural language processing to analyze nearly six million Flint-related tweets posted between April 1, 2014, and June 1, 2016. We found that key developments in the FWC corresponded to increases in the number and percentage of tweets that mentioned terms related to race and racism. Similar patterns were found for other topics hypothesized to be related to the water crisis, including water and politics. Using sentiment analysis, we found that tweets with a negative polarity score were more common in the subset of tweets that mentioned terms related to race and racism when compared to the full set of tweets. Next, we found that word pairs that included terms related to race and racism first appeared after the January 2016 state and federal emergency declarations and a corresponding increase in media coverage of the FWC. We conclude that many Twitter users connected the events of the water crisis to race and racism in real-time. Given growing evidence of negative health effects of second-hand exposure to racism, this may have implications for understanding minority health and health disparities in the US."
"6","2023","Enhanced sentiment analysis regarding COVID-19 news from global channels","Ahmad, Waseem; Wang, Bang; Martin, Philecia; Xu, Minghua; Xu, Han","https://link.springer.com/article/10.1007/s42001-022-00189-1","For a healthy society to exist, it is crucial for the media to focus on disease-related issues so that more people are widely aware of them and reduce health risks. Recently, deep neural networks have become a popular tool for textual sentiment analysis, which can provide valuable insights and real-time monitoring and analysis regarding health issues. In this paper, as part of an effort to develop an effective model that can elicit public sentiment on COVID-19 news, we propose a novel approach Cov-Att-BiLSTM for sentiment analysis of COVID-19 news headlines using deep neural networks. We integrate attention mechanisms, embedding techniques, and semantic level data labeling into the prediction process to enhance the accuracy. To evaluate the proposed approach, we compared it to several deep and machine learning classifiers using various metrics of categorization efficiency and prediction quality, and the experimental results demonstrate its superiority with 0.931 testing accuracy. Furthermore, 73,138 pandemic-related tweets posted on six global channels were analyzed by the proposed approach, which accurately reflects global coverage of COVID-19 news and vaccination."
"6","2023","Estimating time-series changes in social sentiment @Twitter in U.S. metropolises during the COVID-19 pandemic","Saito, Ryuichi; Haruyama, Shinichiro","https://link.springer.com/article/10.1007/s42001-022-00186-4","Since early 2020, the global coronavirus pandemic has strained economic activities and traditional lifestyles. For such emergencies, our paper proposes a social sentiment estimation model that changes in response to infection conditions and state government orders. By designing mediation keywords that do not directly evoke coronavirus, it is possible to observe sentiment waveforms that vary as confirmed cases increase or decrease and as behavioral restrictions are ordered or lifted over a long period. The model demonstrates guaranteed performance with transformer-based neural network models and has been validated in New York City, Los Angeles, and Chicago, given that coronavirus infections explode in overcrowded cities. The time-series of the extracted social sentiment reflected the infection conditions of each city during the 2-year period from pre-pandemic to the new normal and shows a concurrency of waveforms common to the three cities. The methods of this paper could be applied not only to analysis of the COVID-19 pandemic but also to analyses of a wide range of emergencies and they could be a policy support tool that complements traditional surveys in the future."
"6","2023","Ethnic segregation and spatial patterns of attitudes: studying the link using register data and social simulation","Feliciani, Thomas; Tolsma, Jochem; Flache, Andreas","https://link.springer.com/article/10.1007/s42001-023-00216-9","We theorize the causal link between ethnic residential segregation and polarization of ethnic attitudes within and between ethnic groups (e.g. attitudes towards immigration policies, multiculturalism, tolerance or trust in certain ethnic groups). We propose that the complex relationship between segregation and polarization might be explained by three assumptions: (1) ethnic membership moderates social influence–residents influence each other’s attitudes and their ethnic background moderates this influence; (2) spatial proximity between residents increases opportunities for influence; (3) the degree of ethnic segregation varies across space–and therefore, the mix of intra- and inter-ethnic influence also varies across space. We borrow and extend an (agent-based) simulation model of social influence to systematically explore how these three assumptions affect the polarization of ethnic attitudes within and between ethnic groups under the assumptions made in the model. We simulate neighborly interactions and social influence dynamics in the districts of Rotterdam, using empirically observed segregation patterns as input of our simulations. According to our model, polarization in ethnic attitudes is stronger in districts and parts of districts where mixing of ethnic groups allows for many opportunities to interact with both the ethnic ingroup and the outgroup. Our study provides a new theoretical perspective on polarization of ethnic attitudes by demonstrating that the segregation-polarization link can emerge as an unintended outcome from repeated intra- and inter-ethnic interactions in segregated spaces."
"6","2023","Evaluating algorithmic homeless service allocation","Qi, Wenting; Chelmis, Charalampos","https://link.springer.com/article/10.1007/s42001-022-00190-8","Improving the homelessness system and evaluating the effectiveness of delivered services are critical to achieve optimal usage of limited social resources as well as to improve the outcomes of the homelessness system. In this context, an increasing number of data science and machine learning methods have been recently applied to the domain of homeless service provision. Given the societal impact of this domain, it is critical to understand the limitations of such methods. However, the performance of algorithmic intervention methods is typically evaluated using abstract metrics that have little meaning for the homeless service allocation domain. We show that domain-agnostic measures are insufficient, and propose a set of new, domain-specific evaluation metrics based on hypothetical, yet realistic “what–if” scenarios. Our empirical analysis demonstrates the value of the proposed measures in understanding the outputs of predictive models and the effect of algorithmic interventions for homeless service provision."
"6","2023","Framing climate change in Nature and Science editorials: applications of supervised and unsupervised text categorization","Stede, Manfred; Bracke, Yannic; Borec, Luka; Kinkel, Neele Charlotte; Skeppstedt, Maria","https://link.springer.com/article/10.1007/s42001-023-00199-7","Hulme et al. (Nat Clim Change, 8:515–521, 2018) manually coded ‘frames’ in 490 Nature and Science editorials (1966–2016) they found relevant for climate change. We produced a digital version of the corpus and conducted a set of experiments: We explored many variants of supervised categorization for automatically reproducing the manual frame coding, and we ran an interactive variant of topic modeling. In both approaches, we made use of word embedding techniques for representing text documents. Supervised classification yielded F1-scores of up to 0.91 (for the best category) and 0.68 overall, and it led to insights regarding the relation between ‘topic’ and ‘framing’. The topic modeling algorithm was able to reproduce central trends in the temporal analysis of framing that was presented by Hulme et al. based on their manual work."
"6","2023","Geo-sentiment trends analysis of tweets in context of economy and employment during COVID-19","Sukhavasi, Narendranath; Misra, Janardan; Kaulgud, Vikrant; Podder, Sanjay","https://link.springer.com/article/10.1007/s42001-023-00201-2","To effectively design policies and implement measures for addressing problems faced by people during these difficult times of pandemic, it is critical to have a clear vision of the problems people are freely talking about. One of the ways is to analyze social media feeds e.g., tweets, which has become one of the primary ways people express their views on various socioeconomic issues and on-ground effectiveness of measures adopted to address these issues. In this work, we attempt to uncover various socioeconomic issues, which are giving rise to negative and positive sentiments and their trends across geographies over a course of one year of the pandemic. We also try identifying similarities and differences in opinions as they vary across gender as the time passes through the crisis. Many previous works have analyzed sentiments in context of vaccines, fatalities, and lockdowns; however, socioeconomic issues did not receive full attention. We found that sentiments of people with respect to economy are negative across geographies during starting of pandemic. Thereafter, gradually sentiments lift towards positive direction reflecting a sense of improvement in situation. Females appeared to have slightly different concerns and hopes in comparison to males and especially across globe people expressed positive sentiments during new year time. Finally, this work, together with many other similar works on social media analysis gives ground for wide scale adoption of geo-temporal sentiments trend analysis of social media as a tool for uncovering key concerns and effectiveness of measures."
"6","2023","Grounding force-directed network layouts with latent space models","Gaisbauer, Felix; Pournaki, Armin; Banisch, Sven; Olbrich, Eckehard","https://link.springer.com/article/10.1007/s42001-023-00207-w","Force-directed layout algorithms are ubiquitously used tools for network visualization. However, existing algorithms either lack clear interpretation, or they are based on techniques of dimensionality reduction which simply seek to preserve network-immanent topological features, such as geodesic distance. We propose an alternative layout algorithm. The forces of the algorithm are derived from latent space models, which assume that the probability of nodes forming a tie depends on their distance in an unobserved latent space. As opposed to previous approaches, this grounds the algorithm in a plausible interaction mechanism. The forces infer positions which maximise the likelihood of the given network under the latent space model. We implement these forces for unweighted, multi-tie, and weighted networks. We then showcase the algorithm by applying it to Facebook friendship, and Twitter follower and retweet networks; we also explore the possibility of visualizing data traditionally not seen as network data, such as survey data. Comparison to existing layout algorithms reveals that node groups are placed in similar configurations, while said algorithms show a stronger intra-cluster separation of nodes, as well as a tendency to separate clusters more strongly in multi-tie networks, such as Twitter retweet networks."
"6","2023","Group-specific behavior change following terror attacks","Juul, Jonas L.; Alessandretti, Laura; Dammeyer, Jesper; Zettler, Ingo; Lehmann, Sune; Mathiesen, Joachim","https://link.springer.com/article/10.1007/s42001-022-00188-2","Terrorists use violence in pursuit of political goals. While terror often has severe consequences for victims, it remains an open question how terror attacks affect the general population. We study the behavioral response of citizens of cities affected by 7 different terror attacks. We compare real-time mobile communication patterns in the first 24 hours following a terror attack to the corresponding patterns on days with no terror attack. We find that the difference between male and female communication patterns are amplified following a terror attack. Knowledge about citizens’ behavior response patterns following terror attacks may have important implications for the public response during and after an attack."
"6","2023","Incorporating machine learning in dispute resolution and settlement process for financial fraud","Lokanan, Mark E.","https://link.springer.com/article/10.1007/s42001-023-00202-1","This paper aims to classify disciplinary hearings into two types (settlement and contested). The objective is to employ binary machine learning classifier algorithms to predict the hearing outcomes given a set of features representing the victims, offenders, and enforcement. Data for this project came from the Investment Industry Regulatory Industry of Canada’s (IIROC) tribunal hearing. The data comprises cases that made their way through the IIROC ethics enforcement system and were decided or negotiated by a hearing panel. The findings from the machine learning classifiers confirm that decisions in these cases are not proportionate to the harm committed and that the presence of aggravating factors does not result in harsher sentences."
"6","2023","It’s my turn: empirical evidence of upstream indirect reciprocity in society through a quasi-experimental approach","Obayashi, Shinya; Inaba, Misato; Ohdaira, Tetsushi; Kiyonari, Toko","https://link.springer.com/article/10.1007/s42001-023-00221-y","This study estimated the effect of receiving help during a disaster on an individual’s subsequent cooperation for a common-pool resource. Such a chain of altruism is called generalized exchange and upstream indirect reciprocity in exchange and cooperation theories. Theoretical studies have pointed out its importance in understanding human cooperation in society. Some researchers on disaster have observed the phenomenon called “disaster area relay”, where disaster victims, having received help during the disaster they experienced, in turn, help victims of another subsequent disaster. However, there are few empirical and systematic analyses of this in actual societal events due to the causal problem. This paper attempted to overcome this problem through a quasi-experimental approach using big data. This paper focused on mutual cooperation through “Free Tank”, which is a common-pool resource in the online community called “mineo-KINGDOM”. The result of difference-in-differences estimation showed that receiving help during a disaster had a positive causal impact on subsequent cooperation for a common-pool resource and reciprocity norm. This result provides assurance that helping has a potential ripple effect on individuals’ cooperation."
"6","2023","Japan’s monetary policy: a literature review and empirical assessment","Shibamoto, Masahiko; Takahashi, Wataru; Kamihigashi, Takashi","https://link.springer.com/article/10.1007/s42001-021-00113-z","This study reviews and assesses the monetary policy implemented by the Bank of Japan (BOJ), focusing on policies that employ short-term interest rates as the operational target. Our review of empirical studies on monetary policy that influenced the BOJ’s policy reveals that they focused on (1) banking system and interest rate mechanisms, (2) financial deregulation and monetary aggregates, (3) the systematic reaction regarding the achievement of the ultimate goal, and (4) confirming how certain evidence serves as material for policy judgments and communication with the public. Our empirical results on the causal effect of monetary policy in the framework of a structural vector autoregressive model attest to the significant impact of Japan’s monetary policy on the financial market and macroeconomy from the 1980s onward. Our counterfactual simulations affirm that the central bank should consistently shift its policy stance to achieve macroeconomic stability. Even small policy rate cuts in a low-interest-rate environment make significant contributions to economic recovery."
"6","2023","Modeling economic migration on a global scale","Dziadula, Eva; O’Hare, John; Colglazier, Carl; Clay, Marie C.; Brenner, Paul","https://link.springer.com/article/10.1007/s42001-023-00226-7","We introduce a global-scale migration model centered on neoclassical economic migration theory and leveraging Python and Jupyter as the base modeling platform. Our goals focus on improving social scientists’ understanding of migration and their access to visually and computationally robust infrastructure. This will enhance a scientist’s capability to model complex macro-scale global effects and lay the groundwork for multi-scale models where countries, regions and individuals interact at differing timescales and per differing governing equations. Economic theory describes an agent’s migration decision as utility maximizing. The agent weighs the expected increase in utility associated with migration against the costs of moving to that destination. These costs include not only the explicit monetary costs of travel and visas, but also the implicit costs such as leaving family behind, political barriers to entry, the difficulty in learning a new language, and the unfamiliarity of a new culture, among others. In our model, any destination country in which an agent would have greater earnings (minus migration costs) than in the origin country is considered and agents maximize their expected earnings. Multiple public data sets from United Nations, International Monetary Fund, and World Bank are used to provide suitable initialization values for the model. Our Global Open Simulation (GOS) software has an open license and the data analyzed during the current study are available in the GOS public Github repository ( https://github.com/crcresearch/GOS )."
"6","2023","Multi-balanced redistricting","DeFord, Daryl; Kimsey, Elliot; Zerr, Ryan","https://link.springer.com/article/10.1007/s42001-023-00217-8","The one person–one vote principle for political redistricting requires balancing populations across districts. We address the matter of simultaneously balancing a second attribute across districts, proving that this is always possible to within reasonable tolerances. Feasibility is demonstrated by formulating the problem as a constrained partitioning problem on graphs. The resulting computational results demonstrate the practicality of obtaining dual-balanced districts whose balance for both attributes is well within reasonable deviations from the ideal values. Applications include attempts to avoid differential population growth leading to malapportionment between decennial census counts or simultaneously balancing total and voting-age populations."
"6","2023","Parenting methods in relation to norm awareness, social success, and perspectives of family in adulthood","Nishimura, Kazuo; Yagi, Tadashi; Yano, Makoto","https://link.springer.com/article/10.1007/s42001-020-00077-6","The importance of parenting methods applied in the home to child development is broadly acknowledged. However, there has not been much empirical research showing how parenting methods later relate to personality formation and social success in adulthood. In this study, we asked adults in Japan to recall messages received from parents during early childhood, and we then tested the strength of the relationships of the messages with performance in adulthood. Messages passed from parents to children were investigated from the following three aspects: (1) the norm message passed from parent to child, (2) how the message was delivered to the child, and (3) how the child received the message. Our general conclusion is that the ways in which messages are passed from parents to children in the course of a child’s development can have a long-term and material effect on the child. This conclusion is valid for the message itself, for the method of delivery, and for the way in which it is received."
"6","2023","Perception of COVID-19 vaccination among Indian Twitter users: computational approach","Davidson, Prateeksha Dawn; Muniandy, Thanujah; Karmegam, Dhivya","https://link.springer.com/article/10.1007/s42001-023-00203-0","Vaccination has been a hot topic in the present COVID-19 context. The government, public health stakeholders and media are all concerned about how to get the people vaccinated. The study was intended to explore the perception and emotions of the Indians citizens toward COVID-19 vaccine from Twitter messages. The tweets were collected for the period of 6 months, from mid-January to June, 2021 using hash-tags and keywords specific to India. Topics and emotions from the tweets were extracted using Latent Dirichlet Allocation (LDA) method and National Research Council (NRC) Lexicon, respectively. Theme, sentiment and emotion wise engagement and reachability metrics were assessed. Hash-tag frequency of COVID-19 vaccine brands were also identified and evaluated. Information regarding ‘ Co-WIN app and availability of vaccine’ was widely discussed and also received highest engagement and reachability among Twitter users. Among the various emotions, trust was expressed the most, which highlights the acceptance of vaccines among the Indian citizens. The hash-tags frequency of vaccine brands shows that Covishield was popular in the month of March 2021, and Covaxin in April 2021. The results from the study will help stakeholders to efficiently use social media to disseminate COVID-19 vaccine information on popular concerns. This in turn will encourage citizens to be vaccinated and achieve herd immunity. Similar methodology can be adopted in future to understand the perceptions and concerns of people in emergency situations."
"6","2023","Predicting declining and growing occupations using supervised machine learning","Khalaf, Christelle; Michaud, Gilbert; Jolley, G. Jason","https://link.springer.com/article/10.1007/s42001-023-00211-0","In the United States (U.S.), structural changes in the economy remain varied, yet continuous, prompting the need for regular analyses of both declining and growing occupations. As automation, robotization, and digitization continues to accelerate and drive new patterns of economic change, so does the need for proactive programs and policies aimed at targeted workforce re-training. Applying machine learning (ML) to occupational data provides one potential approach to inform such workforce initiatives, specifically by helping to predict both declining and growing occupations with advanced accuracy. In this paper, we examine the extent to which occupational attributes are predictive of the declining and growing status of jobs in the State of Ohio (USA). In particular, we examine the results from five distinct supervised ML models (i.e., multinomial logistic regression, nearest neighbors, random forest, adaptive boosting, and gradient boosting), and data on the characteristics of occupations from O*NET, as well as information on employment changes from the U.S. Bureau of Labor Statistics. We found that the random forest and gradient boosting models perform the best, predicting declining and growing jobs in Ohio at roughly 92% accuracy in the test set. Moreover, our analysis revealed that the most important features in predicting declining occupations are physical (e.g., spending time making repetitive motions), while the most important features in predicting growing occupations are related to obtaining information and communication. Our method can be replicated at a local or regional level to help practitioners predict future occupational shifts, ultimately enhancing economic and workforce development efforts."
"6","2023","Predicting perceived ethnicity with data on personal names in Russia","Bessudnov, Alexey; Tarasov, Denis; Panasovets, Viacheslav; Kostenko, Veronica; Smirnov, Ivan; Uspenskiy, Vladimir","https://link.springer.com/article/10.1007/s42001-023-00205-y","In this paper, we develop a machine learning classifier that predicts perceived ethnicity from data on personal names for major ethnic groups populating Russia. We collect data from VK, the largest Russian social media website. Ethnicity was coded from languages spoken by users and their geographical location, with the data manually cleaned by crowd workers. The classifier shows the accuracy of 0.82 for a scheme with 24 ethnic groups and 0.92 for 15 aggregated ethnic groups. It can be used for research on ethnicity and ethnic relations in Russia, with the data sets that have personal names but not ethnicity."
"6","2023","Pulling through together: social media response trajectories in disaster-stricken communities","Maldeniya, Danaja; Choudhury, Munmun; Garcia, David; Romero, Daniel M.","https://link.springer.com/article/10.1007/s42001-023-00209-8","Disasters are extraordinary shocks that disrupt every aspect of the community life. Lives are lost, infrastructure is destroyed, the social fabric is torn apart, and people are left with physical and psychological trauma. In the aftermath of a disaster, communities begin the collective process of healing, grieving losses, repairing damage, and adapting to a new reality. Previous work has suggested the existence of a series of prototypical stages through which such community responses evolve. As social media have become more widely used, affected communities have increasingly adopted them to express, navigate, and build their response due to the greater visibility and speed of interaction that these platforms afford. In this study, we ask if the behavior of disaster-struck communities on social media follows prototypical patterns and what relationship, if any, these patterns may have with those established for offline behavior in previous work. Building on theoretical models of disaster response, we investigate whether, in the short term, community responses on social media in the aftermath of disasters follow a prototypical trajectory. We conduct our analysis using computational methods to model over 200 disaster-stricken U.S. communities. Community responses are measured in a range of domains, including psychological, social, and sense-making, and as multidimensional time series derived from the linguistic markers in tweets from those communities. We find that community responses on Twitter demonstrate similar response patterns across numerous social, aspirational, and physical dynamics. Additionally, through cluster analysis, we demonstrate that a minority of communities are characterized by more intense and enduring emotional coping strategies and sense-making. In this investigation of the relationship between community response and intrinsic properties of disasters, we reveal that the severity of the impact makes the deviant trajectory more likely, while the type and duration of a disaster are not associated with it."
"6","2023","School dropout prediction and feature importance exploration in Malawi using household panel data: machine learning approach","Colak Oz, Hazal; Güven, Çiçek; Nápoles, Gonzalo","https://link.springer.com/article/10.1007/s42001-022-00195-3","Designing early warning systems through machine learning (ML) models to identify students at risk of dropout can improve targeting mechanisms and lead to efficient social policy interventions in education. School dropout is a culmination of various factors that drive children to leave school, and timely policy responses are most needed to address these underlying factors and improve school retention of children over time. However, applying ML approaches to school dropout prediction is an important challenge, especially in low-income countries, where data collection and management systems are relatively more prone to financial and technical constraints. For this reason, this study suggests using already collected household panel data to predict the probability of school dropout and explore feature importance for primary school children in Malawi through ML models. A rich set of variables is obtained in this study from the household data and used to build Random Forest (RF), least absolute shrinkage and selection operator (LASSO), Ridge and multilayer neural network (MNN) models. The study further explores how performance metrics differ when we embed the training samples' weights representing frequency in sampling design into the cost function of these ML models to discuss the implications of using household data in computational social science. LASSO and MNN models trained with sample weights become more prominent due to their higher recall rates of 80.6% and 78.8%. Compared to the baseline model trained with sample weights, the recall rate gained is roughly 56 percentage points using LASSO and 54 percentage points using MNN. Also, comparing LASSO and MNN trained with and without sample weights reveals that training models with sample weights increase the recall rate roughly by 11 percentage points for LASSO and 12 percentage points for MNN. Lastly, the paper provides a comprehensive and unified approach to better interpret the models using a game-theoretic approach – SHapley Additive exPlanations (SHAP) – to quantify feature importance. As a result, socio-economic characteristics of children, such as working in household farming and father's education level, are among the most important features contributing to the probability of school dropout in ML models. This study argues that the weighted sample structure of household data and its wide range of variables explored through the SHAP method for feature importance can enrich the literature and yield valuable results to harness data science for society."
"6","2023","Social media-based social–psychological community resilience analysis of five countries on COVID-19","Valinejad, Jaber; Guo, Zhen; Cho, Jin-Hee; Chen, Ing-Ray","https://link.springer.com/article/10.1007/s42001-023-00220-z","Community resilience (CR) has been studied as an indicator to measure how well a given community copes with and recovers from a given disaster. Social–psychological community resilience (SPCR) has been used as a basis to determine public policy directions based on priority. Although the impact of the COVID-19 has been serious all over the world and interferes every aspect of our daily life, some countries have handled this disaster better than others due to their different disaster management policies and perceptions about the disaster. In this work, we are interested in measuring and analyzing SPCR through social media information in five different countries which can reflect different disaster management policies and perceptions toward the COVID-19. In the literature, measuring SPCR has been discussed, but the key attributes have not been agreed upon. We propose to use two attributes for measuring SPCR, i.e., community wellbeing (CW) and community capital (CC), because social and psychological resilience can be the firm basis for a community to be restored and reinvented into the so-called transformative community to ensure sustainability in the future generation. We use Tweeter data and investigate how each country shows different trends of SPCR in response to real and fake tweets generated during a COVID-19 period using machine learning and text-mining tools. We employ tweets generated in Australia (AUS), Singapore (SG), Republic of Korea (ROK), the United Kingdom (UK), and the United States (US), during March–November 2020 and measure the SPCR of each country and its associated attributes for analyzing the overall trends. Our results show that ROK among the five countries in our study has the highest level in CW, CC, and the resulting SPCR on real tweets reflecting reality, a result that matches well with the fact that ROK is resilient to COVID-19 during March–November 2020. Further, our results indicate that SPCR on real tweets is up to 80% higher than SPCR on fake tweets, suggesting that a much stronger community resilience may be achieved on real tweets. Finally, our results show that there is a negative correlation between SPCR values on fake and real tweets overall when considering all the tweets of the five countries to derive the overall trends. However, for each country, we observe a different correlation, either positive or negative, depending on each country. This implies that there should be further investigation of analyzing SPCR by considering unique cultural and national characteristics of each country."
"6","2023","Temporal communication dynamics in the aftermath of large-scale upheavals: do digital footprints reveal a stage model?","Flores, Pablo M.; Hilbert, Martin","https://link.springer.com/article/10.1007/s42001-023-00218-7","It has long been theorized that the exchange of information in the aftermath of large-scale upheavals ensues dynamics that follow a stage model, which would be a societal equivalent of individuals’ psychological processing of traumatic events. Nowadays, a relevant portion of this informational exchange occurs on social media platforms. In this study, we use the digital footprint of three independent earthquakes to analyze their communication dynamics. We find empirical evidence of a stage model previously proposed by Pennebaker (Pennebaker in Handbook of mental control, Prentice-Hall Inc., Hoboken, 1993) in the aftermath of the earthquakes. In addition, we further explore the role of emotions within the model stages through time using natural language processing tools. Our results show that emotions with low activation levels, such as interest and sadness, are expressed in higher proportions and are the most useful for predicting the expression of emotions with higher activation levels. Employing newly available computational methods like digital trace data, natural language processing, clustering, and causal analysis, this study extends Pennebaker’s model from offline to online social communication."
"6","2023","The impact of depression forums on illness narratives: a comprehensive NLP analysis of socialization in e-mental health communities","Sik, Domonkos; Rakovics, Márton; Buda, Jakab; Németh, Renáta","https://link.springer.com/article/10.1007/s42001-023-00212-z","While depression is globally on the rise, the mental health sector struggles with handling the increased number of cases, especially since the pandemic. These circumstances have resulted in an increased interest in the e-mental health sector. The dataset is constituted of 67 857 posts from the most popular English-language online health forums between 15 February 2016 and 15 February 2019. The posts were first automatically labelled (biomedical vs. psy framing) via deep learning; second, the time series of framing types of recurring forum users were analysed; third, the clusters of biomedical and psy patterns were analysed; fourth, the discursive characteristics of each cluster were analysed with the help of topic modelling. Five ideal-typical patterns of forum socialization are described: the first and the second clusters express the developing of a ‘recovery helper’ role, either by opposing expert discourses or by identifying with the psy discourses; the third cluster expresses the acquiring of a substantively diffuse, uncertain role; the fourth and fifth clusters refer to a trajectory leading to the incorporating of a biomedically framed patient role, or a therapeutic psy subjectivity. Elements of data collection that potentially undermine representativeness: online forum users, open and public forums, keyword search. The trajectories identified in our study represent various phases of a general forum socialization process: newcomers (cluster 3); settled patient role (cluster 4) or psy subjectivity (cluster 5); recovery helpers (cluster 1 and 2)."
"6","2023","The value of manual annotation in assessing trends of hate speech on social media: was antisemitism on the rise during the tumultuous weeks of Elon Musk’s Twitter takeover?","Jikeli, Gunther; Soemer, Katharina","https://link.springer.com/article/10.1007/s42001-023-00219-6","In recent years, there has been a growing interest in research on hate speech on social media. However, researchers face many challenges in producing meaningful results and must develop innovative methods to keep pace with the rapidly evolving nature of this field. How can we effectively determine the prevalence of specific types of hate speech on a given platform? What approaches can we employ to assess whether there has been an increase or decrease in content that can be classified as hate speech? Using the context of Elon Musk's acquisition of Twitter, a period characterized by media reports suggesting a surge in antisemitism on the platform, we explore a range of qualitative and quantitative computational methods. Our analysis reveals that, starting from October 9, 2022, the usage of the term “Jews” on Twitter nearly doubled compared to the preceding period. Additionally, there was a sudden spike in the use of the term “K***s.” However, the question arises: how indicative are these trends of a rise in antisemitism on that platform? We demonstrate that relying solely on keyword-based timelines can be misleading. Nevertheless, when utilized alongside corroborating timelines incorporating additional keywords identified through word frequency analysis, they can serve as powerful tools for content estimation. Nonetheless, it is crucial to supplement these approaches with interpretative methods to validate assumptions based on timelines. By employing a triangulation of methods encompassing descriptive analysis, such as timelines, word and retweet frequency analysis, and manual interpretation and labeling of representative samples, we uncover that discussions about Jews on Twitter during a turbulent 5-week period were predominantly centered around antisemitism. However, these discussions took various forms, including expressing concerns about the increase in antisemitism, denouncing antisemitism, remembering the Holocaust, refuting accusations of antisemitism, and even promoting antisemitic ideologies. We observe a significant escalation in both the volume and the proportion of antisemitic tropes within these conversations, particularly evident in late October 2022. This increase can be attributed to three triggering events that might have been overlooked when drawing conclusions solely from a simplistic timeline analysis of the term “Jews” or targeted slurs. In conclusion, we advocate for a mixed-methods approach where quantitative computational tools are complemented by qualitative discourse analysis. This combination is essential for comprehensively examining trends in complex content such as hate speech. Additionally, the integration of “manual” observation and labeling of representative data samples proves particularly valuable for distinguishing between instances of hate speech and the act of calling out such speech."
"6","2023","Tracking moral divergence with DDR in presidential debates over 60 years","Xu, Mengyao; Hu, Lingshu; Cameron, Glen T.","https://link.springer.com/article/10.1007/s42001-023-00198-8","Televised presidential debates, a communication form specifically designed to evoke meaningful clash of issue viewpoints, have been criticized for the lack of real clash and issue discussion for decades. Have the debaters made any improvement? This study investigates the evolution of this perennial paradox through the lens of mediatization using an instrument grounded in Moral Foundation Theory. As an outcome of mediatization, politicians have been seeking publicity to achieve authority through media, and therefore they have prioritized self-image building over issue discussion in their social actions. This study quantitatively describes this mediatization process by examining the moral divergence between each pair of presidential debaters with moral loading, an indicator for quantifying moral foundations via DDR, a computational method based on distributed representation. Our results reflect the mediatization process in politics, showing that Democrat and Republican candidates have been increasingly focusing on different moral judgments, and therefore their moral divergence has widened. This study sheds light on the development of ways to encourage more effective political communication by discovering mediatization as a potential determinant of a major challenge faced by televised presidential debates. Accordingly, it provides quantitative empirical evidence for mediatization theory. Moreover, it shows the potential of the distributed representation method, a milestone of machine learning, in future communication explorations."
"6","2023","Transfer learning for hate speech detection in social media","Yuan, Lanqin; Wang, Tianyu; Ferraro, Gabriela; Suominen, Hanna; Rizoiu, Marian-Andrei","https://link.springer.com/article/10.1007/s42001-023-00224-9","Today, the internet is an integral part of our daily lives, enabling people to be more connected than ever before. However, this greater connectivity and access to information increase exposure to harmful content, such as cyber-bullying and cyber-hatred. Models based on machine learning and natural language offer a way to make online platforms safer by identifying hate speech in web text autonomously. However, the main difficulty is annotating a sufficiently large number of examples to train these models. This paper uses a transfer learning technique to leverage two independent datasets jointly and builds a single representation of hate speech. We build an interpretable two-dimensional visualization tool of the constructed hate speech representation—dubbed the Map of Hate—in which multiple datasets can be projected and comparatively analyzed. The hateful content is annotated differently across the two datasets (racist and sexist in one dataset, hateful and offensive in another). However, the common representation successfully projects the harmless class of both datasets into the same space and can be used to uncover labeling errors (false positives). We also show that the joint representation boosts prediction performances when only a limited amount of supervision is available. These methods and insights hold the potential for safer social media and reduce the need to expose human moderators and annotators to distressing online messaging."
"6","2023","Tweet topics on cancer among Indian Twitter users—computational approach using latent Dirichlet allocation topic modelling","Ramamoorthy, Thilagavathi; Mappillairaju, Bagavandas","https://link.springer.com/article/10.1007/s42001-023-00222-x","Understanding the extent and content of conversations on cancers inform the stakeholders regarding the needs of the community in terms of knowledge, support and interventions. This study identified the topics of tweet content shared regarding cancer, source of messages and the degree of reachability of identified topics among Twitter users in India. Twitter messages geocoded within India, related to cancer and posted between September 15, 2021 and October 15, 2021 were retrieved using the Twitter application programming interface based on keywords identified from Symplur Signals. The tweets were pre-processed to remove the stop words, hashtags and Uniform Resource Locators. Tweets were visualized using word clouds and correlations between word tokens. Latent Dirichlet allocation (LDA) topic model, an unsupervised machine learning technique was used to identify the commonly discussed cancer topics. A total of 6374 tweets from 3135 unique twitter users were analysed in the study. Majority of the tweets (60.8%) were from the individual twitter users. LDA model identified four topics: (1) prevention, early detection and promotion (36.1%), (2) seeking support and sharing personal experience (15.8%), (3) Human Papillomavirus vaccine and cancer research (13.4%), (4) risk factors, treatment and raising awareness (34.7%). Among the four identified topics, prevention, early detection and promotion had the highest reachability. Twitter is being used as a potential alternative communication platform for disseminating cancer-related information in India. The topics identified in the study provides useful insights for public health professionals and organizations for aligning cancer-related engagement and education for the target audience."
"6","2023","User behaviors in consumer-generated media under monetary reward schemes","Usui, Yutaro; Toriumi, Fujio; Sugawara, Toshiharu","https://link.springer.com/article/10.1007/s42001-022-00187-3","We investigate both the influence of monetary reward schemes on user behaviors and the quality of articles posted by users in consumer-generated media (CGM), such as social networking services (SNSs). Recently, CGM platforms have implemented monetary rewards to incentivize users to post articles and comments. However, the effect of monetary rewards on user behavior merits further investigation. Given that quality articles require more time and effort for preparation, we analyze user-dominant behaviors, including posting and commenting activities, and the quality of posted articles, using different monetary reward schemes. Therefore, we propose a monetary reward SNS-norms game by extending a conventional SNS-norms game, a social networking services model based on evolutionary game theory, and then introduce three monetary reward schemes with different monetary reward timings. We further incorporate efforts to improve the quality and preferences for monetary rewards, psychological rewards, and article quality in the agents, that is, our model of users. We have found that the timing of providing monetary rewards strongly influences the number and/or quality of articles posted using a game with monetary reward schemes on several types of user network structures, including a stochastic block model and an instance of the Facebook network. These results indicate that monetary rewards must be carefully designed in terms of timing and amount, depending on their purpose in the CGM."
"6","2023","Varieties of corona news: a cross-national study on the foundations of online misinformation production during the COVID-19 pandemic","Caliskan, Cantay; Kilicaslan, Alaz","https://link.springer.com/article/10.1007/s42001-022-00193-5","Misinformation in the media is produced by hard-to-gauge thought mechanisms employed by individuals or collectivities. In this paper, we shed light on what the country-specific factors of falsehood production in the context of COVID-19 Pandemic might be. Collecting our evidence from the largest misinformation dataset used in the COVID-19 misinformation literature with close to 11,000 pieces of falsehood, we explore patterns of misinformation production by employing a variety of methodological tools including algorithms for text similarity, clustering, network distances, and other statistical tools. Covering news produced in a span of more than 14 months, our paper also differentiates itself by its use of carefully controlled hand-labeling of topics of falsehood. Findings suggest that country-level factors do not provide the strongest support for predicting outcomes of falsehood, except for one phenomenon: in countries with serious press freedom problems and low human development, the mostly unknown authors of misinformation tend to focus on similar content. In addition, the intensity of discussion on animals, predictions and symptoms as part of fake news is the biggest differentiator between nations; whereas news on conspiracies, medical equipment and risk factors offer the least explanation to differentiate. Based on those findings, we discuss some distinct public health and communication strategies to dispel misinformation in countries with particular characteristics. We also emphasize that a global action plan against misinformation is needed given the highly globalized nature of the online media environment."
"6","2023","What motivated mitigation policies? A network-based longitudinal analysis of state-level mitigation strategies","Fries, William","https://link.springer.com/article/10.1007/s42001-023-00214-x","Understanding which factors informed pandemic response can help create a more nuanced perspective on how each state of the United States handled the crisis. To this end, we create various networks linking states together based on their similarity in mitigation policies, politics, geographic proximity, and COVID-19 case data. We use these networks to analyze the correlation between pandemic policies and politics, location, and case-load from January 2020 through March 2022. We show that the best predictors of a state’s response are an aggregate political affiliation rather than solely governor affiliation as others have shown. Surprisingly, state governor’s political affiliation was the least predictive of mitigation policy strength when compared with the other measures of political affiliation. Further, we illustrate that political similarity is heavily correlated with mitigation policy similarity among states from June 2020 to June 2021, but has little impact on policy after June 2021. In contrast, geographic proximity and daily incidence are not consistently correlated with state’s having similar mitigation policies."
"6","2023","You are how (and where) you search? Comparative analysis of web search behavior using web tracking data","Urman, Aleksandra; Makhortykh, Mykola","https://link.springer.com/article/10.1007/s42001-023-00208-9","In this article, we conduct a comparative analysis of web search behaviors in Switzerland and Germany. For this aim, we rely on a combination of web tracking data and survey data collected over a period of 2 months from users in Germany ( n  = 558) and Switzerland ( n  = 563). We find that web search accounts for 13% of all desktop browsing, with the share being higher in Switzerland than in Germany. In over 50% of cases users clicked on the first search result, with over 97% of all clicks being made on the first page of search outputs. Most users rely on Google when conducting searches, with some differences observed in users’ preferences for other engines across demographic groups. Further, we observe differences in the temporal patterns of web search use between women and men, marking the necessity of disaggregating data by gender in observational studies regarding online information seeking behaviors. Our findings highlight the contextual differences in web search behavior across countries and demographic groups that should be taken into account when examining search behavior and the potential effects of web search result quality on societies and individuals."
"7","2024","A big data analysis of the adoption of quoting encouragement policy on Twitter during the 2020 U.S. presidential election","Bodaghi, Amirhosein; Zhu, Jonathan J. H.","https://link.springer.com/article/10.1007/s42001-024-00291-6","This research holds significance for the fields of social media and communication studies through its comprehensive evaluation of Twitter’s quoting encouragement policy enacted during the 2020 U.S. presidential election. In addressing a notable gap in the literature, this study introduces a framework that assesses both the quantitative and qualitative effects of specific platform-wide policy interventions, an aspect lacking in existing research. Employing a big data approach, the analysis includes 304 million tweets from a randomly sampled cohort of 86,334 users, using a systematic framework to examine pre-, within-, and post-intervals aligned with the policy timeline. Methodologically, SARIMAX models and linear regression are applied to the time series data on tweet types within each interval, offering an examination of temporal trends. Additionally, the study characterizes short-term and long-term adopters of the policy using text and sentiment analyses on quote tweets. Results show a significant retweeting decrease and modest quoting increase during the policy, followed by a swift retweeting resurgence and quoting decline post-policy. Users with fewer connections or higher activity levels adopt quoting more. Emerging quoters prefer shorter, positive quote texts. These findings hold implications for social media policymaking, providing evidence for refining existing policies and shaping effective interventions."
"7","2024","A comparison of sequential ranked-choice voting and single transferable vote","McCune, David; Martin, Erin; Latina, Grant; Simms, Kaitlyn","https://link.springer.com/article/10.1007/s42001-024-00249-8","The methods of single transferable vote (STV) and sequential ranked-choice voting (RCV) are different methods for electing a set of winners in multiwinner elections. STV is a classical voting method that has been widely used internationally for many years. By contrast, sequential RCV has rarely been used, and only recently has seen an increase in usage as several cities in Utah have adopted the method to elect city council members. We use Monte Carlo simulations and a large database of real-world ranked-choice elections to investigate the behavior of sequential RCV by comparing it to STV. Our general finding is that sequential RCV often produces different winner sets than STV. Furthermore, sequential RCV is best understood as a majoritarian method which will not produce proportional results, often at the expense of minority interests."
"7","2024","A comprehensive review of visual–textual sentiment analysis from social media networks","Al-Tameemi, Israa Khalaf Salman; Feizi-Derakhshi, Mohammad-Reza; Pashazadeh, Saeed; Asadpour, Mohammad","https://link.springer.com/article/10.1007/s42001-024-00326-y","Social media networks have become a significant aspect of people’s lives, serving as a platform for their ideas, opinions and emotions. Consequently, automated sentiment analysis (SA) is critical for recognising people’s feelings in ways other information sources cannot. The analysis of these feelings revealed various applications, including brand evaluations, YouTube film reviews and healthcare applications. As social media continues to develop, people publish vast quantities of information in various formats, like text, pictures, audio, and video. Thus, traditional SA algorithms have become limited, as they do not consider the expressiveness of other modalities. By including such characteristics from various material sources, these multimodal data streams provide new opportunities for optimising the expected results beyond text-based SA. Our study focuses on the forefront field of multimodal SA, which examines visual and textual data posted on social media networks. Many people are more likely to utilise this information to express themselves on these platforms. To serve as a resource for academics in this rapidly growing field, we introduce a comprehensive overview of textual and visual SA, including data pre-processing, feature extraction techniques, sentiment benchmark datasets, and the efficacy of multiple classification methodologies suited to each field. We also provide a brief introduction of the most frequently utilised data fusion strategies and a summary of existing research on visual–textual SA. Finally, we highlight the most significant challenges and investigate several important sentiment applications."
"7","2024","A comprehensive review on insider trading detection using artificial intelligence","Priyadarshi, Prashant; Kumar, Prabhat","https://link.springer.com/article/10.1007/s42001-024-00284-5","This paper provides a comprehensive review that delves into the domain of insider trading detection, focusing on the integration of artificial intelligence (AI) to offer insights into regulatory strategies and technological advancements aimed at safeguarding the integrity of financial markets. The systematic literature review method is employed to analyze existing research, offering a nuanced understanding of current trends and challenges in this area. The main contribution lies in offering clear perspectives on the effectiveness of machine learning (ML) and deep learning (DL) in detecting insider trading activities, providing a clear perspective on regulatory measures and technological tools. The findings highlight promising capabilities in identifying irregularities, and challenges such as data heterogeneity and regulatory variations across countries persist. The review emphasizes the need for standardized datasets, global collaboration, and enhanced regulatory frameworks to address these challenges and promote more robust insider trading detection systems. Overall, this paper contributes valuable insights into existing knowledge, providing a roadmap for future research and regulatory developments in the evolving field of financial market oversight."
"7","2024","A deep learning framework for clickbait spoiler generation and type identification","Panda, Itishree; Singh, Jyoti Prakash; Pradhan, Gayadhar; Kumari, Khushi","https://link.springer.com/article/10.1007/s42001-024-00252-z","Clickbait pertains to attention-grabbing or misleading content that sacrifices accuracy for clicks. This marketing tactic is widely used to drive online traffic, but it can lead to misinformation, frustration, and a diminished user experience. Consequently, the timely identification and countering of clickbait posts is crucial. One way to counter clickbait posts is to spoil them by creating short messages that reveal their true content. This research generates short texts called clickbait spoiler for clickbait headlines. We have fine-tuned the Generative Pretrained Transformer 2 (GPT-2) medium model with the clickbait dataset to generate spoilers for them. Since these spoilers vary from one word to multiple paragraphs, we also determine the type of spoilers. For spoiler type identification a sentence encoder Bidirectional Encoder Representations from Transformers (BERT) is used to generate embeddings of each sentence, followed by classification by Support Vector Machine (SVM). The spoiler generation by GPT-2 yielded a Bilingual Evaluation Understudy (BLEU) score of 0.58 outperforming the previous state-of-the-art models. The spoiler identification model achieved a precision of 0.83, recall of 0.82, F1-Score of 0.80, MCC Score of 0.63, and accuracy of 0.83 surpassing previous state-of-the-art models."
"7","2024","A fuzzy set extension of Schelling’s spatial segregation model","Ishida, Atsushi","https://link.springer.com/article/10.1007/s42001-023-00234-7","This study explores a possible segregation mechanism assuming fuzzy group membership. We construct a fuzzy set extension of Schelling’s spatial segregation model. In the fuzzy Schelling model, each agent is assumed to have fuzzy membership in groups, which is typically assumed to represent the strength of the agent’s group identity. The model assumes that agents want to be with agents with the same or stronger (less fuzzy) group identity than themselves. Agents decide whether to stay or move depending on whether their neighborhood satisfies their desires. Analyzing a series of simulations reveals that: First, the fuzzy Schelling model can reproduce segregation at the macro level; here, segregation is formed by the accumulation of agents’ modest desires and actions. This is the most important property of the Schelling model. Second, agents’ behavior and situation differ depending on the fuzziness of their membership. Notably, agents with less fuzzy membership play an important role in the system’s equilibrium. Third, the tendency to reach equilibrium differs depending on the density of the space, required similarity level in the neighborhood, and initial distribution of membership values. Finally, we discuss the implications of the results."
"7","2024","A machine learning approach to detect collusion in public procurement with limited information","Tas, Bedri Kamil Onur","https://link.springer.com/article/10.1007/s42001-024-00293-4","Public procurement spending reaches $9.5 trillion annually, yet bid-rigging remains a significant, undetected issue. Existing methods require detailed data often unavailable to competition authorities. Practitioners and researchers need effective and flexible tools with moderate data requirements to examine collusive behavior. This paper proposes a novel algorithm to detect collusion in auctions using readily available data about outcomes of public procurement processes. This method leverages theoretical findings about bidding behavior and machine learning algorithms. We demonstrate its effectiveness on data sets with known collusion cases (Italy, Japan, USA) and achieve superior results compared to traditional models. Further analyses on broader data sets encompassing Turkish and European contracts reveal a significant percentage (over 6% in Turkey, 4.5% in Europe) with high collusion probability. Collusion inflates procurement costs by 3-7%, highlighting the need for effective detection methods."
"7","2024","A machine learning-based assessment of subjective quality of life","Rodríguez, Sebastián; Cabrera-Barona, Pablo","https://link.springer.com/article/10.1007/s42001-023-00244-5","This paper evaluates subjective quality of life using various Machine Learning (ML) techniques. Utilizing a survey conducted in Quito’s historical downtown and adopting subjective quality of life as a theoretical framework, we applied ML regression techniques (ordinal logistic regression, random forests and support vector machines) to identify satisfactions with different domains of life influencing overall satisfaction with life. Our findings indicate that satisfaction with work, satisfaction with household conditions and satisfaction with health explain overall life satisfaction. Additionally, it was observed that high values of these satisfactions are evenly distributed across space. The applied techniques can be easily replicated for diverse urban contexts, expanding the use of ML methods within the Social Sciences. Assessing satisfaction with life of urban residents is critical to support better urban planning. Policy-making should promote satisfaction of different domains of life by recognizing the complexity and multidimensionality of the factors that influence the quality of life of human beings."
"7","2024","A model-based boosting approach to risk factors for physical intimate partner violence against women and girls in Mexico","Torres Munguía, Juan Armando","https://link.springer.com/article/10.1007/s42001-024-00292-5","The goal of this study was to identify and describe the extent to which a comprehensive set of risk factors from the ecological model are associated with physical intimate partner violence (IPV) victimization in Mexico. To achieve this goal, a structured additive probit model is applied to a dataset of 35,000 observations and 42 theoretical correlates from 10 data sources. Due to the model's high dimensionality, the boosting algorithm is used for estimating and simultaneously performing variable selection and model choice. The findings indicate that age at sexual initiation and marriage, sexual and professional autonomy, social connectedness, household overcrowding, housework division, women's political participation, and geographical space are associated with physical IPV. The findings provide evidence of risk factors that were previously unknown in Mexico or were solely based on theoretical grounds without empirical testing. Specifically, this paper makes three key contributions. First, by examining the individual and relationship levels, it was possible to identify high-risk population subgroups that are often overlooked, such as women who experienced sexual initiation during childhood and women living in overcrowded families. Second, the inclusion of community factors enabled the identification of the importance of promoting women's political participation. Finally, the introduction of several emerging indicators allowed to examine the experiences faced by women in various aspects of life, such as decision-making power, social networks, and the division of housework."
"7","2024","A modelling study to explore the effects of regional socio-economics on the spreading of epidemics","Snellman, Jan E.; Barrio, Rafael A.; Kaski, Kimmo K.; Korpi–Lagg, Maarit J.","https://link.springer.com/article/10.1007/s42001-024-00322-2","Epidemics, apart from affecting the health of populations, can have large impacts on their social and economic behavior and subsequently feed back to and influence the spreading of the disease. This calls for systematic investigation which factors affect significantly and either beneficially or adversely the disease spreading and regional socio-economics. Based on our recently developed hybrid agent-based socio-economy and epidemic spreading model we perform extensive exploration of its six-dimensional parameter space of the socio-economic part of the model, namely, the attitudes towards the spread of the pandemic, health and the economic situation for both, the population and government agents who impose regulations. We search for significant patterns from the resulting simulated data using basic classification tools, such as self-organizing maps and principal component analysis, and we monitor different quantities of the model output, such as infection rates, the propagation speed of the epidemic, economic activity, government regulations, and the compliance of population on government restrictions. Out of these, the ones describing the epidemic spreading were resulting in the most distinctive clustering of the data, and they were selected as the basis of the remaining analysis. We relate the found clusters to three distinct types of disease spreading: wave-like, chaotic, and transitional spreading patterns. The most important value parameter contributing to phase changes and the speed of the epidemic was found to be the compliance of the population agents towards the government regulations. We conclude that in compliant populations, the infection rates are significantly lower and the infection spreading is slower, while the population agents’ health and economical attitudes show a weaker effect."
"7","2024","A normative approach to radicalization in social networks","Bouttier, Vincent; Leclercq, Salomé; Jardri, Renaud; Denève, Sophie","https://link.springer.com/article/10.1007/s42001-024-00267-6","In recent decades, the massification of online social connections has made information globally accessible in a matter of seconds. Unfortunately, this has been accompanied by a dramatic surge in extreme opinions, without a clear solution in sight. Using a model performing probabilistic inference in large-scale loopy graphs through exchange of messages between nodes, we show how circularity in the social graph directly leads to radicalization and the polarization of opinions. We demonstrate that these detrimental effects could be avoided if the correlations between incoming messages could be decreased. This approach is based on an extension of Belief Propagation (BP) named Circular Belief Propagation (CBP) that can be trained to drastically improve inference within a cyclic graph. CBP was benchmarked using data from Facebook© and Twitter©. This approach could inspire new methods for preventing the viral spreading and amplification of misinformation online, improving the capacity of social networks to share knowledge globally without resorting to censorship."
"7","2024","A study of the effect of influential spreaders on the different sectors of Indian market and a few foreign markets: a complex networks perspective","Sengupta, Anwesha; Upadhyay, Shashankaditya; Mukherjee, Indranil; Panigrahi, Prasanta K.","https://link.springer.com/article/10.1007/s42001-023-00229-4","Market competition has a role that is directly or indirectly associated with the influential effects of individual sectors on other sectors of the financial market. The present work studies the relative position of stocks in the market through the identification of influential spreaders and their corresponding effect on the other sectors of the market using complex network analysis during and after the COVID-19-induced lockdown periods. The study uses daily data of NSE along with those of different countries like USA (Nasdaq), UK (UK stock exchange), Japan (Nikkei) and Brazil (Bovespa) from December 2019 to June 2021. The existing network approaches using different centrality measures failed to distinguish between the positive and negative influences of the different sectors in the market which act as spreaders. To overcome this problem, this paper presents an effective measure called LIEST (Local Influential Effects for a Specific Target) that can examine the positive and negative influences separately with respect to any period. LIEST considers the combined impact of all possible nodes which are at most three steps away from the specific target nodes in the networks. This study considers the transmission of financial influence originating at a source node (a particular stock) and propagating to target nodes through the financial market modeled as a complex network where the structure of the network is captured by correlation. The essence of non-linearity in the network dynamics without considering the single node effect becomes visible in the proposed network. A comparative analysis has been undertaken among the stocks drawn from financial markets around the world (USA, UK, Brazil and Japan) with that of the Indian stock to obtain an idea about the global market behaviour. As an example, the active participation of healthcare and consumer defensive sectors along with financial, industrial and technology sectors have been found to create an effective positive impact on the Indian market. Similar results have been obtained with stock market data obtained from other countries. In addition, in respect of spreading performance the proposed approach is found to be efficient as validated by the TRIVALENCY model."
"7","2024","A survey of Emotional Artificial Intelligence and crimes: detection, prediction, challenges and future direction","Khoei, Tala Talaei; Singh, Aditi","https://link.springer.com/article/10.1007/s42001-024-00313-3","Emotional Artificial Intelligence (Emotional AI), with its advanced capability to detect, analyze, and interpret human emotions, presents a groundbreaking opportunity for enhancing various aspects of policing and criminology. This paper delves into the integration of Emotional AI in these fields, highlighting its potential to revolutionize crime detection, prevention, and the improvement of interactions within the criminal justice system. By categorizing the applications of Emotional AI, from predictive policing to emotional assessments during interrogations, the paper explores how this technology can offer novel insights into criminal behavior and support mental health initiatives. Additionally, it addresses the ethical considerations associated with Emotional AI's deployment, such as privacy, bias, and the accuracy of emotion interpretation. The survey synthesizes current challenges and proposes future research directions, aiming to guide the responsible integration of Emotional AI technologies in law enforcement practices. The paper emphasizes the need for a balanced approach that respects individual rights while harnessing Emotional AI's benefits for justice and public safety."
"7","2024","A survey of explainable AI techniques for detection of fake news and hate speech on social media platforms","Gongane, Vaishali U.; Munot, Mousami V.; Anuse, Alwin D.","https://link.springer.com/article/10.1007/s42001-024-00248-9","Artificial intelligence (AI) is a computing field that has played a pivotal role in delivering technological revolutions in various sectors like business, healthcare, finance, social networking, entertainment, and news. With an inimitable ability of AI to process and analyze any form of data (image, text, audio, and video) with the help of high-power computing machines, it is considered as an integral part of Industry 4.0. Social media and internet are another form of technology advancement in digital communication that has created a tremendous impact in the society. Social networking sites like Facebook, Twitter, YouTube, and Instagram provide a platform for people to freely express their thoughts and views. The past decade is witnessing an awful side of social media through the dissemination of online fake news and hate speech content. Social networking sites make use of AI tools to tackle with the increasing hate speech and fake news content. Natural language processing (NLP), a field of AI, include techniques that process vast amount of online content accompanied with machine learning (ML) and deep learning (DL) algorithms that learn the representations of data for detection, classification, and prediction tasks. AI algorithms are considered as “black box” where the decisions made by the algorithms are sometimes biased and lack in transparency. Many state-of-art AI algorithms show low recall and low F1-score metric for diverse forms of hate speech and fake news. The inadequacy of explanations about the decisions made by AI for classification and prediction task is a crucial challenge that needs to be considered. Explainable AI (XAI) is an upcoming research field that has added a new dimension to AI which is “Explainability”. XAI shows a unique ability of interpreting and explaining the decisions made by ML models. This feature of XAI is deployed in various applications like autonomous vehicles and medical diagnostics. In context of social media content, XAI plays an important role in interpreting the diverse forms of hate speech and fake news. Literature studies have reported various XAI models like SHAP (SHapley Additive exPlanations) and Local Interpretable Model-agnostic Explanations (LIME) for detection of hate speech and fake news content. The paper aims to explore XAI models for detection and classification of hate speech and fake news on social media platforms as reported in the research literature. This paper provides a review of evaluation metrics that quantify the XAI technique used in hate speech and fake news detection. The paper leaps into the technical and ethical challenges involved when using XAI models to handle the nuance of online text published on social media platforms."
"7","2024","A tale of four cities: Exploring security through environmental characteristics of CCTV equipment placement","Serebrennikov, Dmitriy; Skougarevskiy, Dmitriy","https://link.springer.com/article/10.1007/s42001-024-00323-1","Surveillance systems in modern cities are often regarded as the great state panopticon of omnipresent cameras. Drawing on institutional sociology and organizational studies, this article explores urban security through the lens of security projects—strategies or infrastructures which individuals or groups employ to enhance security. Here we challenge the surveillance-centric view by empirically analyzing the environmental conditions of CCTV equipment in four European capitals: Moscow, Paris, Brussels, and Edinburgh, with a focus on understanding their distinct city security projects. We adopt a species distribution modeling approach, treating the cameras as occupying their own “environmental niche” within the urban landscape. We gather locations of CCTV equipment installed in public places by city officials and train a machine learner (CatBoost) to predict camera presence given the urban morphology. The results are interpreted using Interpretable Machine Learning methods (SHapley Additive exPlanations or SHAP) to account for complex and non-linear relationships between types of places. Moscow’s approach features centralized cameras near symbolic landmarks, while Paris and Brussels prioritize network-oriented logic with less emphasis on symbolic spaces. Moreover, certain areas in Brussels fall outside the urban security jurisdiction. Our results offer novel insights into security and urban policy dynamics, contributing to social security studies, sociological institutionalism, and urban policy literature."
"7","2024","A text mining and machine learning study on the trends of and dynamics between collective action and mental health in politically polarized online environments","Lam, Calvin; Chan, Christian S.","https://link.springer.com/article/10.1007/s42001-024-00274-7","Social media and online forums play an increasingly important role in the mobilization of collective action. This study examined how the discussion of collective actions impacts the expression of psychological distress in politically polarized online environments. We used text mining and machine learning models to analyze 39,487,911 user-generated comments during the 2019 social unrest in Hong Kong on two online forums frequented by anti-government (Lihkg.com) and pro-government (Discuss.com.hk) netizens. Results from time-series models yielded two main findings. First, there was a time-lagged association between the discussion of protest and the mention of psychological distress on both forums. Second, on Discuss.com.hk but not Lihkg.com, fewer comments containing psychological distress were created on days with offline protests (especially on days with violent conflicts) than days without. Together, these findings suggest that politically polarizing environments contribute to psychological distress."
"7","2024","Advancing language models through domain knowledge integration: a comprehensive approach to training, evaluation, and optimization of social scientific neural word embeddings","Stöhr, Fabian","https://link.springer.com/article/10.1007/s42001-024-00286-3","This article proposes a comprehensive strategy for training, evaluating, and optimizing domain-specific word2vec-based word embeddings, using social science literature as an example. Our primary objectives are: (1) to train the embeddings utilizing a corpus of social science text, (2) to test their performance against domain-unspecific embeddings using our developed intrinsic and extrinsic evaluation strategy, and (3) to enhance their performance even further by using domain knowledge. As an integral part of this approach, we present SociRel-461 , a domain-knowledge dictionary designed for the intrinsic evaluation and subsequent refinement of social science word embeddings. Using a dataset of 100,000 full-text scientific articles in sociology, we train multiple vector space models, which we then benchmark against a larger, pre-trained general language embedding model as part of our extrinsic evaluation. Furthermore, we developed a transfer learning multi-label classification task for extrinsic evaluation. Our findings reveal that domain-specific embeddings outperform their domain-unspecific counterparts in both intrinsic and extrinsic evaluations. We also investigated the retrofitting post-processing method to enhance domain-unspecific embeddings with the domain knowledge embedded in SociRel-461 . While retrofitting does not enhance our domain-specific vector space models, it significantly improves the performance of the domain-unspecific embeddings. This highlights the potential of retrofitting for the transfer of domain knowledge to domain-unspecific embeddings. Our results emphasize the importance of utilizing domain-specific word embeddings for better performance in domain specific transfer learning tasks, as they outperform conventional embeddings trained on everyday language."
"7","2024","Aligning agent-based testing (ABT) with the experimental research paradigm: a literature review and best practices","Schwabl, Patrick; Haim, Mario; Unkel, Julian","https://link.springer.com/article/10.1007/s42001-024-00283-6","The study of algorithmically curated media environments through emulated browsing has become a key method of computational social science. Here, we review underlying concepts and typical implementations of these so-called agent-based testing (ABT) studies, particularly those that experimentally vary inputs on search engines, social media, or aggregation platforms, to study subsequent outputs. This review aims to identify, evaluate, and discuss implementations and reporting standards of ABT studies within the experimental research paradigm. First, we discuss general assumptions of the experimental research paradigm and to what extent ABT experiments align with them, finding a considerable overlap with minor deviations. Second, we systematically reviewed 66 ABT studies from the social and information sciences, finding little reference to the experimental research paradigm vis-à-vis large variations in implementation and reporting practices. Third, our findings then inform five best-practice guidelines for future ABT experiments where we suggest to explicitly and much more strictly align those studies with the experimental research paradigm. We argue that ABT experiments would benefit from such an adaptation of already established experimental practices, thereby improving reproducibility and replicability."
"7","2024","An empirical study of sentiment analysis utilizing machine learning and deep learning algorithms","Erkantarci, Betul; Bakal, Gokhan","https://link.springer.com/article/10.1007/s42001-023-00236-5","Among text-mining studies, one of the most studied topics is the text classification task applied in various domains, including medicine, social media, and academia. As a sub-problem in text classification, sentiment analysis has been widely investigated to classify often opinion-based textual elements. Specifically, user reviews and experiential feedback for products or services have been employed as fundamental data sources for sentiment analysis efforts. As a result of rapidly emerging technological advancements, social media platforms such as Twitter, Facebook, and Reddit, have become central opinion-sharing mediums since the early 2000s. In this sense, we build various machine-learning models to solve the sentiment analysis problem on the Reddit comments dataset in this work. The experimental models we constructed achieve F 1 scores within intervals of 73–76%. Consequently, we present comparative performance scores obtained by traditional machine learning and deep learning models and discuss the results."
"7","2024","An exploratory analysis of COVID bot vs human disinformation dissemination stemming from the Disinformation Dozen on Telegram","Ng, Lynnette Hui Xian; Kloo, Ian; Clark, Samantha; Carley, Kathleen M.","https://link.springer.com/article/10.1007/s42001-024-00253-y","The COVID-19 pandemic of 2021 led to a worldwide health crisis that was accompanied by an infodemic. A group of 12 social media personalities, dubbed the “Disinformation Dozen”, were identified as key in spreading disinformation regarding the COVID-19 virus, treatments, and vaccines. This study focuses on the spread of disinformation propagated by this group on Telegram, a mobile messaging and social media platform. After segregating users into three groups—the Disinformation Dozen, bots, and humans, we perform an investigation with a dataset of Telegram messages from January to June 2023, comparatively analyzing temporal, topical, and network features. We observe that the Disinformation Dozen are highly involved in the initial dissemination of disinformation but are not the main drivers of the propagation of disinformation. Bot users are extremely active in conversation threads, while human users are active propagators of information, disseminating posts between Telegram channels through the forwarding mechanism."
"7","2024","Analyzing the influence of web search behavior on electricity market price: a case study of Japan electric power exchange","Gotoh, Ryosuke","https://link.springer.com/article/10.1007/s42001-024-00259-6","The Japan Electric Power Exchange (JEPX) has introduced a feed-in premium to promote the trading of renewable energy electricity in the market; thus, the exchange has become increasingly important for RE companies to maintain profitability in market trading. However, electricity prices are not only affected by directly measurable factors such as electricity demand, fuel prices, and weather but also by corporate bidding strategies, social conditions, and other human behaviors, making it difficult to predict electricity prices. Given that electricity demand is related to human behavior, this study focuses on web search behavior and clarifies the relationship between keyword search volumes and electricity market prices in Japan. Correlation and vector autoregression analyses results show a moderately strong positive correlation between the logarithmic difference of the keyword search volume and that of the electricity price. In addition, we find that the logarithmic difference of the electricity price tends to increase when that of the keyword search volume on the previous day increases. These results suggest that search volumes of specific keywords can be effective explanatory variables for area price prediction models and can help identify signs of price spikes."
"7","2024","Annotating live messages on social media. Testing the efficiency of the AnnotHate – live data annotation portal","Jikeli, Gunther; Soemer, Katharina; Karali, Sameer","https://link.springer.com/article/10.1007/s42001-024-00251-0","Labeling datasets to produce gold standard corpora for training machine learning algorithms a re increasingly important in social media research. The annotation process, including annotation tools, is of utmost importance to the quality of gold standard corpora. While measuring inter-annotator reliability has become standard practice, and research has been conducted on the annotators themselves and their possible influence on the annotation process, reflections on the annotation tools often remain neglected in descriptions of gold standard productions. Many social media posts are short and require more context to understand their meaning, which only the live environment can provide. However, most annotation tools work with offline data. We test a specially designed tool for live data annotation, including an experiment with 80 annotators. The tool is user-friendly for annotators, does not require any command line usage or installations, and reduces errors in the annotation process. It is time efficient in the annotation process, and efficient and transparent in collecting the data from the annotation."
"7","2024","Anti-vaccine rabbit hole leads to political representation: the case of Twitter in Japan","Toriumi, Fujio; Sakaki, Takeshi; Kobayashi, Tetsuro; Yoshida, Mitsuo","https://link.springer.com/article/10.1007/s42001-023-00241-8","Anti-vaccine attitudes pose a threat to public health by impeding the development of herd immunity. However, the proliferation and politicization of anti-vaccine discourse, exacerbated by the pandemic and the rise of social media, have not been fully elucidated. This study, using Japanese Twitter data, revealed that (a) anti-vaxxers are characterized by high political interest, (b) persistent anti-vaxxers were more ideologically left-leaning and had stronger ties to existing political parties, and (c) pandemic-induced new anti-vaxxers displayed low political engagement but a greater affinity for conspiracy theories, spirituality, naturalism, and alternative health practices, which served as gateways to anti-vaccination views. Furthermore, those who turned anti-vaccine after the pandemic also exhibited an increased tendency to follow the newly emerged anti-vaccine party, potentially contributing to their political representation at the national level. These analyses show that the anti-vaccine discourse has expanded and reached a politically representative scale, strengthening its discursive network with conspiracy theories, spirituality, naturalism, and alternative health practices."
"7","2024","Applications of Bayesian networks in assessing the effects of family resilience on caregiver behavioral problems, depressive symptoms, and burdens","Chu, Amanda M. Y.; Chan, Lupe S. H.; Chang, Stephen S. Y.; Tiwari, Agnes; Yuk, Helina; So, Mike K. P.","https://link.springer.com/article/10.1007/s42001-024-00270-x","Family caregiving often leads to increased stress and anxiety due to intensive support in daily living and medical tasks. Traditionally, determining appropriate interventions has been a challenging task, given the need to conduct extended cohort studies with a restricted range of interventions, which proves to be time-consuming and costly. Moreover, the relationships between the results and the interventions often remain ambiguous, as the experiments lack complete control. In this study, we propose the use of Bayesian networks as a novel methodology for evaluating the impacts of hypothetical interventions aimed at reducing the burdens borne by family caregivers. This innovative approach demands only a single comprehensive survey measuring various aspects of family caregiver dynamics; specifically, family resilience, and caregiver behavioral problems, depressive symptoms, and burdens. Bayesian networks enable us to discern the relationships between these aspects, assess the strength of the causality, and evaluate the effects of interventions. Because all variables are modeled contemporaneously within the network, this approach allows us to control variables freely by applying hypothetical interventions, compared with traditional methods. Our results suggest fostering social interactions and enhancing family resilience as effective strategies by offering a number of social events, fitness and creative classes, and workshops. Other strategies that showed a positive impact included providing counseling to enhance family resilience, along with offering the caregivers medical assistance pertaining to their mental health, especially for depression and anxiety. Providing religious advice services also appeared to contribute to alleviating those symptoms and associated stress."
"7","2024","Automated measures of sentiment via transformer- and lexicon-based sentiment analysis (TLSA)","Zhao, Xinyan; Wong, Chau-Wai","https://link.springer.com/article/10.1007/s42001-023-00233-8","The last decade witnessed the proliferation of automated content analysis in communication research. However, existing computational tools have been taken up unevenly, with powerful deep learning algorithms such as transformers rarely applied as compared to lexicon-based dictionaries. To enable social scientists to adopt modern computational methods for valid and reliable sentiment analysis of English text, we propose an open and free web service named transformer- and lexicon-based sentiment analysis (TLSA). TLSA integrates diverse tools and offers validation metrics, empowering users with limited computational knowledge and resources to reap the benefit of state-of-the-art computational methods. Two cases demonstrate the functionality and usability of TLSA. The performance of different tools varied to a large extent based on the dataset, supporting the importance of validating various sentiment tools in a specific context."
"7","2024","Burstiness of human physical activities and their characterisation","Takeuchi, Makoto; Sano, Yukie","https://link.springer.com/article/10.1007/s42001-024-00247-w","Human behaviour is heterogeneous and temporally fluctuates. Many studies have focused on inter-event time (IET) fluctuations and have reported that the IET distributions show a long-tailed distribution, which cannot be explained by a stationary Poisson point process. Such a phenomenon observed in IET distributions is known as burstiness. Burstiness has also been reported for human physical activity, but the mechanism underlying it has not been clarified. In this study, we prospectively collected human physical activity data while specifying the age of the subjects and their situations (for example, children’s play and adults’ housework), and we analysed their event time series data. We confirmed the burstiness in both children and adults. For the first time, burstiness was studied in physical activities of children between the ages of 2 and 5. This is important because it indicates that burstiness is not an acquired feature. We also confirmed that the IET distributions for each situation show a long tail. This result partially rejects the possibility that the burstiness of physical activities can be explained by multiple stationary Poisson process model. Our results are important for a deeper understanding of the human burst phenomenon and its mechanisms."
"7","2024","Can likes returned by peers within a day improve users’ depressive/manic levels in a massive multiplayer online game? A randomized controlled trial","Yokotani, Kenji; Takano, Masanori; Abe, Nobuhito","https://link.springer.com/article/10.1007/s42001-024-00312-4","Associations exist between avatars’ behaviors in massive multiplayer online games (MMOGs) and their users’ depressive/manic levels; however, these causal relationships remain unclear. Therefore, we designed a parallel-group superiority trial to examine the causal effects of an avatar’s “likes” on its user’s depressive/manic levels. In total, 416 users of Pigg Party, a popular MMOG in Japan, were recruited and randomly assigned to the morning, evening, all-day, and waitlist groups. The morning and evening groups were asked to send likes to their peers at least five times during a specific period (7:00 AM to 8:00 AM and 7:00 PM to 8:00 PM, respectively) for four weeks, and the all-day group was asked to send likes anytime during the day (12:00 AM to 11:59 PM). The waitlist group did not receive any interventions. Depression and manic levels were measured before and after the intervention using self-reported questionnaires. In the all-day group, after sending a like to a peer, the frequency of receiving a like back from that peer was slightly higher, and its frequency was significantly negatively correlated with the level of depression. These results suggest that the exchange of likes on the MMOG can reduce depression levels of its users."
"7","2024","Classical-quantum hybrid transfer learning for adverse drug reaction detection from social media posts","Dey, Arijit; Shrivastava, Jitendra Nath; Kumar, Chandan","https://link.springer.com/article/10.1007/s42001-024-00276-5","Adverse Drug Reactions (ADRs) is a threat to human beings, sometimes it causes death. Thus, the detection of ADRs is crucial. This paper introduces a classical-quantum hybrid deep learning model for detecting adverse drug effects from social media reviews (in English). The suggested methodology improvises the ability to grasp human language for identifying pharmacological side effects of a drug. This article aims to combine the features of traditional machine learning methods to quantum computing into a single framework. The knowledge gained from the pre-trained classical model is transferred to quantum model, improving the performance of quantum algorithms. The Variational Quantum Circuit (VQC) encodes, classical data and classifies input reviews into feature vectors. It creates a relationship network for each drug, based on condition and review comments, enabling class wise prediction to detect ADRs in a drug. The accuracy of quantum inspired transfer learning based proposed model architecture is quite encouraging and provides a good enough solution. In identifying ADRs from the study of reviews, this work obtained accuracy of 97% with a training loss of 0.0659 and validation loss of 0.072. A Bio-BERT based quantum transfer hybrid methodology is proposed for detecting adverse drug reactions from social media reviews. It provides more accurate prediction on ADRs of drug rather than earlier introduced methodologies. The proposed methodology emphasizes towards the quantum enhanced hybrid model design in research."
"7","2024","Combining the strengths of Dutch survey and register data in a data challenge to predict fertility (PreFer)","Sivak, Elizaveta; Pankowska, Paulina; Mendrik, Adriënne; Emery, Tom; Garcia-Bernardo, Javier; Höcük, Seyit; Karpinska, Kasia; Maineri, Angelica; Mulder, Joris; Nissim, Malvina; Stulp, Gert","https://link.springer.com/article/10.1007/s42001-024-00275-6","The social sciences have produced an impressive body of research on determinants of fertility outcomes, or whether and when people have children. However, the strength of these determinants and underlying theories are rarely evaluated on their predictive ability on new data. This prevents us from systematically comparing studies, hindering the evaluation and accumulation of knowledge. In this paper, we present two datasets which can be used to study the predictability of fertility outcomes in the Netherlands. One dataset is based on the LISS panel, a longitudinal survey which includes thousands of variables on a wide range of topics, including individual preferences and values. The other is based on the Dutch register data which lacks attitudinal data but includes detailed information about the life courses of millions of Dutch residents. We provide information about the datasets and the samples, and describe the fertility outcome of interest. We also introduce the fertility prediction data challenge PreFer which is based on these datasets and will start in Spring 2024. We outline the ways in which measuring the predictability of fertility outcomes using these datasets and combining their strengths in the data challenge can advance our understanding of fertility behaviour and computational social science. We further provide details for participants on how to take part in the data challenge."
"7","2024","Communicating Europe: a computational analysis of the evolution of the European Commission’s communication on Twitter","Rocca, Roberta; Lawall, Katharina; Tsakiris, Manos; Cram, Laura","https://link.springer.com/article/10.1007/s42001-024-00271-w","Social media is an important means of communication for political agencies, which makes it possible to engage with large sectors of the public. For institutions which are not directly elected by voters, such as the European Commission (EC), social media can be a strategic tool for increasing perceived legitimacy and citizen engagement, especially in contexts of high politicization. In this paper, we use natural language processing techniques to provide a comprehensive overview of how EC communication on Twitter has evolved between 2010 and 2022, with respect to both its topics and its style. Our analyses show that, over time, the focus of EC communication has shifted substantially from economy-, finance- and governance-related topics, towards social policy, digital and environmental policy, and identity. These changes have progressively differentiated the EC’s profile from that of other institutions (especially more technocratic ones) and contributed to better alignment with engagement patterns of its social media audience. In addition, EC communication has become less neutral (in favor of more positive sentiment), simpler, and more readable, all features which are associated with more accessible and engaging messaging. Yet, while the EC currently scores better than most other reference agencies on several descriptors of accessibility, its style is still lexically more complex, less concrete and less action-oriented than that of other institutions. Alongside providing novel insights on how the EC’s online communication and projected political identity have changed over time, this study lays the foundations for future experimental and hypothesis-driven work combining social media data with external data sources."
"7","2024","Comparing location-specific and location-open social media data: methodological lessons from a study of blaming of minorities on Twitter during the COVID-19 pandemic","Zhang, Shiyi; Tsatsou, Panayiota; McLaren, Lauren; Zhu, Yimei","https://link.springer.com/article/10.1007/s42001-024-00311-5","Social media platforms such as Twitter (currently X) have become important sites of public discourse and participation. Researchers have attempted to identify and collect Twitter data within a certain country or region in order to answer research questions within a particular locale. However, location information of tweets is limited. Tackling the case of public blaming of minorities on Twitter in the context of the COVID-19 pandemic in the UK, we present a method for identifying UK-based tweets and analyse two types of datasets that we collected and processed: (a) tweets with UK location-tags (labelled as location-specific data and referred to as UK datasets ); and (b) tweets with UK location-tags and / or user profiles containing potential UK location information (labelled as location-open data and referred to as ALL datasets ). The empirical results reveal that the overall sentiments in the two dataset types align in the same direction, but the location-specific datasets contain more extreme discourses (i.e., more positive and more negative sentiments and fewer neutral sentiments). Furthermore, in the location-specific datasets, the range of theme areas is narrower, although the themes still grasp the essence of the discussion about blaming minorities found in the larger dataset. The findings demonstrate strengths and limitations of the two dataset types and that the location-specific data can be suitable especially when the available research resources are insufficient for collecting or processing larger datasets. Nevertheless, we propose that future research may consider comparing smaller and bigger datasets to test differences between these for other topics for which specific locations may be of particular interest."
"7","2024","Comparing nine machine learning classifiers for school-dropouts using a revised performance measure","Rezk, Sahar Saeed; Selim, Kamal Samy","https://link.springer.com/article/10.1007/s42001-024-00281-8","Addressing the pervasive issue of school-dropout in Egypt is imperative for advancing the country's educational system and fostering its social and economic progress. Recently, there is a growing interest in leveraging Machine Learning techniques as proactive tools for identifying students at-risk of dropping out so as to carry out timely interventions. This study implements nine supervised Machine Learning algorithms, namely Decision Trees, K-Nearest Neighbours, Logistic Regression, Naïve Bayes, Support Vector Machines, AdaBoost, Bagging, Random Forest, and Stacking, and compares their results to figure out the best performing one for classifying at-risk students in the Egyptian compulsory schools. Utilizing a dataset of a nationally representative sample survey, 52 meticulous classification experiments combining classifiers and resampling techniques are conducted. For the classifiers admitting hyper-parameter optimization, 32 initial parameter settings entailing parameter-space searches, using GridSearch heuristic algorithm, are tried to determine the best performing configuration models for classification. Rather than relying on disparate performance measures for comparing the resulting classifications, such as accuracy and F-score, this research proposes the weighted harmonic mean of several performance measures as a unified evaluation criterion. By resorting to this single criterion for comparisons, the Support Vector Machines classifier, conjoint with Random Under-Sampling and Synthetic Minority Over-sampling Technique for treating class imbalance, is evaluated as the best performing classification model. Because of its ability to provide classification rules in explicit functional forms, Support Vector Machines enables interpreting the embedded features in a similar way like the Logistic Regression classifier. Consequently, the best results reached could guide to develop an early predicting system aiming to support the efforts to eradicate the persisting problem of school-dropouts in Egypt over time."
"7","2024","Content and interaction-based mapping of Reddit posts related to information security","Charmanas, Konstantinos; Mittas, Nikolaos; Angelis, Lefteris","https://link.springer.com/article/10.1007/s42001-024-00269-4","Ensuring the privacy and safety of platform users has become a complex objective due to the emerging threats that surround any type of network, software, and hardware. Scams, malwares, hackers, and security vulnerabilities form the epicenter of cyber threats causing severe damage to the affected systems and sensitive data of users. Thus, users turn to online social networks to report cyber threats, discuss topics of their interest, and obtain knowledge concerning the various perspectives of information security. In this study, we aim to address the concepts of social interactions surrounding information security-related content by retrieving and analyzing Reddit posts from 45 relevant subreddits. In this regard, a word clustering approach is employed, based on the Affinity Propagation algorithm, that leads to the extraction and interpretation of 54 concepts. These concepts are relevant to information security and some more generic areas of interest including social media, software vendors, and labors. Furthermore, to provide a more comprehensive overview of users’ activity in the different Reddit communities/subreddits, a knowledge map associating subreddits and concepts based on their conceptual similarities is also established. The analysis shows that the descriptions of the examined subreddits are strongly related to their underlying concepts. At the same time, the outcomes also assess the conceptual associations between the different subreddits, offering knowledge related to similar and distant communities. Ultimately, two post metrics are utilized to explore how the concepts may impact user interactions. This allows us to differentiate between concepts associated with posts typically endorsed by communities, resulting in increased information exchange (via comments), or contributing as news/announcements. Overall, the findings of this study can be used as a knowledge basis in determining user interests, opinions, perspectives, and responsiveness, when it comes to cyber threats, attacks, and malicious activities. Also, the respective outcomes can contribute as a guide for identifying similar communities/subreddits and themes. Regarding the methodological contributions of this study, the proposed framework can be adapted to similar datasets and research goals as it does not depend on the special characteristics of the imported data, offering, in turn, a practical approach for future research."
"7","2024","Correction to: Polysemy and the sociolinguistics of policy ideas: resilience, sustainability and wellbeing 2000–2020","Gupta, Ayan-Yue","https://link.springer.com/article/10.1007/s42001-024-00303-5",""
"7","2024","Correction to: The AI community building the future? A quantitative analysis of development activity on Hugging Face Hub","Osborne, Cailean; Ding, Jennifer; Kirk, Hannah Rose","https://link.springer.com/article/10.1007/s42001-024-00308-0",""
"7","2024","Detection and context reconstruction of sub-events that influence the course of a news event from microblog discussions","Vijayakumar, Angel Petricia; Rajam, V. Mary Anita","https://link.springer.com/article/10.1007/s42001-024-00279-2","Social media has become an inevitable part of human communication and the primary source for reading and tracking news events. Most news events constitute minor independent events related to the same news event, referred to as sub-events. Sub-events add more layers and dimensions to the analysis of events, making them vital during emergencies and political movements. The task of sub-event detection from microblogs aims to provide a concise summary of the sub-events being discussed. Sub-event detection is a complex problem, primarily due to the vast mass of data and overlapping vocabulary. Despite the challenges, this task is crucial for government policymakers to help them understand the pulse of the common public and make informed decisions. The proposed work detects sub-events as word clusters using a novel non-probabilistic, incremental clustering method based on the correlation patterns of microblog text. Initially, documents of co-occurrence are generated for each word in the dataset above a minimal threshold frequency. Similar co-occurrence documents are grouped. The documents are compared using a novel similarity measure, and clusters of keywords are generated as candidates. The candidates are validated, processed and merged based on a set of rules to generate sub-event clusters. This work also proposes a primitive context induction process that provides a high-level understanding of the sub-event without requiring prior domain knowledge of the news articles. The significance of this method lies in its ability to unearth sub-events along with their initial context without requiring pre-annotated ground truth, background information, or domain-specific training. This work validates the identified sub-events by checking against actual news articles discussing the sub-event. The proposed method proves highly effective in capturing both newly emerging and ongoing sub-events in the news events. Additionally, it exhibits a strong ability to recognise minor sub-events. The performance of this work is evaluated by comparing it against the topic modelling algorithm and K-means clustering algorithm and proves to be efficient."
"7","2024","Digital intermediaries in pandemic times: social media and the role of bots in communicating emotions and stress about Coronavirus","Elayan, Suzanne; Sykora, Martin","https://link.springer.com/article/10.1007/s42001-024-00314-2","COVID-19 impacted citizens around the globe physically, economically, socially, or emotionally. In the first 2 years of its emergence, the virus dominated media in offline and online conversations. While fear was a justifiable emotion; were online discussions deliberately fuelling it? Concerns over the prominent negativity and mis/disinformation on social media grew, as people relied on social media more than ever before. This study examines expressions of stress and emotions used by bots on what was formerly known as Twitter. We collected 5.6 million tweets using the term “Coronavirus” over two months in the early stages of the pandemic. Out of 77,432 active users, we found that over 15% were bots while 48% of highly active accounts displayed bot-like behaviour. We provide evidence of how bots and humans used language relating to stress, fear and sadness; observing substantially higher prevalence of stress and fear messages being re-tweeted by bots over human accounts. We postulate, social media is an emotion-driven attention information market that is open to “automated” manipulation, where attention and engagement are its primary currency. This observation has practical implications, especially online discussions with heightened emotions like stress and fear may be amplified by bots, influencing public perception and sentiment."
"7","2024","Early student dropout detection in Indian secondary education with special reference to selected districts in Tamil Nadu: a machine learning-based survival analysis approach","Venkatesan, Raghul Gandhi; Mappillairaju, Bagavandas","https://link.springer.com/article/10.1007/s42001-024-00309-z","Education is crucial for individual growth and national development. India, with its ambitious School Education Vision 2030, aims to overcome persistent challenges in achieving universal education. This study examines the complex issue of student dropout, specifically focusing on the secondary level in Tamil Nadu, by analyzing the demographic profiles of 846 students. Machine Learning classification approaches such as Logistic Regression, Support Vector Machine, Multi-Layer Perceptron, and Random Forest demonstrate impressive performances, with Random Forest standing out as a powerful tool for accurate prediction. In dropout prediction, survival analysis approaches, specifically the Random Survival Forest (RSF) model, outperform the Weibull model. Through variable importance analysis, age and attendance are found to be significant factors, emphasizing their critical role in predicting dropout events. This study pioneers the integration of survival analysis and machine learning-based classification in the Indian educational context, contributing to the improvement of dropout prediction models. The combined approach enhances the accuracy of dropout prediction and temporal understanding. Despite its cohort-specific focus, the study provides valuable insights for future research and interventions, supporting inclusive education in India by integrating essential characteristics in predictive models."
"7","2024","Efficient annotation reduction with active learning for computer vision-based Retail Product Recognition","Griffioen, Niels; Rankovic, Nevena; Zamberlan, Federico; Punith, Monisha","https://link.springer.com/article/10.1007/s42001-024-00266-7","The retail industry encounters huge obstacles with computer vision (CV) technology due to frequent model retraining with changing products and time-consuming, costly data annotation. Previous research in this field has been primarily focused on optimizing model performance rather than minimizing annotation effort. Therefore, the main idea of this paper is to evaluate active learning as a method to minimize annotation effort in the retail industry. The MVTEC Densely Segmented Supermarket dataset is used to evaluate various active learning methods such as the Least Confident, Entropy and Cost-Effective Active Learning (CEAL) along with Mask R-CNN model. The results demonstrate that annotating only 20.83 $$-$$ - 24.34% of the data achieves 95% of the full dataset’s performance. When training, out-of-sample data share similar characteristics, the Least Confident and CEAL methods reduce annotation requirements by 7.7 $$-$$ - 15.7% while maintaining 95% and 97% of the full dataset’s performance. However, the Entropy method under-performs compared to the random selection baseline. Ultimately, none of the methods show a clear advantage when the data characteristics differ between training and out-of-sample data. Finally, the proposed active learning methods on an industry-specific retail dataset remarkably propels the development of highly efficient and cost-effective CV solutions meticulously tailored for the retail industry."
"7","2024","Empowering users in minimizing air pollution exposure during travel: a scalable algorithmic solution","Manja, Pratham; Abraham, Noel Jacob; Chugh, Raghav; Joshi, Pradhyumna; Roy Dey, Sudeepa","https://link.springer.com/article/10.1007/s42001-024-00297-0","This paper introduces a unique approach for health-optimal route planning in urban environments, integrating real-time Air Quality Index (AQI) and traffic congestion delay metrics into a strategically designed road network graph. The nodes represent AQI values, and the edges convey traffic congestion metrics, creating a holistic urban environment representation. User-defined weightings serve as heuristic functions for the A* algorithm, guiding the system in identifying the optimal routes. Experimental results are further validated in two areas that are densely traffic-driven, and the results affirm the efficacy of the approach. The user-driven approach provides personalized and context-aware route recommendations that balance environmental concerns and travel time. In an alternative approach, the paper explores Graph Neural Networks (GNNs) to learn improved graph embeddings before path traversals. However, compared to the previous approach, this method proves less scalable and time-optimal due to repetitive aggregation in dynamic environments. This study significantly contributes to the development of intelligent transportation systems, offering a nuanced consideration of both environmental and congestion factors for enhanced urban route planning."
"7","2024","Estimating the command hierarchy of a drug trafficking group based on criminals’ telecommunication network","Chiang, Yen-Sheng; Chang, Po-Yuan; Shia, Ben-Chang","https://link.springer.com/article/10.1007/s42001-024-00301-7","It remains a puzzle whether status hierarchies, commonly found in legitimate economic organizations, also exist within organized crime groups. Wiretap data from criminal communications serves as a crucial source for tracing individual statuses within these organizations. We have transformed the telecommunications of a drug trafficking group into both static and temporal networks for analysis. Using these networks, we applied an optimization method to estimate each criminal’s position in the hierarchy. This method matches the weight and direction of each observed network tie to expected rankings, assuming higher-ranked criminals are more likely to initiate calls to subordinates rather than vice versa. The estimated hierarchy for the criminal group (n = 8) resembles a pyramid-like structure, typically three to four levels high, with fewer individuals at the top and more at the bottom. Although verification is challenging due to limited evidence, our estimates largely align with the crime details outlined in court verdicts."
"7","2024","Exploring determinants of school dropout across regions in India: a comprehensive meta-analysis","Venkatesan, Raghul Gandhi; Karmegam, Dhivya; Mappillairaju, Bagavandas","https://link.springer.com/article/10.1007/s42001-024-00285-4","School dropout entangled around various human life factors, highly impacts individual development and societal well-being. Understanding the factors that lead to school dropout is fundamental for lowering the risk of this issue. Up to this point, India needed a comprehensive assessment of these determinants and their effects. Given the critical implications of school dropout, this meta-analytic study aims to fill the existing gap in the literature by providing a detailed estimate of determinants influencing school dropout in India. In this meta-analysis, 14,522 dropouts out of 117,115 students from fourteen studies were included. Rigorous criteria for study selection were applied, and data were drawn from reputable databases such as Scopus, ScienceDirect, and Web of Science. The determinants were divided into 34 dropout risk domains. Among these, siblings (r = 0.133; p  < 0.05) in the family domain and birth order (r = 0.122; p  < 0.05) in the child domain emerged as particularly influential factors, highlighting the nuanced dynamics of familial and individual characteristics. The results of the present study advance our fundamental understanding of the causes of school dropout, emphasizing the pivotal roles of familial and individual factors. This study contributes to the theoretical understanding of dropout determinants and underscores the practical implications for targeted interventions. Moving forward, an in-depth knowledge of the magnitude of determinant impacts on school dropout is crucial for creating and enhancing evaluation and prevention programs."
"7","2024","Exploring statistical approaches for predicting student dropout in education: a systematic review and meta-analysis","Venkatesan, Raghul Gandhi; Karmegam, Dhivya; Mappillairaju, Bagavandas","https://link.springer.com/article/10.1007/s42001-023-00231-w","Student dropout is non-attendance from school or college for an extended period for no apparent cause. Tending to this issue necessitates a careful comprehension of the basic issues as well as an appropriate intervention strategy. Statistical approaches have acquired much importance in recent years in resolving the issue of student dropout. This is due to the fact that statistical techniques can efficiently and effectively identify children at risk and plan interventions at the right time. Thirty-six studies in total were reviewed to compile, arrange, and combine current information about statistical techniques applied to predict student dropout from various academic databases between 2000 and 2023. Our findings revealed that the Random Forest in 23 studies and the Decision Tree in 16 studies were among the most widely adopted statistical techniques. Accuracy and Area Under the Curve were the frequently used evaluation metrics that are available in existing studies. However, it is notable that the majority of these techniques have been developed and tested within the context of developed nations, raising questions about their applicability in different global settings. Moreover, our meta-analysis estimated a pooled proportion of overall dropouts of 0.2061 (95% confidence interval: 0.1845–0.2278), revealing significant heterogeneity among the selected studies. As a result, this systematic review and meta-analysis provide a brief overview of statistical techniques focusing on strategies for predicting student dropout. In addition, this review highlights unsolved problems like data imbalance, interpretability, and geographic disparities that might lead to new research in the future."
"7","2024","Fast meta-analytic approximations for relational event models: applications to data streams and multilevel data","Vieira, Fabio; Leenders, Roger; Mulder, Joris","https://link.springer.com/article/10.1007/s42001-024-00290-7","Large relational-event history data stemming from large networks are becoming increasingly available due to recent technological developments (e.g. digital communication, online databases, etc). This opens many new doors to learn about complex interaction behavior between actors in temporal social networks. The relational event model has become the gold standard for relational event history analysis. Currently, however, the main bottleneck to fit relational events models is of computational nature in the form of memory storage limitations and computational complexity. Relational event models are therefore mainly used for relatively small data sets while larger, more interesting datasets, including multilevel data structures and relational event data streams, cannot be analyzed on standard desktop computers. This paper addresses this problem by developing approximation algorithms based on meta-analysis methods that can fit relational event models significantly faster while avoiding the computational issues. In particular, meta-analytic approximations are proposed for analyzing streams of relational event data, multilevel relational event data and potentially combinations thereof. The accuracy and the statistical properties of the methods are assessed using numerical simulations. Furthermore, real-world data are used to illustrate the potential of the methodology to study social interaction behavior in an organizational network and interaction behavior among political actors. The algorithms are implemented in the publicly available R package ’remx’."
"7","2024","Forecasting executive approval with social media data: opportunities, challenges and limitations","Cruces, Juan S. Gómez","https://link.springer.com/article/10.1007/s42001-024-00299-y","In recent years, several studies have explored the potential of social media data in forecasting electoral outcomes and public opinion trends, with mixed results. This paper presents a novel approach to forecasting modeling, employing data from daily approval polls for 21 executives across Asia, Europe, North America, and Latin America, as well as social media data from their respective Twitter accounts. Machine learning models are trained using these data to predict future executive approval ratings. Through extensive testing of different models, the findings reveal that a combination of previous approval ratings and social media data yields superior performance in predicting future approval. Additionally, models using exclusively social media data exhibit slightly lower performance; however, it remains acceptable for political contexts where executives are highly active on these platforms. This study offers valuable insights into the effective use of social media data for executive approval forecasting, presenting a comparative analysis across diverse political contexts."
"7","2024","GenAI against humanity: nefarious applications of generative artificial intelligence and large language models","Ferrara, Emilio","https://link.springer.com/article/10.1007/s42001-024-00250-1","Generative Artificial Intelligence (GenAI) and Large Language Models (LLMs) are marvels of technology; celebrated for their prowess in natural language processing and multimodal content generation, they promise a transformative future. But as with all powerful tools, they come with their shadows. Picture living in a world where deepfakes are indistinguishable from reality, where synthetic identities orchestrate malicious campaigns, and where targeted misinformation or scams are crafted with unparalleled precision. Welcome to the darker side of GenAI applications. This article is not just a journey through the meanders of potential misuse of GenAI and LLMs, but also a call to recognize the urgency of the challenges ahead. As we navigate the seas of misinformation campaigns, malicious content generation, and the eerie creation of sophisticated malware, we’ll uncover the societal implications that ripple through the GenAI revolution we are witnessing. From AI-powered botnets on social media platforms to the unnerving potential of AI to generate fabricated identities, or alibis made of synthetic realities, the stakes have never been higher. The lines between the virtual and the real worlds are blurring, and the consequences of potential GenAI’s nefarious applications impact us all. This article serves both as a synthesis of rigorous research presented on the risks of GenAI and misuse of LLMs and as a thought-provoking vision of the different types of harmful GenAI applications we might encounter in the near future, and some ways we can prepare for them."
"7","2024","Hostility on Twitter in the aftermath of terror attacks","Czymara, Christian S.; Gorodzeisky, Anastasia","https://link.springer.com/article/10.1007/s42001-024-00272-9","This study investigates the relationship between major Jihadist terror attacks and manifestations of ethno-religious hostility on social media. Analyzing approximately 4.5 million time-stamped Tweets from 1.2 million users across five European countries, the study focuses on content discussing migration and related topics in the weeks before and after ten significant terror attacks. The findings show a notable and robust increase in hostile Tweets after an attack. An interrupted time series analysis demonstrates a 10% point surge at the time of the attack, followed by a gradual decline. Accordingly, the impact of such attacks on online hostility diminishes approximately seven days after the event. Further analyses reveal that while attacks have the strongest effect on Tweets about Muslims and Islam, the attacks also increase hostility in Tweets about migration in general. We find that the overall attack effect is driven by both intra-user changes in Tweeting and changes in the composition of users posting after an attack. The findings underscore the importance of understanding the interplay between terrorist events and online discourse, shedding light on the dynamics of ethno-religious hostility in the digital realm."
"7","2024","How are traffic fines affected by the driver’s car price and the police officer’s discretion? A case study of Isfahan, Iran","Asl-Javadian, Mahdie; Mesbah, Mahmoud; Foroutan Shad, Masoud","https://link.springer.com/article/10.1007/s42001-024-00262-x","Traffic violations can cause congestion and road safety risks. The two objectives of this study are (a) to study the influence of car price and (b) to investigate the influence of police discretion on the amount of fines for each driver. Car price was used as a proxy for the economic status of the driver. The fines were categorized into camera-issued or police-issued fines, and this source of issuance serves as a proxy for police discretion. A comprehensive database of 1.4 million traffic fines in Isfahan province recorded by the Iranian traffic police was analyzed. Linear regression and multinomial logistic regression models were employed to test the relationship between car price and the fine-issuing source with the amount of fine. The results indicated that the total fine amount by each driver increased by 0.183 M Rials annually with every 1000 M Rials increase in the car price. Furthermore, police stopped more expensive cars less frequently compared to cheaper ones. Both car price and police discretion had a significant effect on the total amount of fines. Therefore, as a future policy, traffic fines (especially camera-issued fines) may be set proportional to the car price. The police discretion is highlighted for further investigation."
"7","2024","Identifying early help referrals for local authorities with machine learning and bias analysis","Neto, Eufrásio de A. Lima; Bailiss, Jonathan; Finke, Axel; Miller, Jo; Cosma, Georgina","https://link.springer.com/article/10.1007/s42001-023-00242-7","Local authorities in England, such as Leicestershire County Council (LCC), provide Early Help services that can be offered at any point in a young person’s life when they experience difficulties that cannot be supported by universal services alone, such as schools. This paper investigates the utilisation of machine learning (ML) to assist experts in identifying families that may need to be referred for Early Help assessment and support. LCC provided an anonymised dataset comprising 14 360 records of young people under the age of 18. The dataset was pre-processed, ML models were developed, and experiments were conducted to validate and test the performance of the models. Bias-mitigation techniques were applied to improve the fairness of these models. During testing, while the models demonstrated the capability to identify young people requiring intervention or early help, they also produced a significant number of false positives, especially when constructed with imbalanced data, incorrectly identifying individuals who most likely did not need an Early Help referral. This paper empirically explores the suitability of data-driven ML models for identifying young people who may require Early Help services and discusses their appropriateness and limitations for this task."
"7","2024","Image forgery detection: comprehensive review of digital forensics approaches","Singh, Satyendra; Kumar, Rajesh","https://link.springer.com/article/10.1007/s42001-024-00265-8","Image is a powerful way to share information in the digital world. The sources of images are everywhere, magazines, newspapers, healthcare, entertainment, education, social media and electronic media. With the advancement of image editing software and cheap camera-enabled mobile devices, image manipulation is very easy without any prior knowledge or expertise. So, image authenticity has questioned. Some people use the forged image for fun, but some people may have bad intentions. The manipulated image may use by political parties to spread their false propaganda. Fake images use by people to spread rumours and stoking someone. In addition to harming individuals, fake images can damage the credibility of media outlets and undermine the public trust in them. The need for reliable and efficient image forgery detection methods to combat misinformation, propaganda, hoaxes, and other malicious uses of manipulated images. These are some known issues on digital images. The researcher, scientist, and image forensic experts are working on the development of fake image detection and identification tools. Presently digital image forgery detection is a trending field of research. The main aim of this paper is to provide the exhaustive review on digital image forgery detection tools and techniques. It also discusses various machine learning techniques, such as supervised, unsupervised, and deep learning approaches, that can be employed for image forgery detection it demonstrate the challenges of the current state of the work."
"7","2024","Impact of arbitrage trading between an ETF and its underlying assets on market liquidity of their markets using an agent-based simulation","Guan, Xin; Mizuta, Takanobu; Yagi, Isao","https://link.springer.com/article/10.1007/s42001-024-00324-0","Exchange-traded funds (ETFs) are mutual funds that invest in a diversified portfolio of many financial assets. They are listed on stock exchanges and traded as financial instruments. As some ETFs are exchangeable with all the underlying assets held by the ETFs, when the ETF’s price and the total value of the underlying assets held by the ETF differ, some investors buy the cheaper one and sell the more expensive one to make a profit from the price difference (i.e., arbitrage trading). In this study, we constructed an artificial market consisting of two underlying assets and an ETF and then conducted simulations of arbitrage trading between the underlying asset markets and the ETF market, comparing scenarios with and without arbitrage trading. From the results, we evaluated the essential impact of arbitrage trading on the liquidity of each market from the perspective of representative liquidity indicators (Volume, Depth, and Tightness). In addition, we also checked how liquidity differs when the orders that are submitted are unevenly distributed across markets. The results revealed that there is a tendency for liquidity to differ between Volume, which is highly valued by financial practitioners, and other indicators (Depth and Tightness). Volume represents trading activity, whereas the other indicators represent the current condition of the market. Therefore, it is important for prospective traders to consider liquidity beyond Volume alone when making investment decisions."
"7","2024","Impact of income inequality on health and education in Africa: the long-run role of public spending with short-run dynamics","Chatterjee, Tonmoy; Teame, Ghirmai Tesfamariam; Sen, Sharmi","https://link.springer.com/article/10.1007/s42001-023-00237-4","In this paper, we empirically investigate the long-run impact of income inequality on the pattern of major developmental indicators such as health and education in the African continent. We use an unbalanced panel dataset comprising 31 African countries for 40 years for the time period spanning 1980–2019. Our empirical results, used in conjunction with theoretical underpinnings, show that income inequality adversely affects health and education, both in the short run and in the long run. Interestingly, we also find that efficient state interventions in the form of investment in both health and education leads to unambiguous improvements in health and education outcomes in long run, although the curse of income disparity continues to have a negative effect on health and education in Africa in the short run. Apart from this, the present study also finds the threshold levels of government investments required to achieve positive outcomes in the long run in terms of health and educational in Africa, which are sustainable in the long run even in the presence of income inequality These results could be important for policymakers in Africa intending to boost health and education outcomes in a continent ridden by massive disparities in the income of its inhabitants."
"7","2024","Impact of technostress and work-family conflict on turnover intention among nurses in Bangladesh: a moderation effect of perceived supervisor support","Siddiqi, Kazi Omar","https://link.springer.com/article/10.1007/s42001-024-00296-1","The objective of this study was to analyse the impact of Technostress (TS) and Work-family Conflict (WFC) on Turnover Intention (TI) with respect to Perceived Supervisory Support (PSS) as a moderator to influence turnover intention. This study used a cross-sectional survey research design. Participants were selected using the simple random sample method, and this study analysed a moderation impact using a structural equation model. The outcomes showed that technostress and work-family conflict affect the turnover intention of Bangladeshi nurses. This study likewise affirmed the moderating impact of perceived supervisory support on the relationship between technostress, work-family conflict, and turnover intention. From a commonsense perspective, this study gave policymakers a structure to grasp how technostress and work-family conflict influence nurses’ turnover intentions. This would help clinics in arranging and executing approaches that lessen nurture quit expectations and turnover. This study also helps Human Resource Management (HRM) improve human resource management systems to decrease turnover and access the importance of a better working environment and supervisory support."
"7","2024","Inequality and inflation relationship in middle-income countries","Akarsu, Mahmut Zeki; Gharehgozli, Orkideh","https://link.springer.com/article/10.1007/s42001-024-00263-w","This research investigates the connection between inflation and inequality in 44 middle-income countries between 1996 and 2017. Our main objective is to determine whether a non-linear relationship exists between these two variables by utilizing a quadratic function and various estimation models and approaches found in existing literature. Our findings reveal an inverse U-shaped relationship where inflation initially leads to higher inequality, reaches a turning point, and then leads to lower inequality. We have also calculated the turning points under different scenarios and analyzed the relationship between inflation and inequality for countries with varying initial inflation and income levels. Finally, we have examined the effectiveness of tax policies in reducing the negative effects of inflation on income inequality during the study period."
"7","2024","Influence of emotions on coping behaviors in crisis: a computational analysis of the COVID-19 outbreak","Xu, Hao; Muthya Sudheendra, Smitha; Huh, Jisu; Salecha, Aadesh; Srivastava, Jaideep","https://link.springer.com/article/10.1007/s42001-024-00282-7","Widespread public crises often give rise to the proliferation of sensationalized rumors and conspiracy theories, which can evoke a variety of public emotions. Despite the growing importance of research on the relationship between emotions and coping behaviors in crisis, a dearth of natural observation-based investigation has been limiting theory development. To address this gap, this study conducted computational research to study the U.S. public’s discrete emotions and coping behaviors during the COVID-19 outbreak crisis, analyzing Twitter data, Google Trends data, and Google Community Mobility data. The results revealed that anger and fear were relatively more prominent emotions experienced by the public than other discrete emotions. Regarding the impacts of emotions on coping behaviors, it was found that the prevalence of low-certainty and retreat emotions was related to increased information-seeking and information-transmitting behaviors. Also, the prevalence of both high-certainty and low-certainty emotions during the COVID-19 outbreak was positively related to the public’s compliance with public health recommendations."
"7","2024","Integrating the gender dimension to disclose the degree of businesses’ articulation of innovation","Tollo, Giacomo; Andria, Joseph; Tanev, Stoyan; Ghilardi, Sara","https://link.springer.com/article/10.1007/s42001-023-00230-x","In this contribution, we examine the relationship between the presence of women in companies’ Boards and innovation communication claims: we propose a framework to quantitatively assess the presence of women and the online articulation of innovation, in order to understand whether some correlations hold between these two variables. We also introduce a neural network approach to predict the innovation metric that uses, amongst the predictors, the gender component, and we compare it with a linear regression analysis. Results indicate that neural networks may be used to predict the articulation of innovation by using a predictor set that includes the gender component of the Board of Directors, and also that the use of the gender metric improves previous predictions about the articulation of innovation model’s output."
"7","2024","International mobility between the UK and Europe around Brexit: a data-driven study","Sîrbu, Alina; Goglia, Diletta; Kim, Jisu; Magos, Paul Maximilian; Pollacci, Laura; Spyratos, Spyridon; Rossetti, Giulio; Iacus, Stefano Maria","https://link.springer.com/article/10.1007/s42001-024-00277-4","Among the multiple effects of Brexit, changes in migration and mobility across Europe were expected. Several studies have analysed these aspects, mostly from the point of view of perceptions, motivations, economic effects, scenarios, and changes in migration from Central and Eastern European countries. In this study we propose an analysis of migration and cross-border mobility using an integrated data-driven approach. We investigate official statistics from Eurostat, together with non-traditional data, to give a more complete view of the changes after Brexit, at EU and regional level. Specifically, we employ scientific publication and Crunchbase data to study highly-skilled migration, Twitter and Air Passenger data to investigate monthly trends. While main trends are preserved across datasets, with a general decrease in migration towards the UK immediately after the referendum approval, we are able to also observe more fine grained trends specific to some data or regions. Furthermore, we relate the changes in mobility observed from Air Passenger data with attention to Brexit from Google Trends data."
"7","2024","Intra-family links in the analysis of marital networks","Merelo, J. J.; Molinari, M. Cristina","https://link.springer.com/article/10.1007/s42001-023-00245-4","Marriage networks, which represent the matrimonial connections between different families in a given historical and geographical milieu, rarely take into account one aspect of internal family dynamics, namely the existence of intra-family marriages. The inclusion of such marriages, represented in the graph by self-loops, is essential to compute more accurate measures of centrality. In this paper, we discuss various procedures for incorporating these links into the analysis, with the requirement that they be compatible with the use of already available social network analysis software. We then apply them to two historical marriage networks, one from the Republic of Venice and the other from Taiwan. By comparing centrality measures for the baseline and modified networks, we found that the most satisfactory of the proposed methods is the one that duplicate nodes of families with intra-family marriages and adds new edges that link these duplicated nodes to all the families to which the original node was connected. This procedure is computationally simple and conceptually sound, making it a useful tool for analyzing marital networks."
"7","2024","Is from ought? A comparison of unsupervised methods for structuring values-based wisdom-of-crowds estimates","Brugnone, Nathan; Benkler, Noam; Revay, Peter; Myhre, Rebecca; Friedman, Scott; Schmer-Galunder, Sonja; Gray, Steven; Gentile, James","https://link.springer.com/article/10.1007/s42001-024-00273-8","Many social and ecological problems require us to consider objectively verifiable phenomena as well as subjective states of knowledge and associated value systems. When approximating the facts of reality, the wisdom of crowds phenomenon demonstrates that many pooled estimates can be more accurate than individual or expert estimates. For complex and social systems, wisdom of crowd approaches are improved by aggregating knowledge over subpopulations. In this paper we consider subpopulations defined by different sets of shared values. We first discuss two approaches to qualitatively understanding differences in value sets held by individuals and groups, which in turn motivate our discussion of three unsupervised methods for identifying subpopulations based upon value-laden statements in narrative data from hyperlocal maternal and child health (MCH) contexts in Gombe State, Nigeria. We employ data science techniques and compare methods to assess the stability of inferences. We find the hypothesized groups to be method dependent and discuss implications for wisdom-of-crowd estimates in sustainable development contexts."
"7","2024","Is meritocracy just? New evidence from Boolean analysis and Machine learning","Duong, Khanh","https://link.springer.com/article/10.1007/s42001-024-00287-2","This research explores the paradoxes of meritocracy using two distinct investigations. The first, employing Boolean analysis, uncovers an irony in meritocracy: it is perceived as fair, yet it downplays hard work (the very architect of fairness) and favours talent. It proposes three potential conditions (not necessarily simultaneously) for a logical meritocracy: difference legitimation, absence of genetic constraints on capabilities, or the use of effort as the yardstick for merit. The second investigation, utilizing Machine learning on data from the European Social Survey round 9, underscores that meritocratic equality of opportunities goes hand in hand with the belief in social privilege. This bolsters the viewpoint that belief in meritocracy is associated with social inequality. The research concludes by endorsing the development of a novel form of meritocracy."
"7","2024","Long-term assessment of social amplification of risk during COVID-19: challenges to public health agencies amid misinformation and vaccine stance","Unlu, Ali; Truong, Sophie; Sawhney, Nitin; Sivelä, Jonas; Tammi, Tuukka","https://link.springer.com/article/10.1007/s42001-024-00257-8","This study employs the Social Amplification of Risk Framework to investigate the stance on COVID-19 vaccines and the spread of misinformation on Twitter in Finland. Analyzing over 1.6 million tweets and manually annotating 4150 samples, the research highlights the challenges faced by the Finnish Institute for Health and Welfare (THL) in steering online vaccination communication. Using BERT models, Botometer, and additional computational methods, the study classifies text, identifies bot-like accounts, and detects malicious bots. Social network analysis further uncovers the underlying social structures and key actors in Twitter discussions during the pandemic. The THL remained a primary source of COVID-19 information throughout the pandemic, maintaining its influence despite challenges posed by malicious bots spreading misinformation and adopting negative vaccine stances. However, THL ceased its Twitter activity at the end of 2022 because its posts were being exploited to gain visibility and traction for misinformation and negative vaccine stance. The study also identifies key influencers in online vaccine discussions, suggesting avenues for improving public health communication. Overall, the research underscores the need to understand social media dynamics to counter misinformation and foster accurate public communication on COVID-19 and vaccination."
"7","2024","Machine learning framework for country image analysis","Zúñiga-Morales, Luis N.; González-Ordiano, Jorge Ángel; Quiroz-Ibarra, J. Emilio; Villanueva Rivas, César","https://link.springer.com/article/10.1007/s42001-023-00246-3","In this work, we compare the performance of a machine learning framework based on a support vector machine (SVM) with fastText embeddings, and a Deep Learning framework consisting on fine-tuning Large Language Models (LLMs) like Bidirectional Encoder Representations from Transformers (BERT), DistilBERT, and Twitter roBERTa Base, to automate the classification of text data to analyze the country image of Mexico in selected data sources, which is described using 18 different classes, based in International Relations theory. To train each model, a data set consisting of tweets from relevant selected Twitter accounts and news headlines from The New York Times is used, based on an initial manual classification of all the entries. However, the data set presents issues in the form of imbalanced classes and few data. Thus, a series of text augmentation techniques are explored: gradual augmentation of the eight less represented classes and an uniform augmentation of the data set. Also, we study the impact of hashtags, user names, stopwords, and emojis as additional text features for the SVM model. The results of the experiments indicate that the SVM reacts negatively to all the data augmentation proposals, while the Deep Learning one shows small benefits from them. The best result of 52.92%, in weighted-average $$F_1$$ F 1 score, is obtained by fine-tuning the Twitter roBERTa Base model without data augmentation."
"7","2024","Mapping the landscape of blockchain technology: a bibliometric analysis","Habil, Mahima; Srivastav, Saransh Kumar; Thakur, Pooja","https://link.springer.com/article/10.1007/s42001-024-00280-9","Blockchain technology has experienced a meteoric rise in popularity, revolutionising industries and igniting intense research efforts around the world. The intellectual environment surrounding research on blockchain technology has been meticulously analysed in this bibliometric paper. We seek to shed light on the major trends, research themes, and key contributors influencing the blockchain research domain by utilising comprehensive bibliometric data from Dimension.ai (An Open Access Database). Our analysis spans between the year 2019 to July 2023 and includes a wide range of scholarly articles. Initially, a screening process was employed to assess 16,479 published articles against our inclusion criteria based on keyword search. Finally, 11,593 articles met the criteria and were included in our analysis. We offer a thorough overview of the development and dynamics of blockchain research using bibliometric indicators like publication counts, citation counts, co-authorship networks, and patterns of international collaboration, with visualizations generated using VOSviewer. Furthermore, our analysis highlights the distribution of research efforts distributed globally, demonstrating the participation of various nations and institutions. We investigate the degree of international cooperation, illuminating the global interconnectedness of researchers in the advancement of blockchain knowledge. In conclusion, this paper provides a thorough overview of the state of the research on blockchain technology, offering insightful information to both academics and business stakeholders. This paper elucidates the evolution of research on blockchain technology by outlining the intellectual landscape, and it also provides a road map for future efforts to realise the transformative potential of blockchain technology."
"7","2024","MAS-Bench: a benchmarking for parameter calibration of multi-agent crowd simulation","Shigenaka, Shusuke; Takami, Shunki; Tanigaki, Yuki; Watanabe, Shuhei; Onishi, Masaki","https://link.springer.com/article/10.1007/s42001-024-00302-6","Multi-agent simulation (MAS) has attracted significant attention for the prevention of pedestrian accidents and the spread of infectious diseases caused by overcrowding in recent years. In the MAS paradigm, each pedestrian is represented by a single agent. Control parameters for each agent need to be calibrated based on pedestrian traffic data to reproduce phenomena of interest accurately. Furthermore, observing all pedestrian traffic at large-scale events such as festivals and sports games is difficult. In such cases, parameter optimization is essential so that the appropriate parameters can be determined by solving an error minimization problem between the simulation results and incomplete observed pedestrian traffic data. We propose a benchmark problem, namely MAS-Bench, to discuss the performance of MAS parameter calibration methods uniformly. Numerical experiments demonstrate the baseline performance of four well-known optimization methods on six different error minimization problems that are defined on MAS-Bench. Moreover, we investigate the validity of the error function in the calibration by evaluating the correlation between the calibration and estimation scores. These scores are error functions relating to the available and unavailable observations, respectively."
"7","2024","Mental disorder and suicidal ideation detection from social media using deep neural networks","Ezerceli, Özay; Dehkharghani, Rahim","https://link.springer.com/article/10.1007/s42001-024-00307-1","Depression and suicidal ideation are global reasons for life-threatening injury and death. Mental disorders have increased especially among young people in recent years, and early detection of those cases can prevent suicide attempts. Social media platforms provide users with an anonymous space to interact with others, making them a secure environment to discuss their mental disorders. This paper proposes a solution to detect depression/suicidal ideation using natural language processing and deep learning techniques. We used Transformers and a unique model to train the proposed model and applied it to three different datasets: SuicideDetection, CEASEv2.0, and SWMH. The proposed model is evaluated using the accuracy, precision, recall, and ROC curve. The proposed model outperforms the state-of-the-art in the SuicideDetection and CEASEv2.0 datasets, achieving F1 scores of 0.97 and 0.75, respectively. However, in the SWMH data set, the proposed model is 4% points behind the state-of-the-art precision providing the F1 score of 0.68. In the real world, this project could help psychologists in the early detection of depression and suicidal ideation for a more efficient treatment. The proposed model achieves state-of-the-art performance in two of the three datasets, so they could be used to develop a screening tool that could be used by mental health professionals or individuals to assess their own risk of suicide. This could lead to early intervention and treatment, which could save lives."
"7","2024","Mentions of prejudice in news media – an international comparison","Rozado, David","https://link.springer.com/article/10.1007/s42001-024-00295-2","Previous research has identified a post-2010 sharp increase of terms used to denounce prejudice (i.e. racism , sexism , homophobia , Islamophobia , anti-Semitism , etc.) in U.S. and U.K. news media content. Here, we extend previous analysis to an international sample of news media organizations. Thus, we quantify the prevalence of prejudice-denouncing terms and social justice associated terminology ( diversity , inclusion , equality , etc.) in over 98 million news and opinion articles across 124 popular news media outlets from 36 countries representing 6 different world regions: English-speaking West, continental Europe, Latin America, sub-Saharan Africa, Persian Gulf region and Asia. We find that the post-2010 increasing prominence in news media of the studied terminology is not circumscribed to the U.S. and the U.K. but rather appears to be a mostly global phenomenon starting in the first half of the 2010s decade in pioneering countries yet largely prevalent around the globe post-2015. However, different world regions’ news media emphasize distinct types of prejudice with varying degrees of intensity. We find no evidence of U.S. news media having been first in the world in increasing the frequency of prejudice coverage in their content. The large degree of temporal synchronicity with which the studied set of terms increased in news media across a vast majority of countries raises important questions about the root causes driving this phenomenon."
"7","2024","Migration and emotions in the media: can socioeconomic indicators predict emotions in images associated with immigrants?","Olier, Juan Sebastian; Spadavecchia, Camilla","https://link.springer.com/article/10.1007/s42001-024-00264-9","This study investigates the emotions portrayed in immigration-related visual media across multiple countries and their link to socioeconomic contexts. The analysis examines how socioeconomic factors like perceived corruption, GDP per capita, and income inequality predict the average emotional information conveyed in images associated with immigrants. Computer vision has been employed to analyze the emotional content in media images related to immigrants. Images were sampled from various online media outlets in 45 countries. Results indicate that socioeconomic indexes, especially corruption scores and GDP per capita, significantly predict the emotional content of media images related to immigrants. Specifically, higher perceived corruption and lower GDP per capita are associated with increased negative emotions in visual content. Further, a mediation analysis suggests those factors mediate the relationship between income inequality and emotional information in images. The analysis also considers gender differences, showing that emotions in images linked to immigrant men are more negative than those associated with women. These results align with theories indicating that higher perceived competition for resources due to inequality or scarcity can translate into immigrants being seen as threatening out-groups. The study underscores the link between societal factors and emotions in immigration-related visual media and the possibility of employing artificial intelligence techniques to measure it. Emotions in images associated with a given group, such as immigrants, can shape and reflect discourses about them in a given society; understanding how the context shapes these discourses can inform strategies to address the potential impact these discourses can have on immigrants and society."
"7","2024","Morality and partisan social media engagement: a natural language examination of moral political messaging and engagement during the 2018 US midterm elections","Wang, Meng-Jie; Yogeeswaran, Kumar; Nash, Kyle; Sivaram, Sivanand","https://link.springer.com/article/10.1007/s42001-024-00288-1","Despite numerous studies examining the impact of moral vs. nonmoral political content on social media engagement, the specifics of how distinct moral messaging captivates public attention remain unexplored. Scrutinizing over 10,000 original tweets from 2018 US Senate election candidates, the present work addresses this gap through natural language processing combined with machine and deep learning to probe (a) Are certain types of moral messaging among US politicians more effective in garnering attention?; and (b) If so, does this pattern differ among Democrats and Republicans online? While an unequal distribution emerged, wherein morally charged content elicited more responses than nonmoral rhetoric on both sides of the political aisle, the results indicate varying sensitivities between the factions to certain moral messaging, with Democrats being driven not only by care/harm and fairness/cheating but also by those signaling betrayal, subversion, or even degradation, whereas Republicans were captivated by a broader spectrum of concerns, including care/harm, fairness/cheating, loyalty/betrayal, authority/subversion, and purity. Given that social media is becoming increasingly pivotal in politics today, such findings advance our understanding by untangling how advanced methodologies can dissect the intricacies of moralities in the digital realm, shedding light on the potential dynamics and strategies through which Democratic vs. Republican candidates adopt to expand their reach via social media politicking."
"7","2024","Multidimensional inequality in Chinese economics academia","Ju, Qirui","https://link.springer.com/article/10.1007/s42001-024-00316-0","This study explores three dimensions of inequality within the realm of Chinese economics academia: gender, political affiliation, and international degree, using a unique database constructed from faculty members’ websites and third-party publication records. The findings, derived from a matching algorithm, suggest that being male, having political affiliations, and possessing an international degree significantly enhance the chances of academic advancement. In the base model, male faculty members are 6.5% more likely to achieve full professorship, while those with an international degree have a 6.9% higher probability, and faculty members with political affiliations show a 5.9% increased likelihood. However, an alternative specification presents mixed evidence concerning the role of political affiliation in academic careers. The study also investigates disparities across different schools, uncovering a link between promotion rates and institutional ranking within the Chinese context. Notably, top-tier institutions tend to display larger gender and international disparities but lesser influence from political connections. This study contributes to the theoretical discourse on the impact of gender and political connections on academic promotion. It also examines the effect of skill-biased demand on international pedagogical experience in Chinese universities."
"7","2024","Network toxicity analysis: an information-theoretic approach to studying the social dynamics of online toxicity","Kiddle, Rupert; Törnberg, Petter; Trilling, Damian","https://link.springer.com/article/10.1007/s42001-023-00239-2","The rise of social media has corresponded with an increase in the prevalence and severity of online toxicity. While much work has gone into understanding its nature, we still lack knowledge of its emergent structural dynamics. This work presents a novel method—network toxicity analysis—for the inductive analysis of the dynamics of discursive toxicity within social media. Using an information-theoretic approach, this method estimates toxicity transfer relationships between communicating agents, yielding an effective network describing how those entities influence one another, over time, in terms of their produced discursive toxicity. This method is applied to Telegram messaging data to demonstrate its capacity to induce meaningful, interpretable toxicity networks that provide valuable insight into the social dynamics of toxicity within social media."
"7","2024","On how breaking traffic rules affects vehicle flow","Diaz-Mena, Krista S.; Kogan, Liuba; Stucchi, Luciano","https://link.springer.com/article/10.1007/s42001-024-00306-2","Traffic flow simulations typically assume that all drivers follow traffic rules, except for minor deviations. However, in many countries, drivers often deviate significantly from these rules, leading to dense and chaotic traffic conditions. Our study examines the impact of violating traffic rules on vehicle flow using a simplified model based on observations of drivers in Lima, Peru. We found that a moderate breaking of some specific rules could enhance traffic flow, surpassing scenarios where everyone adheres strictly to the rules. Nevertheless, either excessive rule-breaking or violations of certain key rules might substantially decrease the overall system speed."
"7","2024","Opinion dynamics models describing the emergence of polarization phenomena","Bertotti, Maria Letizia; Menale, Marco","https://link.springer.com/article/10.1007/s42001-024-00319-x","Some novel models of opinion dynamics are here formulated in terms of ordinary and of stochastic differential equations. The focus is on the possible emergence of polarization phenomena. Alongside attitudes and mechanisms related to individual-individual interactions, issues such as the influence of persuaders, acting perhaps on different time-scales, and uncertainty are taken into account. The existence of stationary solutions corresponding to polarized opinion distributions, together with their stability or instability properties, is established in correspondence to different parameter values."
"7","2024","Patterns of stability in complex contagions","Reisinger, Daniel; Tschofenig, Fabian; Adam, Raven; Kogler, Marie Lisa; Füllsack, Manfred; Veider, Fabian; Jäger, Georg","https://link.springer.com/article/10.1007/s42001-024-00294-3","Contagions refer to the spread or transmission of diseases, behaviors, beliefs, or emotions. While some contagions easily propagate throughout entire populations, others seem to be more constrained and propagate only within specific parts of the population. This arises not just because of different transmission rates but because of qualitative differences in the mechanisms with which contagions propagate throughout a network. Diseases typically propagate through single connections, while behaviors and beliefs often necessitate multiple connections for further propagation, termed complex contagions. In this paper, we propose a graph reduction method to reduce a network to include only connections immediately relevant to the propagation of a complex contagion. Through repeated application, we obtain structures that remain stable under the reduction, allowing us to define and measure for any given network, (i) strongly contagious components, (ii) weakly contagious components, and (iii) bridge components. Information about the size and location of these components can be used as a meaningful basis to assess and prevent the potential spread of harmful contagions as well as incentivize the spread of beneficial contagions."
"7","2024","Planning for the urban future: two-level spatial analysis to discover 15-Minute City potential in urban area and expansion in Tallinn, Estonia","Mozaffaree Pour, Najmeh; Partanen, Jenni","https://link.springer.com/article/10.1007/s42001-024-00258-7","Tallinn, Estonia's capital, has seen substantial urbanisation-related changes in recent decades due to global and geopolitical shifts following the Soviet Union's collapse. This surge in population led to increased demand for urban expansion and shaped a scattering residential settlements around Tallinn. This study centres on Tallinn's alignment with the 15-Minute City concept, focusing on accessibility, efficiency, and sustainability. We employed two-level spatial analysis. On the first level, we evaluated Tallinn's alignment with 15-Minute City criteria related to population, transportation, and essential services. On the second level, we assessed suitable areas for urban expansion in Harju County, considering various environmental and spatio-functional factors. Results identified the most suitable areas for expansion in the northern and central parts of Harju County, about 35 km from Tallinn's centre, with higher population density and good infrastructure accessibility. To advance Tallinn's progress toward a 15-Minute City, urban planning should prioritise in areas with the highest suitability when expansion is considered necessary, to ensure equitable service distribution, and emphasise environmental sustainability."
"7","2024","Polarized collaboration benefits knowledge production: empirical analyses of the mediating effect of co-production pattern in Wikipedia articles on climate change","Yang, Kunhao; Fu, Mengyuan","https://link.springer.com/article/10.1007/s42001-024-00321-3","The global influence of climate change has become increasingly noticeable during recent years. A deeper understanding of human collective behavior’s role in mitigating climate change necessitates the provision of high-quality knowledge to the public. In the modern society, the Internet has emerged as the primary knowledge source, raising concerns about the quality of information provided by online communities. Understanding the mechanisms of online knowledge co-production is crucial for enhancing information quality. Prior research has highlighted the substantial influence of group-level political polarization on online knowledge production, though there is disagreement about whether its impact is positive or negative. This study proposed the co-production pattern , which reflects how participants with differing political preferences collaborated with each other, as a mediator and analyzed its impacts on co-production process of climate change knowledge in Wikipedia. To this end, the research amassed two datasets including over 1.3 million entries documenting editing behaviors in English-language articles on climate change hosted on Wikipedia, encompassing nearly ten thousand Wikipedia editor teams. The results empirically demonstrated the positive impacts of polarized teams in preventing vandalism and boosting reliability when knowledge co-production occurs between participants with different political viewpoints. These insights suggest strategies for effectively producing and improving climate change knowledge by leveraging polarized online communities."
"7","2024","Polysemy and the sociolinguistics of policy ideas: resilience, sustainability and wellbeing 2000–2020","Gupta, Ayan-Yue","https://link.springer.com/article/10.1007/s42001-023-00238-3","In policy studies, there is a concern with understanding how new ideas affect policymaking. Central to this is the issue of how ideas become collectively adopted by policy actors. The policy paradigm perspective—the classical way of understanding collective adoption—has faced criticism for overestimating the coherence of adopted ideas and not paying sufficient attention to the micro-scale cognitive processes at play during collective adoption and how these are conditioned by macro-scale organisational processes and structures. This paper provides a sociolinguistic account of the collective adoption of policy ideas that explicitly relates micro-scale cognitive processes (interpretation, attention allocation) to macro-scale organisational structure (division of labour). Drawing on relevance theory, it argues that implicit in the diffusion of an idea within policy circles is an organisationally coordinated interpretive process which results in multiple versions of the idea adapted to the division of labour of government. Supporting this is an empirical analysis of the collective adoption of resilience , sustainability and wellbeing by the British government during 2000–2020. Using a dataset of policy documents (~ 163 million tokens) published by 12 British central departments, I use BERT to automatically extract the different senses expressed by occurrences of ‘resilience’, ‘resilient’, ‘sustainable’, ‘sustainability’ and ‘wellbeing’. I examine how these senses contribute to changes in the use of this vocabulary, the contents of these senses, and the distribution of these senses across the 12 departments. Through this, I examine senses that express versions of resilience , sustainability and wellbeing adapted to particular departmental functions."
"7","2024","Predictive insights: leveraging Twitter sentiments and machine learning for environmental, social and governance controversy prediction","Lheureux, Yasemin","https://link.springer.com/article/10.1007/s42001-023-00228-5","This research introduces an innovative approach that utilizes machine learning to forecast Environmental, Social, and Governance (ESG) controversies within corporations, based on public opinions expressed on Twitter. Drawing on the theoretical foundations of legitimacy theory and stakeholder theory, the proposed methodology emphasizes the essential role of stakeholder engagement in effectively managing ESG risks and promoting sustainable business practices. Through the examination of eight machine-learning algorithms, the research showcases the accurate forecasting of ESG controversies, specifically achieving a remarkable overall F1-Score of 80% by LightGBM. The findings underscore the significant contribution of machine learning models and social media analytics in ESG risk management and controversy mitigation. Companies can anticipate potential controversies and proactively improve their Corporate Social Responsibility practices by actively monitoring public sentiments, especially on social media platforms. Analyzing positive sentiments as indicators of successful practices and negative sentiments as potential areas of concern further enhances their legitimacy and foster stakeholder engagement."
"7","2024","Propositional claim detection: a task and dataset for the classification of claims to truth","Nenno, Sami","https://link.springer.com/article/10.1007/s42001-024-00289-0","This paper introduces Propositional Claim Detection (PCD), an NLP task for classifying claims to truth, and presents a publicly available dataset for it. PCD is applicable in practical scenarios, for instance, for the support of fact-checkers, as well as in many areas of communication research. By leveraging insights from philosophy and linguistics, PCD is a more systematic and transparent version of claim detection than previous approaches. This paper presents the theoretical background for PCD and discusses its advantages over alternative approaches to claim detection. Extensive experiments on models trained on the dataset are conducted and result in an $$\\hbox {F}_{1}$$ F 1 -score of up to 0.91. Moreover, PCD’s generalization across domains is tested. Models trained on the dataset show stable performance for text from previously unseen domains such as different topical domains or writing styles. PCD is a basic task that finds application in various fields and can be integrated with many other computational tools."
"7","2024","Regional contagion in health behaviors: evidence from COVID-19 vaccination modeling in England with social network theorem","Li, Yiang; Zhou, Xingzuo; Lyu, Zejian","https://link.springer.com/article/10.1007/s42001-023-00232-9","Social contagion is a key mechanism that shapes health behaviors, but few studies have applied this approach at the regional level to examine how vaccination beliefs and rates vary and diffuse across geographic areas. Building upon the traditional SIR model, this paper addresses this gap by applying social network theory to a new compartmental model to simulate regional contagion in COVID-19 vaccination rates in England, using panel data of new and accumulated vaccination numbers from December 2020 to June 2022. This Social Network Vaccination Rate (SNVR) model estimates each region’s initial and changing vaccination beliefs and their mutual influence on each other. The results reveal that remote regions had higher initial vaccination beliefs and stronger spillover effects on other regions such as London with more population diversity. The paper suggests that policies to increase vaccination rates should consider the heterogeneity and peer effects among regions that collectively affect vaccination beliefs. The paper also discusses the limitations of the network model and directions for future research."
"7","2024","Sharing is caring? How moral foundation frames drive the sharing of corrective messages and misinformation about COVID-19 vaccines","Yang, Aimei; Zhou, Alvin; Shin, Jieun; Huang-Isherwood, Ke; Liu, Wenlin; Dong, Chuqing; Lee, Eugene; Sun, Jingyi","https://link.springer.com/article/10.1007/s42001-024-00320-4","Drawing from Moral Foundation Theory, our study explores if and how corrective messages and misinformation related to COVID-19 vaccines utilize moral frames. Unlike studies that either focused on content-analyzing messages or study how audiences react to moral frames, this study incorporated both a content analysis of COVID vaccine messages and modeling of how millions of audiences reacted to such messages. We combined semantic network analysis, text-mining, and machine learning to analyze a large corpus of Facebook posts about COVID-19 vaccines. Our results showed that both corrective messages and misinformation prevalently deployed moral framing. We also found that while corrective messages tend to highlight the virtuous aspect of morality, misinformation focuses on the sinful aspect. In both contexts, the five moral frames could construct logically self-consistent worldviews. Moreover, for corrective messages, fairness, sanctity, care, authority, and loyalty frames all significantly influence users’ message sharing. For misinformation, only the authority/subversion frame was influential."
"7","2024","Skewed perspectives: examining the influence of engagement maximization on content diversity in social media feeds","Bouchaud, Paul","https://link.springer.com/article/10.1007/s42001-024-00255-w","This article investigates the information landscape shaped by curation algorithms that seek to maximize user engagement. Leveraging unique behavioral data, we trained machine learning models to predict user engagement with tweets. Our study reveals how the pursuit of engagement maximization skews content visibility, favoring posts similar to previously engaged content while downplaying alternative perspectives. The empirical grounding of our work provides a basis for evidence-based policies aimed at fostering responsible social media platforms."
"7","2024","Skill, status and the Matthew effect: a theoretical framework","Bask, Mikael","https://link.springer.com/article/10.1007/s42001-024-00298-z","To gain a deeper understanding of the Matthew effect in academic recognition among researchers, three social influence models of status hierarchies in the form of agent-based models are presented, where the positivity of the Lyapunov characteristic exponent is the quantitative operationalization of the Matthew effect. We find that the Matthew effect in status attribution is a generic property of the social influence model where skills depend on status (28.1% of all examined parameterizations) twice as often as in the model with constant skills (14.1%) and that the Matthew effect is a generic property of the model where skills depend on previous skills (43.0%) trice as often as in the model with constant skills. Hence, if one argues in favor of a meritocratic system in which research grants are awarded based on researchers’ skills rather than their status in the scientific community, and if grant-providing bodies also adhere to this principle, there is a higher probability of observing the Matthew effect in academic recognition among researchers. Employing the Lyapunov characteristic exponent to investigate the presence of the Matthew effect in a theoretical model is novel in the literature."
"7","2024","Small-area population forecasting in a segregated city using density-functional fluctuation theory","Chen, Yuchao; Kinkhabwala, Yunus A.; Barron, Boris; Hall, Matthew; Arias, Tomás A.; Cohen, Itai","https://link.springer.com/article/10.1007/s42001-024-00305-3","Policy decisions concerning housing, transportation, and resource allocation would all benefit from accurate small-area population forecasts. However, despite the success of regional-scale migration models, developing neighborhood-scale forecasts remains a challenge due to the complex nature of residential choice. Here, we introduce an innovative approach to this challenge by extending density-functional fluctuation theory (DFFT), a proven approach for modeling group spatial behavior in biological systems, to predict small-area population shifts over time. The DFFT method uses observed fluctuations in small-area populations to disentangle and extract effective social and spatial drivers of segregation, and then uses this information to forecast intra-regional migration. To demonstrate the efficacy of our approach in a controlled setting, we consider a simulated city constructed from a Schelling-type model. Our findings indicate that even without direct access to the underlying agent preferences, DFFT accurately predicts how broader demographic changes at the city scale percolate to small-area populations. In particular, our results demonstrate the ability of DFFT to incorporate the impacts of segregation into small-area population forecasting using interactions inferred solely from steady-state population count data."
"7","2024","Social influence dynamics for image segmentation: a novel pixel interaction approach","Cuevas, Erik; Luque, Alberto; Vega, Fernando; Zaldívar, Daniel; López, Jesús","https://link.springer.com/article/10.1007/s42001-024-00315-1","This paper introduces a novel image segmentation technique that is inspired by social influence and opinion dynamics, establishing an association between social sciences and image analysis. This methodology analogizes each pixel in an image to an individual within a population, where the intensity of the pixel reflects an individual’s opinion. By simulating social influence through iterative interactions among individual pixels, our approach emulates the interaction patterns observed in human populations. During each interaction, a pixel selects another pixel within its immediate neighborhood to compare opinions or intensity levels. If the intensities are similar, indicative of analogous opinions, we adjust their values to minimize the difference, thereby producing the formation of homogenous regions within the image. Conversely, when the intensity difference between the two pixels is significant, we manipulate the intensity of both pixels to accentuate this disparity and effectively segregate the regions within the image. After several iterations, the objects in the image tended to split according to the homogeneity of their intensities. The efficacy of the proposed technique was tested using several images and widely accepted quality metrics. The results of these experiments show that the proposed method achieves competitive performance compared to other segmentation techniques."
"7","2024","Spatialising ‘carceral mobilities’: extracting census data for analysis of prisoner inflow, transfer and release","Xiu, Gezhi; Turner, Jennifer; Gross, Thilo","https://link.springer.com/article/10.1007/s42001-024-00318-y","Responding to the dearth of fully-comprehensive or summary data on prisoner or ‘carceral mobilities’, this paper provides the first comprehensive case study analysis of the flow into, between and out from prisons. By uniquely extracting data from the 2011 UK Census to identify and visualise trends in movement, highlight centrality of institutions and observe the self-containedness of regions of operation, findings reveal specific volumes and geographies of prisoner flow as well as discrepancies with the expected practices of prison category transfers and disparities between the distances travelled by prisoners in establishments with different functions. Such analysis is a critical tool in appraising (in)efficiencies with the governance of prisons at the regional and national level. In conclusion, Census Data is revealed as a viable source of data for analysis in situations where institutional data is not forthcoming/available, which provides significant potential for the advancement of the range and scope of studies in carceral mobilities and criminological research more broadly."
"7","2024","Tackling transparency in UK politics: application of large language models to clustering and classification of UK parliamentary divisions","Lilley, Joshua; Townley, Stuart","https://link.springer.com/article/10.1007/s42001-024-00317-z","For a healthier democracy in the UK, novel methods of visualising political data are key to improving transparency, and encouraging engagement. The paper proposes a visualisation tool, using Large language models (LLMs), such as GPT3.5 and GPT4, to conduct Natural Language Processing (NLP) in a novel methodology. We investigate partisan voting profiles, specifically of the Conservative, Labour, and Liberal Democrat parties along 11 predetermined dimensions, ranging from Immigration and Borders, over Welfare and Social Housing, to European Union and Foreign Affairs. Higher order dimensions reveals shifts in party preference over time, while clear trends of more extreme voting behaviour can be seen across parties between 2016 and 2023. The novel visualisation methodology reveals that voting behaviour has become more polarised along party lines, with Labour becoming more left-wing and Conservatives becoming more right-wing regarding most political topics. Liberal Democrats voting behaviour has typically been those of an opposition party, albeit becoming somewhat more extreme."
"7","2024","Telegram channels covering Russia’s invasion of Ukraine: a comparative analysis of large multilingual corpora","Oleinik, Anton","https://link.springer.com/article/10.1007/s42001-023-00240-9","Telegram channels are essential in covering Russia’s war in Ukraine. The article compares the war coverage by voenkory, military bloggers in Ukraine and Russia, with war-related news items disseminated by legacy media, both print and electronic (TV, online news portals). A corpus of political and media discourses about the war during its first year was content analyzed using a custom-built Ukrainian-Russian-English-French “dictionary of war.” The corpus contains sources from five countries: Ukraine, Russia, the United States, the United Kingdom and France, including the twenty most popular Telegram channels about the war in Ukraine and Russia (119 million words). The study demonstrates the potential of semi-supervised methods of content analysis for studying highly heterogeneous multi-language corpora. It shows how digital propaganda works in the case of war reporting. Military bloggers, actors of white propaganda, appear to outperform bots and throlls. The article also adds a comparative dimension to studies of social media. On the one hand, digital war reporting is compared with war reporting in legacy media. Russian voenkory discussed the invasion in greater technical detail than in national legacy media, whereas Ukrainian voenkory emphasized its ideological dimension more. On the other hand, the comparison extends to include several countries and periods. As the war unfolded, Ukrainian military bloggers’ coverage became less ideological and more technical, too."
"7","2024","The AI community building the future? A quantitative analysis of development activity on Hugging Face Hub","Osborne, Cailean; Ding, Jennifer; Kirk, Hannah Rose","https://link.springer.com/article/10.1007/s42001-024-00300-8","Open model developers have emerged as key actors in the political economy of artificial intelligence (AI), but we still have a limited understanding of collaborative practices in the open AI ecosystem. This paper responds to this gap with a three-part quantitative analysis of development activity on the Hugging Face (HF) Hub, a popular platform for building, sharing, and demonstrating models. First, various types of activity across 348,181 model, 65,761 dataset, and 156,642 space repositories exhibit right-skewed distributions. Activity is extremely imbalanced between repositories; for example, over 70% of models have 0 downloads, while 1% account for 99% of downloads. Furthermore, licenses matter: there are statistically significant differences in collaboration patterns in model repositories with permissive, restrictive, and no licenses. Second, we analyse a snapshot of the social network structure of collaboration in model repositories, finding that the community has a core-periphery structure, with a core of prolific developers and a majority of isolate developers (89%). Upon removing these isolates from the network, collaboration is characterised by high reciprocity regardless of developers’ network positions. Third, we examine model adoption through the lens of model usage in spaces, finding that a minority of models, developed by a handful of companies, are widely used on the HF Hub. Overall, the findings show that various types of activity across the HF Hub are characterised by Pareto distributions, congruent with open source software development patterns on platforms like GitHub. We conclude with recommendations for researchers, and practitioners to advance our understanding of open AI development."
"7","2024","The coordination network toolkit: a framework for detecting and analysing coordinated behaviour on social media","Graham, Timothy; Hames, Sam; Alpert, Elizabeth","https://link.springer.com/article/10.1007/s42001-024-00260-z","This paper introduces and evaluates the Coordination Network Toolkit, an open-source software package and methodological framework designed to detect and analyse coordinated behaviour on social media platforms. As the dynamics of online communication continue to evolve, coordination analysis has emerged as an important field of study with significant implications for understanding online influence, digital astroturfing, and online activism. Recognising the absence of a comprehensive, open-source tool for constructing coordination networks, our approach fills this gap, catering to multiple behaviors across diverse social media platforms. Our approach synthesises and significantly enhances various methods to provide a methodological framework for ‘multi-behaviour’ coordination detection, utilising weighted, directed multigraphs to capture intricate coordination dynamics. We evaluate our approach by revisiting a case study of the 2020 #ReopenAmerica Covid protest movement on Twitter. The paper concludes with a set of recommendations for future work, emphasising the need for a tailored statistical framework for coordination analysis and a deeper exploration into the motives behind online coordination."
"7","2024","The digital trail of Ukraine’s 2022 refugee exodus","Wycoff, Nathan; Singh, Lisa O.; Arab, Ali; Donato, Katharine M.; Marahrens, Helge","https://link.springer.com/article/10.1007/s42001-024-00304-4","When the 2022 Russian full-scale invasion of Ukraine forced millions of people to leave their homes, officials worldwide scrambled to estimate the number of people who would seek refuge in their countries. There were a limited number of official tools in place to lean on to help determine this estimate. In this article, we investigate the possibility of using various publicly available organic (i.e. non-designed) data to predict forced movement from Ukraine early in the crisis. In particular, we establish Ukrainian-language insecurity and contextual indicators from multiple data sources, namely Google Trends, Twitter/X, local newspapers, the ACLED database, and the GDELT database. We compare the usefulness of these indicators in predicting forced migration into three neighboring countries: Poland, Slovakia, and Hungary. To minimize the challenge of temporal misalignment between the organic data and actual movement, we develop a lagging and aggregation framework. Findings reveal Google Trends variables are a robust leading indicator of observed forced migration for this conflict. While other indicators are less strong, they still capture shifts in forced migration flows, highlighting the potential for using publicly available organic data during emerging forced displacement crises."
"7","2024","The geopolitics of vaccine media representation in Orbán’s Hungary—an AI-supported sentiment analysis","Sebők, Miklós; Ring, Orsolya; Kis, Márk György; Bánóczy, Martin Balázs; Dinnyés, Ágnes","https://link.springer.com/article/10.1007/s42001-024-00325-z","Extant studies on the European media coverage of the COVID-19 pandemic generally posit a linear relationship between the severity of the public health emergency and the volume of media reports. However, domestic politics and geopolitics may also impact the saliency, distribution, and sentiment of coverage in different outlets. Under Viktor Orbán’s illiberal leadership, Hungary sought deals for ventilators and vaccines from China and Russia—a deviation from joint European procurements. In this article, we conduct a content analysis of pro-government and Orbán-critical media to examine differences in their treatment of Eastern and Western vaccines. We relied on state-of-the-art deep learning analysis (a branch of articifial intelligence) to investigate all COVID-19-related articles (N = 72,339) published on three major Hungarian news portals between March 2020 and March 2022. We used a new fine-tuned BERT model for emotion analysis, the categories of which have been aggregated into three sentiment labels (positive, negative, and neutral). Our sentiment analysis results show a positive correlation between the number of sentences mentioning at least one of the vaccines and the (first) shots administered for only one outlet out of three. The pro-government portal in the sample showed more positivity towards Western vaccines than a hard-right, anti-government one. This latter also produced more positive reports concerning the Russian vaccine. These results shed light on the complex geopolitics of vaccine narratives in Hungarian media. Our research contributes not only to our understanding of illiberal media systems but also by sharing a new public dataset and a fine-tuned large language model that is applicable to alternative research questions and designs."
"7","2024","The impact of politicians’ behaviors on hate speech spread: hate speech adoption threshold on Twitter in Japan","Kim, Taehee; Ogawa, Yuki","https://link.springer.com/article/10.1007/s42001-024-00268-5","In this paper, we hypothesized that a leading politician’s behavior signaling support for the ideas of hate groups will increase hate speech by shifting social norms. To examine the hypotheses, in particular, to quantify the social norms shift, the study utilized an adoption threshold measure based on Twitter retweet networks. Our empirical study focused on the hate speech spread effect of an announcement by Yuriko Koike, Governor of Tokyo, declining to participate in a memorial ceremony for Korean massacre victims. The results support the hypothesis: after Koike’s announcement, adoption thresholds of hate speech users were significantly lowered, while the number of hate speech users increased. Further, this study compared the effect of Koike’s announcement to the effect of a North Korean missile launch, a national security threat to Japan. The average hate speech adoption threshold was lower after Koike’s announcement than after the missile launch, suggesting that a leading politician’s behavior could have a greater impact on shifting norms of prejudice than even a nationally threatening event."
"7","2024","The ripple effect of retraction on an author’s collaboration network","Sharma, Kiran; Mukherjee, Satyam","https://link.springer.com/article/10.1007/s42001-024-00278-3","Scientists involved in scientific misconduct may face social stigmatization, leading to isolation and limited opportunities for collaboration. The reputation of every individual is reflected on the team, as the fraud attempted by any member will be reflected on the team. Earlier studies pointed out the impact of citation penalty on the prior work of coauthors, the effect of retraction on a co-author’s research career, and stigmatization through mere association. This paper explores the formation and dynamics of the networks of authors who faced retractions and its ripple effect on their “innocent coauthors” who never faced retractions in their careers. Leveraging a dataset of 5972 retracted papers involving 24,209 authors, we investigate whether scientific misconduct reduces collaborative ties of misconducting authors as opposed to those who never faced allegations of academic misconduct. We observe that the network structure of authors involved in retractions does not change significantly over the years compared to that of the “innocent coauthors”. Our results suggest that stigmatization rarely affects the collaboration network of stigmatized authors. Our findings have implications for institutions adopting stringent measures and fostering ethical practices in research."
"7","2024","The risk co-de model: detecting psychosocial processes of risk perception in natural language through machine learning","Rizzoli, Valentina","https://link.springer.com/article/10.1007/s42001-023-00235-6","This paper presents a classification system (risk Co-De model) based on a theoretical model that combines psychosocial processes of risk perception, including denial, moral disengagement, and psychological distance, with the aim of classifying social media posts automatically, using machine learning algorithms. The risk Co-De model proposes four macro-categories that include nine micro-categories defining the stance towards risk, ranging from Consciousness to Denial (Co-De). To assess its effectiveness, a total of 2381 Italian tweets related to risk events (such as the Covid-19 pandemic and climate change) were manually annotated by four experts according to the risk Co-De model, creating a training set. Each category was then explored to assess its peculiarity by detecting co-occurrences and observing prototypical tweets classified as a whole. Finally, machine learning algorithms for classification (Support Vector Machine and Random Forest) were trained starting from a text chunks x (multilevel) features matrix. The Support Vector Machine model trained on the four macro-categories achieved an overall accuracy of 86% and a macro-average F1 score of 0.85, indicating good performance. The application of the risk Co-De model addresses the challenge of automatically identifying psychosocial processes in natural language, contributing to the understanding of the human approach to risk and informing tailored communication strategies."
"7","2024","The variant of efforts avoiding strain: successful correction of a scientific discourse related to COVID-19","Lim, Dongwoo; Toriumi, Fujio; Yoshida, Mitsuo; Tanaka, Mikihito; Yang, Kunhao","https://link.springer.com/article/10.1007/s42001-023-00223-w","This study focuses on how scientifically accurate information is disseminated through social media, and how misinformation can be corrected. We have identified examples on Twitter where scientific terms that have been widely misused have been rectified and replaced by scientifically accurate terms through the interaction of users. The results show that the percentage of accurate terms (“variant” or “COVID-19 variant”) being used instead of the inaccurate terms (“strain”) on Twitter has already increased since the end of December 2020. This was about a month before the release of an official statement by the Japanese Association for Infectious Diseases regarding the accurate terminology, and the use of terms on social media was faster than it was in television. Some Twitter users who quickly started using the accurate term were more likely to retweet messages sent by leading influencers on Twitter, rather than messages sent by traditional media or portal sites. However, a few Twitter users continued to use wrong terms even after March 2021, even though the use of the accurate terms was widespread. This study empirically verified that self-correction occurs even on Twitter, and also suggested that influencers with expertise can influence the direction of public opinion on social media."
"7","2024","Towards a large scale analysis of claims: developing a machine learning method for detecting and classifying politicians’ claims of representation","Gevers, Ine; Mulder, August; Daelemans, Walter","https://link.springer.com/article/10.1007/s42001-024-00261-y","In recent decades, many theoreticians have argued that we should pay attention to the claims of representation politicians make about groups in society. Nevertheless, despite recent advances on this topic, empirical research on politicians’ claims of representation remains relatively scant and mostly limited to case studies and manual annotation. Therefore, we develop a reusable Natural Language Processing (NLP) system to automatically classify claims by Dutch-speaking Belgian politicians. Following our new operationalization of claims of representation, which includes six constitutive elements, we use a limited amount of manually annotated data to train NLP models to automatically extract and classify these six elements. Our results show that using a combination of transformer learning (such as BERT), classic machine learning algorithms (such as SVMs), and rule-based methods, we can successfully classify each element of claims of representation, with macro F1-scores between 0.61 and 0.91. Taking all elements into account, we are able to correctly classify 74% of all detected claims in Belgian politicians’ Facebook posts between 2010 and 2022. Being the first to automate this process, this study contributes to the literature by offering a tested and validated method for classifying claims in politicians’ communication, thereby allowing large scale, and longitudinal analysis of claims. In the last section of this article, we further demonstrate some of the possibilities of our models by analyzing which groups politicians claimed to represent in the years before and after the start of the COVID-19 pandemic."
"7","2024","Towards a taxonomy of team workflow structures","Fitzhugh, Sean M.","https://link.springer.com/article/10.1007/s42001-024-00327-x","Team workflow represents interactions between individuals and specific actions or tasks. Individuals’ interactions have important effects on fellow teammates’ actions by expanding or constraining actions available to them. For example, teammates may avoid performing the same action to avoid duplication of effort or they may perform their actions sequentially if one task’s completion is a prerequisite for another task. Complex dependencies embedded in these interactions suggest the need to understand team workflows from a relational perspective. As workflow structures are shaped by elements of organizational design, cognitive factors, and features of the task environment, no single workflow structure is optimal for all teams, and team workflows may manifest in countless distinct configurations. Through a systematic, network-based representation of team workflows, this paper uses a sample of 139,500 teams on GitHub to identify common patterns of team workflows. Each team is represented as a two-mode network where individuals form ties to up to fifteen distinct actions capturing productivity, discussion, and team management. Several node-level and graph-level centrality indices highlight patterns of differentiation across team workflows, and a k-means clustering algorithm detects three distinct clusters of team workflow structures: small teams of highly active generalists, small teams with a moderately active mix of focused and generalist members, and large, segmented teams of focused individuals collectively engaging in a few extremely popular actions. These results demonstrate how a structural representation of team workflows provides unique insight into team behavior and highlights distinctions that may otherwise be lost when examining team activity in aggregate."
"7","2024","Towards misinformation mitigation on social media: novel user activity representation for modeling societal acceptance","Abouzeid, Ahmed; Granmo, Ole-Christoffer; Goodwin, Morten; Webersik, Christian","https://link.springer.com/article/10.1007/s42001-024-00256-9","Intervention-based mitigation methods have become a common way to fight misinformation on Social Media (SM). However, these methods depend on how information spreads are modeled in a diffusion model. Unfortunately, there are no realistic diffusion models or enough diverse datasets to train diffusion prediction functions. In particular, there is an urgent need for mitigation methods and labeled datasets that capture the mutual temporal incidences of societal bias and societal engagement that drive the spread of misinformation. To that end, this paper proposes a novel representation of users’ activity on SM. We further embed these in a knapsack-based mitigation optimization approach. The optimization task is to find ways to mitigate political manipulation by incentivizing users to propagate factual information. We have created PEGYPT, a novel Twitter dataset to train a novel multiplex diffusion model with political bias, societal engagement, and propaganda events. Our approach aligns with recent theoretical findings on the importance of societal acceptance of information spread on SM as proposed by Olan et al. (Inf Syst Front 1–16, 2022). Our empirical results show significant differences from traditional representations, where the latter assume users’ exposure to misinformation can be mitigated despite their political bias and societal acceptance. Hence, our work opens venues for more realistic misinformation mitigation."
"7","2024","Uncovering electric vehicle ownership disparities using K-means clustering analysis: A case study of Austin, Texas","Choi, Seung Jun; Jiao, Junfeng","https://link.springer.com/article/10.1007/s42001-024-00310-6","Transportation electrification is promoted for its environmental and energy efficiency benefits. However, recent studies examining electric vehicle (EV) adoption have revealed complex patterns influenced by race and income disparities. These studies, primarily based on surveys, often overlook regional ownership variations and built environment measures linked to urban form. Our study addresses this gap by analyzing actual EV registration data with spatial details using hot spot and K-means clustering analyses. The analysis results revealed a pronounced East–West divide in EV adoption. In West Austin, clusters indicate a higher number of EVs, greater energy consumption, and residents who are predominantly White, with higher income and education levels. They mainly live in single-family housing units. Conversely, in East Austin, clusters show a lower number of EVs. They are predominantly home to African-American and Hispanic populations with lower income and education levels, often residing in mobile homes. Land use conditions, such as the availability of green open spaces, play a significant role in this divide. Density, diversity, and design measures of the built environment are lower in East Austin compared to West Austin. We argue that survey-reported preferences for EVs do not always align with actual market behavior. While the 30–45 age group may show a higher willingness to purchase EVs, this interest is not consistently reflected in the actual ownership patterns. Factors like residential choice and the built environment may influence EV adoption rates. A broader set of studies is needed to link urban forms with equity."
"7","2024","Understanding the social construction of juvenile delinquency: insights from semantic analysis of big-data historical newspaper collections","Zhang, Yu; Davies, Adam; Zhai, ChengXiang","https://link.springer.com/article/10.1007/s42001-024-00254-x","Massive historical newspaper collections contain rich information about the historical development of social issues and constitute a unique resource for studying the social construction of issues such as juvenile delinquency. However, manual analysis of millions of pages of newspaper articles is infeasible. In this paper, we propose a suite of computational methods, including cross-context lexical analysis, dynamic semantic analysis, and valence analysis, to facilitate the study of historical social construction. We apply these methods to ProQuest Historical Newspapers $$^{\\textrm{TM}}$$ TM collection in the period of 1790–2006 to study the social construction of juvenile delinquency over this period. Our results show that the proposed methods are effective in revealing insights regarding the social construction of juvenile delinquency, leading to a better understanding of this complex issue and specific hypotheses for further study. Overall, our study shows the great promise of leveraging natural language processing techniques for analyzing historical news data to study social construction of societal issues."
"7","2024","Using word embeddings for immigrant and refugee stereotype quantification in a diachronic and multilingual setting","Sorato, Danielly; Lundsteen, Martin; Ventura, Carme Colominas; Zavala-Rojas, Diana","https://link.springer.com/article/10.1007/s42001-023-00243-6","Word embeddings are efficient machine-learning-based representations of human language used in many Natural Language Processing tasks nowadays. Due to their ability to learn underlying word association patterns present in large volumes of data, it is possible to observe various sociolinguistic phenomena in the embedding semantic space, such as social stereotypes. The use of stereotypical framing in discourse can be detrimental and induce misconceptions about certain groups, such as immigrants and refugees, especially when used by media and politicians in public discourse. In this paper, we use word embeddings to investigate immigrant and refugee stereotypes in a multilingual and diachronic setting. We analyze the Danish, Dutch, English, and Spanish portions of four different multilingual corpora of political discourse, covering the 1997–2018 period. Then, we measure the effect of sociopolitical variables such as the number of offences committed and the size of the refugee and immigrant groups in the host country over our measurements of stereotypical association using the Bayesian multilevel framework. Our results indicate the presence of stereotypical associations towards both immigrants and refugees for all 4 languages, and that the immigrants are overall more strongly associated with the stereotypical frames than refugees."
"8","2024","A comprehensive investigation of variational auto-encoders for population synthesis","Sané, Abdoul Razac; Vandanjon, Pierre-Olivier; Belaroussi, Rachid; Hankach, Pierre","https://link.springer.com/article/10.1007/s42001-024-00332-0","The use of synthetic populations has grown considerably over the recent years, in revolutionizing studies conducted within various fields, including social science research, urban planning, public health and transportation modeling. These synthetic populations prove to be valuable, as substitutes for the often missing or sensitive real data, and moreover are capable of preserving both privacy and representativeness. They are typically constructed from aggregate and/or sample data. Recently, new methods for generating synthetic populations based on deep learning, notably Variational Autoencoders (VAEs), have been developed. Such methods serve to overcome the limitations of traditional methods, such as Iterative Proportional Fitting (IPF), which are unable to generate agents with cross-modalities not found in the sample data. As such, IPF requires large samples to generate a synthetic population closely resembling the actual one. Conversely, the advantage of VAE lies in their ability to generate agents not found in the sample data, albeit with the risk of creating agents not existing in the actual population. However, the practical documentation as well as detailed analyses of the architectures and results from implementation of these deep learning approaches, in particular VAE, are limited, thus making these methods difficult to appropriate for practitioners. This paper focuses on generating synthetic populations using VAE. First, an in-depth and accessible theoretical explanation of how VAEs function is provided. Next, a detailed study of these methods is carried out by testing the various architectures, parameters, sample sizes and evaluation indicators necessary to guarantee high-quality results. Highlighted herein is the ability of VAEs to generate large datasets with a small training sample, in addition to VAE performance in generating new realistic individuals not present in the learning base. Certain limitations are identified, including the difficulties encountered by VAEs in managing numerical attributes and the need for post-processing to eliminate unrealistic individuals. In conclusion, despite a number of limitations, VAE constitutes a very promising methodology for generating synthetic populations, in offering practitioners numerous advantages. This paper is accompanied by a Python notebook to assist interested readers implement this new methodology."
"8","2025","A multidimensional analysis of media framing in the Russia-Ukraine war","Ibrahim, Majd; Wang, Bang; Xu, Minghua; Xu, Han","https://link.springer.com/article/10.1007/s42001-025-00363-1","The media plays a crucial role in constructing narratives and shaping public interpretation of global crises, particularly in prolonged geopolitical disputes such as the ongoing war between Russia and Ukraine. Given the significant humanitarian impact of this war, analyzing how it has been framed in the media provides valuable insights into its portrayal and the narratives that emerge over time. While numerous studies have examined media framing of the war, they often focus on isolated events or limited timeframes, overlooking the evolving nature of narratives. This study addresses this gap by conducting a longitudinal framing analysis of war coverage in news media over two years. Unsupervised machine learning models are utilized to explore transformations in volume, narrative themes, and portrayals of the war and its key actors. Our findings contribute to understanding how framing strategies in media coverage shape narratives, with potential implications for public perception and policy discourse. By examining patterns and differences in media framing, this study highlights how distinct editorial priorities influence the portrayal of the war and its broader consequences and potential imbalances in coverage."
"8","2024","A structural equation modeling approach to leveraging the power of extant sentiment analysis tools","Lebakula, Viswadeep; Porter, Ben; Stubbs-Richardson, Megan; Ray, Taylor; Cosby, Arthur; Bethel, Cindy","https://link.springer.com/article/10.1007/s42001-024-00334-y","Machine-derived sentiment analysis has become a pervasive and useful tool to address a wide array of issues in natural language processing. Leading technology companies such as Google now provide sentiment analysis tools (SATs) as readily accessible online products. Academic researchers develop and make available SATs to support the research enterprise. One of the major challenges with SATs is the inconsistencies in results among the various SATs. Consequently, the selection of a SAT for a specific purpose may significantly impact the application. This study addresses the foregoing problem by utilizing structural equation modeling to merge the outputs of SATs to develop a combined sentiment metric without the need for a labeled training dataset. This method is applicable to a wide range of text-based problems, is data-driven, and replicable. It was tested using three publicly available datasets and compared against seven different SATs. The results indicate that as a continous measure, the proposed method outperformed other SATs in the movie reviews and SemEval datasets, and achieved a tie for first place with IBM Watson on the Sentiment 140 dataset. Also, compared to the published major alternatives, the arithmetic mean solution, this approach performed better across these three datasets."
"8","2025","A systematic review of echo chamber research: comparative analysis of conceptualizations, operationalizations, and varying outcomes","Hartmann, David; Wang, Sonja Mei; Pohlmann, Lena; Berendt, Bettina","https://link.springer.com/article/10.1007/s42001-025-00381-z","This systematic review synthesizes research on echo chambers and filter bubbles to explore the reasons behind dissent regarding their existence, antecedents, and effects. It provides a taxonomy of conceptualizations and operationalizations, analyzing how measurement approaches and contextual factors influence outcomes. The review of 129 studies identifies variations in measurement approaches, as well as regional, political, cultural, and platform-specific biases, as key factors contributing to the lack of consensus. Studies based on homophily and computational social science methods often support the echo chamber hypothesis, while research on content exposure and broader media environments, such as surveys, tends to challenge it. Group behavior, cultural influences, instant messaging platforms, and short video platforms remain underexplored. The strong geographic focus on the United States further highlights the need for studies in multi-party systems and regions beyond the Global North. Future research should prioritize cross-platform studies, continuous algorithmic audits, and investigations into the causal links between polarization, fragmentation, and echo chambers to advance the field. This review also provides recommendations for using the EU’s Digital Services Act to enhance research in this area and conduct studies outside the US in multi-party systems. By addressing these gaps, this review contributes to a more comprehensive understanding of echo chambers, their measurement, and their societal impacts."
"8","2024","Affective, cognitive, and contextual cues in Reddit posts on artificial intelligence","Savela, Nina; Pellert, Max; Latikka, Rita; Bergdahl, Jenna; Garcia, David; Oksanen, Atte","https://link.springer.com/article/10.1007/s42001-024-00335-x","Artificially intelligent technologies have become a common topic in our everyday discussions where arguments about the subject can take different forms from cognitive reasoning to emotional expressions. Utilizing persuasion theories and research on the appeal of content characteristics as the theoretical approach to examine affective–cognitive language, we investigated social media posts on artificial intelligence (AI). We examined Reddit posts from 2005 to 2018 referring to AI ( N  = 455,634) using automated content analysis tools. The results revealed that although both the tone positivity and affective–cognitive ratio were dependent on the specific context, the language in AI posts was more analytically than emotionally oriented in general. Other users were more likely to engage with Reddit posts on AI that were high in cognitive and analytic content compared to affective and emotional content. In addition to the practical contribution of public opinion on AI, the results contribute to the theoretical discussions on affective and cognitive language in social media discussions."
"8","2025","AI-driven crime prediction: a systematic literature review","Iqbal, Nadeem; Hassan, Awais; Waheed, Talha","https://link.springer.com/article/10.1007/s42001-025-00373-z","The topic of crime analysis and prediction is crucial for public safety, and advanced AI has shown promise in enhancing this research area. Exploring these advanced AI-based schemes and summarizing them in one place can help communities such as policymakers, law enforcement agencies, and researchers. In this direction, literature presents some comprehensive state-of-the-art studies, however, these studies lack a thorough review of the latest AI methods used in crime prediction. This systematic literature review aims to fill these gaps by exploring recent advancements in Machine Learning, especially in Deep Learning, for crime prediction. This study delves into various digital repositories to extract relevant research articles using a robust qualitative selection process. A total of 55 top-quality research articles have been analyzed in terms of publishing venue, employed predictive model, geographical area for experiments, use of real-time data, data source, and time spans for crime records. The detailed analysis reveals that IEEE Access is a top publishing venue for crime prediction-related articles. In the dimension of applied techniques, traditional methods persist (33%), while innovative hybrid models and emerging techniques such as Convolutional Neural Networks (CNNs), Long Short-Term Memory Networks (LSTMs), Generative Adversarial Networks (GANs), Graph Neural Networks (GNNs) show a trend toward diverse integration. The geographical focus primarily centers on U.S. cities, appearing in 56% of the papers, highlighting global disparities. Additionally, there is a significant gap in incorporating real-time data in crime prediction models, underscoring the need for future exploration in this direction. These findings provide valuable insights for researchers, policymakers, and law enforcement agencies."
"8","2024","Application of explainable artificial intelligence approach to predict student learning outcomes","SANFO, Jean-Baptiste M.B.","https://link.springer.com/article/10.1007/s42001-024-00344-w","Machine learning can help predict critical educational outcomes, but its “black-box” nature is a significant challenge for its broad adoption in educational settings. This study employs a variety of supervised learning algorithms applied to data from Burkina Faso’s 2019 Program for the Analysis of CONFEMEN Education Systems. Shapley Additive Explanation (SHAP) is then used on the selected algorithms to identify the most significant factors influencing student learning outcomes. The objectives of the study are to (1) to apply and evaluate supervised learning models (classification and regression) to achieve the highest performance in predicting student learning outcomes; (2) to apply Shapley Additive Explanation (SHAP) to extract the features with the highest predictive power of students’ learning outcomes. Results showed that K-Nearest Neighbors (KNN) and Support Vector Machine (SVM) have the best predictive power for classification tasks. Likewise, the Random Forest Regressor showed the best predictive accuracy for the regression task. SHAP values were then utilized to determine feature contribution to predictions. The key predictive features identified are “local development,” “community involvement,” “school infrastructure,” and “teacher years of experience.” These findings suggest that learning outcomes are significantly influenced by community and infrastructural factors and teacher experience. The implications of this study are substantial for educational policymakers and practitioners. Emphasizing “local development” and “community involvement” underscores the necessity of community engagement programs and partnerships. Prioritizing investments in school infrastructure can enhance the learning environment, while recognizing the impact of teacher years of experience highlights the need for professional development and retention strategies for educators. These insights advocate for a comprehensive approach to improving educational outcomes through targeted investments and strategic community collaborations."
"8","2025","Assessing political bias in large language models","Rettenberger, Luca; Reischl, Markus; Schutera, Mark","https://link.springer.com/article/10.1007/s42001-025-00376-w","Evaluating bias in Large Language Models (LLMs) has become a pivotal issue in current Artificial Intelligence (AI) research due to their significant impact on societal dynamics. Recognizing political bias in LLMs is particularly important as they approach performative prediction, influencing societal behavior and political events, such as the upcoming European Parliament elections. From a German voter’s perspective, we evaluate the political bias of the currently most popular open-source LLMs concerning political issues within the European Union. To do so, we use the \"
"8","2025","Autonomy or control? An agent-based study of self-organising versus centralised task allocation","Wang, Shaoni; Dang, Yanzhong; Jager, Wander; Zoethout, Kees","https://link.springer.com/article/10.1007/s42001-025-00359-x","Teams comprised of exceptional individuals are often thought to excel in performance, but the reality is that even such teams can face challenges in group environments. Problems like excessive coordination and declining motivation can undermine a team’s productivity. This study seeks to improve team cooperation through task allocation while addressing individual needs. However, conventional research methods struggle to capture the complexities of individual interactions and adaptability. Thus, the study employs Agent-Based Modelling (ABM) to investigate the impact of task allocation on team performance, both in centralised (top–down) and self-organising (bottom–up) approaches. The study uncovers several key findings: (a) assigning tasks of appropriate difficulty level can significantly improve team performance and satisfaction; (b) the self-organising task allocation approach excels in enhancing group satisfaction, highlighting the importance of providing employees with a sense of autonomy and control over their work; (c) the study identifies that the performance of teams under centralised and self-organising approaches is contingent on the team’s developmental stage, emphasising the need for tailored management strategies that align with the team’s current stage of development. The study challenges the conventional belief that exceptional individual performance automatically translates to outstanding team performance. It underscores the importance of recognising the role of individual needs and management strategies in shaping team dynamics, and ultimately, team performance."
"8","2025","Capitalizing on a crisis: a computational analysis of all five million British firms during the Covid-19 pandemic","Muggleton, Naomi; Rahal, Charles; Reeves, Aaron","https://link.springer.com/article/10.1007/s42001-025-00360-4","The Covid-19 pandemic brought unprecedented changes to business ownership in the UK which affects a generation of entrepreneurs and their employees. Nonetheless, the impact remains poorly understood. This is because research on capital accumulation has typically lacked high-quality, individualized, population-level data. We overcome these barriers to examine who benefits from economic crises through a computationally orientated lens of firm creation. Leveraging a comprehensive cache of administrative data on every UK firm and all nine million people running them, combined with probabilistic algorithms, we conduct individual-level analyzis to understand who became Covid entrepreneurs. Using these techniques, we explore characteristics of entrepreneurs—such as age, gender, region, business experience, and industry—which potentially predict Covid entrepreneurship. By employing an automated time series model selection procedure to generate counterfactuals, we show that Covid entrepreneurs were typically aged 35–49 (40.4%), men (73.1%), and had previously held roles in existing firms (59.4%). For most industries, growth was disproportionately concentrated around London. It was therefore existing corporate elites who were most able to capitalize on the Covid crisis and not, as some hypothesized, young entrepreneurs who were setting up their first businesses. In this respect, the pandemic will likely impact future wealth inequalities. Our work offers methodological guidance for future policymakers during economic crises and highlights the long-term consequences for capital and wealth inequality."
"8","2025","CEOs’ online personality and their company’s business strategy: openness to experience predicts diversifying merger and acquisition decisions","Ke, Bin; Qiu, Lin; Qu, Tianshu; Gay, Evelyn; Chan, Sarah Hian May; Yong, Jose","https://link.springer.com/article/10.1007/s42001-025-00385-9","As a personality trait, openness to experience plays a central role in driving behaviors associated with exploration and innovation. Despite decades of extensive research, the expression of openness to experience in business strategy remains understudied. The current study addresses this gap by revealing that the openness in experience perceived from American and Chinese CEOs’ social media predicted their firm’s initiation of diversifying M&As, even after controlling for an extensive set of potential confounds. By replicating our findings across two culturally distinct samples, we highlight the role of openness in corporate strategic decision-making, and the usefulness of social media as a source for personality assessment."
"8","2024","Characteristics of two polarized groups in online social networks’ controversial discourse","Mahmoudi, Amin; Jemielniak, Dariusz; Ciechanowski, Leon","https://link.springer.com/article/10.1007/s42001-024-00350-y","In today’s interconnected world, online social networks play a pivotal role in facilitating global communication. These platforms often host discussions on contentious topics such as climate change, vaccines, and war, leading to the formation of two distinct groups: deniers and believers. Understanding the characteristics of these groups is crucial for predicting information flow and managing the diffusion of information. Moreover, such understanding can enhance machine learning algorithms designed to automatically detect these groups, thereby contributing to the development of strategies to curb the spread of disinformation, including fake news and rumors. In this study, we employ social network analysis measures to extract the characteristics of these groups, conducting experiments on three large-scale datasets of over 22 million tweets. Our findings indicate that, based on network science measures, the denier (anti) group exhibits greater coherence than the believer (pro) group."
"8","2024","Climate change denial and ideology in Swedish online media: measuring ideology change using a computational approach","Yantseva, Victoria","https://link.springer.com/article/10.1007/s42001-024-00343-x","In this article, we examine the ideological trajectories of Facebook groups discussing climate change issues in Sweden, with a particular focus on groups expressing climate change denial beliefs. Using textual data spanning nine years, we construct an ideological space through text embeddings and apply trajectory analysis to map the ideological movement of these groups, exploring potential radicalisation or polarisation in users’ beliefs. Our findings suggest that most groups spreading climate change denial views occupy a shared ideological space, but are positioned on the periphery rather than at the centre. Additionally, we identify several distinct clusters of actors with similar movement patterns, some of which shift towards positions where climate change scepticism or increased problematisation of climate change issues is more prevalent. Finally, we discuss ways to interpret the dimensions of the resulting ideological space."
"8","2025","Combining Twitter and mobile phone data to observe border-rush: the Turkish-European border opening","Arcila-Calderón, Carlos; Aydoğdu, Bilgeçağ; Bircan, Tuba; Gündüz, Bünyamin; Önes, Onur; Salah, Albert Ali; Sîrbu, Alina","https://link.springer.com/article/10.1007/s42001-024-00354-8","Following Turkey’s 2020 decision to revoke border controls, many individuals journeyed towards the Greek, Bulgarian, and Turkish borders. However, the lack of verifiable statistics on irregular migration and discrepancies between media reports and actual migration patterns require further exploration. The objective of this study is to investigate the potential of novel data sources, specifically mobile phone and Twitter data, to address this knowledge gap and to construct estimators of cross-border mobility for an improved evaluation of the unfolding events. By employing a migration diplomacy framework, we analyse mobility patterns at the border emerging from the data. Our findings demonstrate the benefits and limitations of these two data sources for both quantitative and qualitative analysis. We also discuss how mobile data and social media sources can be gainfully combined and used for research into the socio-political facets of human mobility, such as sentiment associated with it. We underscore the ethical implications of leveraging big data, particularly considering the vulnerability of the population under study. Our work contributes to a more nuanced understanding of migration dynamics and paves the way for the formulation of regulations that preclude misuse and oppressive surveillance, thereby ensuring a more accurate representation of migration realities."
"8","2025","Content-aware sentiment understanding: cross-modal analysis with encoder-decoder architectures","Pakdaman, Zahra; Koochari, Abbas; Sharifi, Arash","https://link.springer.com/article/10.1007/s42001-025-00374-y","The analysis of sentiment from social media data has attracted significant attention due to the proliferation of user-generated opinions and comments on these platforms. Social media content is often multi-modal, frequently combining images and text within single posts. To effectively estimate user sentiment across multiple content types, this study proposes a multimodal content-aware approach. It distinguishes text-dominant images, memes, and regular images, extracting embedded text from memes or text-dominant images. Using the Swin Transformer-GPT-2 (encoder-decoder) architecture, captions are generated for image analysis. The user’s sentiment is then estimated by analyzing embedded text, generated captions, and user-provided captions through a BiLSTM-LSTM (encoder-decoder) architecture and fully connected layers. The proposed method demonstrates superior performance, achieving 93% accuracy on the MVSA-Single dataset, 79% accuracy on the MVSA-Multiple dataset, and 90% accuracy on the TWITTER (Large) dataset surpassing current state-of-the-art methods."
"8","2024","Detecting toxic comments on social media: an extensive evaluation of machine learning techniques","Patel, Dharil; Pramanik, Pijush Kanti Dutta; Suryawanshi, Chaitanya; Pareek, Preksha","https://link.springer.com/article/10.1007/s42001-024-00349-5","The prevalence of toxic comments on social networking sites poses a significant threat to the freedom of speech and the psychological well-being of online users. To address this challenge, researchers have turned to machine learning algorithms as a means of categorizing and identifying toxic contents. This study presents a comprehensive comparison of multiple machine learning techniques for predicting toxic posts on a social media platform. The Jigsaw toxic comment classification dataset was used to test the performance of nine different machine learning models. Various evaluation metrics, including accuracy, precision, recall, and F1-score, were employed to assess the models' effectiveness. Additionally, hyperparameter tuning was performed for each algorithm, and the outcomes were compared to determine the optimal technique, while examining the effects of hyperparameter variations. The results demonstrate that the naive Bayes classifier is the most accurate among the proposed models, achieving an accuracy of 97.30% and a run-time complexity of 0.06. The second-highest accuracy score of 97.31% was recorded for the XGBoost algorithm, with a run-time complexity of 41.06. The findings of this study have important implications for the development of efficient online hate speech identification systems. By leveraging the insights gained from this comparative analysis, researchers and practitioners can design more effective strategies for managing and mitigating the prevalence of toxic comments in online communities, ultimately fostering a safer and more inclusive digital environment."
"8","2025","Differences of communication activity and mobility patterns between urban and rural people","Ogushi, Fumiko; Roy, Chandreyee; Kaski, Kimmo","https://link.springer.com/article/10.1007/s42001-025-00368-w","Human mobility and other social activity patterns influence various aspects of society such as urban planning, traffic predictions, crisis resilience, and epidemic prevention. The behaviour of individuals, like their communication frequencies and movements, are shaped by societal and socio-economic factors. In addition, the differences in the geolocation of people as well as their gender and age cast effects on their activity patterns. In this study we focus on investigating these patterns by using mobile phone data, specifically the call detail records (CDRs), to analyze the social communication and mobility patterns of people. This dataset can provide us insight into the individual and population-level behaviours in rural and urban environments on a daily, weekly and seasonal basis. The results of our analyses show that in the urban areas people have high calling activity but low mobility, while in the rural areas they show the opposite behaviour, i.e. low calling activity combined with high mobility. Overall, there is a decreasing trend in people’s mobility through the year even though their calling activity remained consistent except for the holidays during which time the communication frequency drops markedly. We have also observed that there are significant differences in the mobility between the work days and free days. Finally, the age and gender of individuals have also been observed to play a role in the seasonal patterns differently in urban and rural areas."
"8","2024","Enumeration and sampling analysis of Montana’s 2020 congressional redistricting map","McKinnie, Kelly; Szalda-Petree, Erin","https://link.springer.com/article/10.1007/s42001-024-00342-y","The 2020 decennial census data resulted in an increase from one to two congressional representatives in the state of Montana. The new districts nearly followed county lines and provide a rare instance of an enumerable redistricting problem. We use the enumerated set of maps to analyze the redistricting process and compare the adopted congressional map to the space of all other possible maps, the full set of 1-person deviation maps and several ReCom (spanning tree) generated ensembles. Along with considering the usual selection of statistics on these maps (population deviation, compactness, minority representation and political outcomes) we look at Montana’s definition of competitive districts and analyze the best ER upper bound for the ReCom algorithm in this simple case."
"8","2025","Evaluating tenant-landlord tensions using generative AI on online tenant forums","Chen, Xin; Ren, Cheng; Thomas, Timothy A.","https://link.springer.com/article/10.1007/s42001-025-00378-8","Tenant-landlord relationships exhibit a power asymmetry where landlords’ power to evict the tenants at a low-cost results in their dominating status in such relationships. Tenant concerns are thus often unspoken, unresolved, or ignored and this could lead to blatant conflicts as suppressed tenant concerns accumulate. Modern machine learning methods and Large Language Models (LLM) have demonstrated immense abilities to perform language tasks. In this study, we incorporate Latent Dirichlet Allocation with GPT-4 to classify Reddit post data scraped from the subreddit r/Tenant, aiming to unveil trends in tenant concerns while exploring the adoption of LLMs and machine learning methods in social science research. We find that tenant concerns in topics like fee dispute and utility issues are consistently dominant in all four states analyzed while each state has other common tenant concerns special to itself. Moreover, we discover temporal trends in tenant concerns that provide important implications regarding the impact of the pandemic and the Eviction Moratorium."
"8","2024","Exploring beyond detection: a review on fake news prevention and mitigation techniques","Sallami, Dorsaf; Aïmeur, Esma","https://link.springer.com/article/10.1007/s42001-024-00351-x","In today’s digital age, accessing a vast amount of information online has become effortless. However, the question remains: can all of this information be trusted? Unfortunately, the answer is no. Although various research efforts have focused on fake news detection, regrettably, these approaches have proven to be relatively ineffective. Consequently, there is a pressing need to investigate more strategies for countering the spread of fake news beyond mere detection. This survey aims to provide a comprehensive review of various prevention and mitigation techniques. We introduce a novel taxonomy and analyze the challenges inherent in countering fake news at each level through a systematic examination of the literature. Furthermore, we explore potential avenues for future research. Our conclusion underscores the multidisciplinary nature of this issue, emphasizing the necessity for collaborative efforts across diverse disciplines to effectively address fake news."
"8","2025","Exploring China’s cyber sovereignty concept and artificial intelligence governance model: a machine learning approach","Hung, Ho Ting","https://link.springer.com/article/10.1007/s42001-024-00346-8","The current global cyber governance model is dominated by Western liberal norms and multi-stakeholder values. Dissatisfied with the status quo, some developing countries like China embrace another governance concept called cyber sovereignty, which advocates more state control. Meanwhile, AI development further enlarges cyberspace’s national security threats, but an international governance framework is absent in the AI realm and China is eager to take the lead in building one. This gives rise to the question: what explains China’s approach to cyber and AI governance? Current studies on cyber sovereignty and China’s AI governance model are mostly qualitative and/or have a small sampling frame, while the meaning of cyber sovereignty is debatable. Therefore, this article applies topic modelling to official/semi-official texts about cyber and AI governance to understand the cyber sovereignty concept and how it shapes China’s approach to AI governance. This article finds that cyber sovereignty is an extension of China’s state-centric view of international order. Not being a passive recipient of norms, China hopes to shape alternative cyber norms to defend national security. Now, since the global community has not reached a consensus over global AI governance, China is exploiting this gap to promote its own set of cyber visions."
"8","2025","Exploring incel group dynamics: a computational study of hierarchy and group-boundary policing","Solopova, Veronika; Popa-Wyatt, Mihaela; Berškytė, Justina","https://link.springer.com/article/10.1007/s42001-024-00357-5","Incels (involuntary celibates) are part of a broader misogynistic culture known as the manosphere. Some communities within the manosphere, including incels, promote gender-based violence through misogynistic rhetoric and ideology. Incels are men who struggle to form romantic relationships and thus seek solace in online forums to find a sense of purpose and community. The community is organised around an ideology and a hierarchical classification of members. This paper presents a computational linguistic analysis of the utterances made within the community. We analyse the linguistic patterns of six different ranks of users: paragons, high-rank users, low-rank users, greycels, banned users, and self-banned/deleted users. We conducted an analysis of the sentiments expressed between ranks and of the affective attitude of posters when discussing a variety of topics. We then we analysed linguistic features, also conditioned on the rank of the poster. These analyses reveal qualitative differences between users of different ranks in how they express themselves and their sentiments. Finally, we trained models based on the linguistic features of users’ posts and show that already based on this information it is possible to predict the rank of users. Overall, our results indicate that the incel community has developed distinctive linguistic patterns to disseminate their ideology and that these linguistic patterns vary according to the rank of an incel within the community. This methodology offers a robust framework for studying similar echo chamber-like communities."
"8","2024","Flood of techniques and drought of theories: emotion mining in disasters","Shapouri, Soheil; Soleymani, Saber; Rezayi, Saed","https://link.springer.com/article/10.1007/s42001-024-00330-2","Emotion mining has become a crucial tool for understanding human emotions during disasters, leveraging the extensive data generated on social media platforms. This paper aims to summarize existing research on emotion mining within disaster contexts, highlighting both significant discoveries and persistent issues. On the one hand, emotion mining techniques have achieved acceptable accuracy enabling applications such as rapid damage assessment and mental health surveillance. On the other hand, with many studies adopting data-driven approaches, several methodological issues remain. These include arbitrary emotion classification, ignoring biases inherent in data collection from social media, such as the overrepresentation of individuals from higher socioeconomic status on Twitter, and the lack of application of theoretical frameworks like cross-cultural comparisons. These problems can be summarized as a notable lack of theory-driven research and ignoring insights from social and behavioral sciences. This paper underscores the need for interdisciplinary collaboration between computer scientists and social scientists to develop more robust and theoretically grounded approaches in emotion mining. By addressing these gaps, we aim to enhance the effectiveness and reliability of emotion mining methodologies, ultimately contributing to improved disaster preparedness, response, and recovery."
"8","2024","How culture can affect opinion dynamics: the case of vaccination","Li, Teng; Flache, Andreas; Jager, Wander","https://link.springer.com/article/10.1007/s42001-024-00347-7","Culture plays a pivotal role in shaping collective level processes, with implications for public opinion on issues such as COVID-19 vaccination. Drawing on Hofstede's cultural dimension theory, we theoretically examine the influence of two key dimensions of culture, individualism/collectivism and power distance, on the opinion formation of individuals within a dynamic and evolving context. While former models suggest that collectivism promotes opinion consensus, our findings reveal a more complex relationship, particularly in scenarios where centralization or decentralization of a society is considered. By conducting multiple simulation experiments through an agent-based model, we find that collectivism can contribute to opinion consensus in a simple scenario in which only social norms work without any impact from authorities. However, a collectivist society also has the potential to experience high opinion polarization in the presence of greater decentralization among authorities, particularly in settings of high power distance. Simulation results further demonstrate that disagreement between authorities is more likely to result in opinion polarization in individualist cultures compared to collectivist cultures."
"8","2024","Identifying the factors influencing the development of bilateral investment treaties with health safeguards: a Machine Learning-based link prediction approach","Lu, Haohui; Thow, Anne Marie; Patay, Dori; Tissaoui, Takwa; Frank, Nicholas; Rippin, Holly; Hoang, Tien Dat; Gomes, Fabio; Alschner, Wolfgang; Uddin, Shahadat","https://link.springer.com/article/10.1007/s42001-024-00341-z","A network analysis approach, complemented by machine learning (ML) techniques, is applied to analyse the factors influencing Bilateral Investment Treaties (BITs) at the country level. Using the Electronic Database of Investment Treaties, BITs with health safeguards from 167 countries were charted, resulting in 534 connections with countries as nodes and their BITs as edges. Network analysis found that, on average, a country established BITs with six other nations. Additionally, we used node embedding techniques to generate features from the network, such as the Jaccard coefficient, resource allocation, and Adamic Adar for downstream link prediction. This study employed five tree-based ML models to predict future BIT formations with health inclusion. The eXtreme Gradient Boosting model proved to be superior, achieving a 64.02% accuracy rate. Notably, the Common Neighbor centrality feature and the Capital Account Balance Ratio emerged as influential factors in creating new BITs with health inclusions. Beyond economic considerations, our study highlighted a vital intersection: the nexus between BITs, economic growth, and public health policies. In essence, this research underscores the importance of safeguarding public health in BITs and showcases the potential of ML in understanding the intricacies of international treaties."
"8","2025","Identity diversification and homogenization: evidence from frequent estimates of similarity of self-authored, self-descriptive text","Vahabli, Danial; Jones, Jason Jeffrey","https://link.springer.com/article/10.1007/s42001-025-00358-y","For more than a decade, individuals composed and edited self-authored self-descriptions as social media biographies. Did these identities become more diverse over time because of a “rise in individualism” and increasing tolerance or did they become more homogenous through social learning, conformity, and fear of isolation? We analyzed longitudinal and cross-sectional Twitter bio samples with a variety of lexical and semantic methods for the 2012–2022 interval. We show that longitudinally, users diversified on lexical and semantic levels. On a cross-sectional sample—representing the state of the platform at any time point—we again observed a trend of diversification at the lexical level, but a trend of diversification reversed toward re-homogenization on the semantic level. Further, by focusing on local maxima and minima of identity similarity we identified “coordination shocks”—temporally confined intervals where similar users became overactive on the platform and drove short-term deviations from longer-term trends."
"8","2025","Impact of information disparity between individual investors on profits of meme stocks using an artificial market simulation approach","Matsumoto, Miyuki; Hashimoto, Ryuji; Suzuki, Masahiro; Murayama, Yuri; Izumi, Kiyoshi","https://link.springer.com/article/10.1007/s42001-024-00355-7","The growth of social media recently has made individual investors more reliant on online media for information. This trend significantly affects investor behavior and information disparity. For instance, social media can lead to the phenomenon of “meme stocks,\"
"8","2024","In generative AI we trust: can chatbots effectively verify political information?","Kuznetsova, Elizaveta; Makhortykh, Mykola; Vziatysheva, Victoria; Stolze, Martha; Baghumyan, Ani; Urman, Aleksandra","https://link.springer.com/article/10.1007/s42001-024-00338-8","This article presents a comparative analysis of the potential of two large language model (LLM)-based chatbots—ChatGPT and Bing Chat (recently rebranded to Microsoft Copilot)—to detect veracity of political information. We use AI auditing methodology to investigate how chatbots evaluate true, false, and borderline statements on five topics: COVID-19, Russian aggression against Ukraine, the Holocaust, climate change, and LGBTQ + -related debates. We compare how the chatbots respond in high- and low-resource languages by using prompts in English, Russian, and Ukrainian. Furthermore, we explore chatbots’ ability to evaluate statements according to political communication concepts of disinformation, misinformation, and conspiracy theory, using definition-oriented prompts. We also systematically test how such evaluations are influenced by source attribution. The results show high potential of ChatGPT for the baseline veracity evaluation task, with 72% of the cases evaluated in accordance with the baseline on average across languages without pre-training. Bing Chat evaluated 67% of the cases in accordance with the baseline. We observe significant disparities in how chatbots evaluate prompts in high- and low-resource languages and how they adapt their evaluations to political communication concepts with ChatGPT providing more nuanced outputs than Bing Chat. These findings highlight the potential of LLM-based chatbots in tackling different forms of false information in online environments, but also point to the substantial variation in terms of how such potential is realized due to specific factors (e.g. language of the prompt or the topic)."
"8","2024","Individual differences in escalation of commitment: a multi-level adaptive learning perspective","Wong, Kin Fai Ellick; Kwong, Jessica Y. Y.; Yik, Michelle","https://link.springer.com/article/10.1007/s42001-024-00339-7","Previous studies have found stable individual differences in decision-making under escalation situations. Conventionally, the differences have been attributed to dispositional factors. In this paper, we offer multi-level adaptive learning as an alternative, positing that stable individual differences can develop (a) from an equal starting point at which there are no individual differences among all simulated learners, and (b) without the presumption of influences from dispositional factors. The results of three computer simulation studies showed that after sufficient learning trials, simulated individuals developed the key characteristics of stable individual differences in escalation of commitment: (a) a stable escalation tendency, (b) stable individual differences in escalation tendency, (c) decreases in stability of individual differences as more learning occurs, and (d) decreases in test–retest correlation as the test–retest interval increases. The findings suggest that adaptive learning can explain the emergence and development of individual differences in escalation of commitment without the assumption of dispositional factors."
"8","2025","Integrating media sentiment with traditional economic indicators: a study on PMI, CCI, and employment during COVID-19 period in Poland","Kaczmarek, Iwona; Iwaniak, Adam; Chrobak, Grzegorz; Kazak, Jan K.","https://link.springer.com/article/10.1007/s42001-025-00375-x","Global crises, such as wars or the COVID-19 pandemic, underscore the need for real-time economic monitoring. Traditional economic indicators often fall short, prompting the exploration of alternative data sources, including online and social media content. This study examines the relationship between media sentiment in press articles and traditional economic indicators: the Purchasing Managers' Index (PMI), Consumer Confidence Index (CCI), and average employment in the enterprise sector. We evaluate four pre-trained natural language processing models for sentiment analysis to assess their applicability. The analysis also explores the impact of time shifts in media reporting on the correlation between sentiment scores and economic indicators. Results reveal that a + 24-day shift in article dates produces the strongest correlation with PMI, suggesting media sentiment can predict changes in PMI with a lead time of about 3.5 weeks. Further analysis shows a positive correlation between sentiment scores and the CCI with a + 6-day shift, indicating media sentiment may signal changes in consumer confidence approximately one week in advance. Additionally, a + 70-day shift reveals that media sentiment can predict changes in average employment in the enterprise sector up to 10 weeks before they are officially recorded. These findings highlight the potential of media sentiment as an early indicator of economic trends, emphasizing the importance of considering time dynamics in such analyses. The study demonstrates that sentiment analysis offers valuable insights into economic trends through media reporting, potentially aiding in more timely economic forecasting and decision-making."
"8","2024","Local explainability-based model for clickbait spoiler generation","Panda, Itishree; Singh, Jyoti Prakash; Pradhan, Gayadhar","https://link.springer.com/article/10.1007/s42001-024-00329-9","Clickbait involves creating attention-grabbing or deceptive content aimed at generate more clicks. While effective for driving online traffic, it often results in misinformation, user frustration, and a diminished experience. Therefore, promptly identifying and addressing clickbait is vital. Spoiling clickbait involves crafting concise messages that divulge the actual content, serving as a means to counter its effects. Creating brief messages that expose the genuine nature of clickbait posts is one method of countering it. The proposed model first identifies the clickbait highlighting the words using the Local Interpretable Model-Agnostic Explanations (LIME) approach which helps to mark it as clickbait. The sentences containing those highlighted words are extracted from a dataset to create a spoiler for that post. The Bilingual Evaluation Understudy (BLEU) score of 0.61 and Recall-Oriented Understudy for Gisting Evaluation (ROUGE) score of 0.72 obtained from the proposed spoiler generation model surpassed the prior state-of-the-art models."
"8","2024","Long-term care comparative studies by agent-based simulation: a computational framework and a case study","Chang, Shuang; Maruhashi, Koji","https://link.springer.com/article/10.1007/s42001-024-00331-1","Long-term care (LTC) services provide various types of assistance to elderly persons who may have difficulty conducting daily activities due to deterioration in health. There has been a growing interest in comparing different LTC designs to generate knowledge on how to deal with the diverse needs of such services. However, the system complexity arising from micro-level interactions among involved stakeholders complicates the comparison and creates the urgent need for deploying new approaches. This work aims to formalize and construct a computational framework that enables the deployment of bottom-up simulation approaches to compare and evaluate LTC models. It can be used to investigate the extent to which various LTC designs may influence LTC system outcomes, particularly in terms of equity and efficiency. To illustrate the application of this framework, we present a comparison of the effects of four different LTC designs considering the heterogeneity of individuals and their interactions with care providers using an agent-based simulation approach. This framework is among the first to support such comparative LTC studies by bottom-up simulation approaches. It is expected to be extended and customized by LTC domain experts for comparing the policy alternatives of their interests and thus to shed light on designing better LTC systems for benefiting the elderly."
"8","2024","Measuring the communication between multiple digital political echo chambers: multidimensional Invasiveness, Intrusiveness, and Influence","Kalluçi, Eglantina; Peshkopia, Ridvan","https://link.springer.com/article/10.1007/s42001-024-00336-w","Until recently, the nature of digital political echo chambers (DPEC) and their interaction with the outside world have relied on guesswork. Recently, three new metrics, Invasiveness , Intrusiveness , and Influence could help with measuring communication between DPECs. Initial efforts have been confined in measuring the communication between two DPECs, which is valuable to understand the political communication dynamics in highly polarized social networks, but fall short of capturing the wider spectrum of the digital public square. We modify those metrics to measure the simultaneous interaction among more than two DPECs. We test those metrics with simulated data as well as real data from the Brazilian Twitter during three days of the Brazilian president Lula’s appeal trial in January 2018 on corruption charges. The findings show that our metrics behave according to their design, and also help with either confirming or challenging some of the extant findings regarding communication among DPECs."
"8","2024","Modeling resilience and survivability as stochastic processes with techno-human-economic systems under stress","Martínez, Kenneth; Claudio, David; Burek, Jasmina","https://link.springer.com/article/10.1007/s42001-024-00328-w","This article presents a Markov-based approach that integrates technical, social, and economic aspects that describe a techno-human-economic (THE) model under disturbance. These systems replicate the complex behavior of different sectors in society and private enterprises altogether. The model incorporates resilience and survivability measures and the concepts of breaking points, referred to as divergence, and resurgence. The representation of a THE model intends to be more extensive than other representations as it evaluates systems at different performance levels and state spaces through time. The model is meant to be a tool to forecast or anticipate breaking points and resurgence events through THE's lifecycle. It is also designed as a mathematical foundation, allowing decision-makers to view multiple factors simultaneously. To prove the pertinence of the approach, the notable predicaments of Puerto Rico (PR) since 1960 have been transcribed to the mathematical dialect of a THE under stress with real historical data, socioeconomic indexes, and technological innovation indexes. The final resolved Markov chain for PR's case reveals that, for a stressed society, a contracted economy, and a survivable form of technology, the greater probabilities tend to the initial state from a survivable state (i.e., 90.32%) to survivability from a resurgent state (i.e., 86.31%), and to divergence from a resilient state (i.e., 70.69%)."
"8","2025","Modelling emergent pedestrian evacuation behaviors from intelligent, game-playing agents","Wang, Yiyu; Ge, Jiaqi; Comber, Alexis","https://link.springer.com/article/10.1007/s42001-025-00369-9","Much work has been done to understand complex crowd dynamics and self-organizing behaviors in high-density crowd situations. But most approaches for modelling pedestrian dynamics in emergencies require complex computations, making it difficult to capture multiple individual behaviors within a single model. This paper describes an agent-based model (ABM) that incorporates Bayesian game theory into pedestrian simulations. It assumes that players (agents) are playing a Bayesian game (i.e. games with incomplete information) and adopt strategies based on the anticipated behaviors of others to achieve a Bayesian Nash Equilibrium (BNE). Here, the model agents make decisions based on the possible positions of neighbors in the next time period to maximize their comfort and efficiently achieve their evacuation goal. A series of simulation experiments were undertaken using corridors, bottlenecks, and intersections in simulated evacuation spaces with the characteristics of mass tramping accidents. BNE provides a realistic and efficient approach for modelling complicated pedestrian dynamics with strong applicability. The BNE-informed ABM performance (evacuation times, routes, and behaviors) demonstrates its ability to realistically simulate emergent patterns of evacuation behaviors. The results indicate that agents using game theory reflect the behaviors of individuals with crowds well: BNE agents evacuate effectively at low densities and low blockages but are confounded in situations with few route choices in highly constricted spaces. The BNE-informed model provides a platform to better understand diverse crowd behaviors (e.g. herding and self-organized queuing, etc.) in varied spatial contexts, contributing to the designs of urban public space, evacuation planning, and crowd management."
"8","2025","Modelling policy action using natural language processing: evidence for a long-run increase in policy activism in the UK","Popa, Mircea","https://link.springer.com/article/10.1007/s42001-024-00353-9","Analyzing policymaking using archival evidence is common in qualitative studies, but doing so using text-as-data methods is challenging because commonly used techniques favor the identification of policy areas rather than actions. This article employs natural language processing to evaluate how UK governments describe their actions, using the full sample of official (command) papers they produced between 1974 and 2023. The methodology relies on identifying sentence structure rather than a bag-of-words approach, and on explicitly modelling statements related to policy in terms of subjects, predicates, and objects. The analysis identifies a long-run increase in language referring to active intervention, and a decline in deliberative, analytical, and descriptive language, that began as early as the 1980s. Moreover, the objects of this activist language have shifted from systemic to more personalized over time. The implications of these findings for our understanding of policy developments in the post-1980 era are discussed in the conclusion."
"8","2025","More pressing matters: Can priority reorientation beat online misinformation?","Abdul Reda, Amir; Alkhonin, Abdulaziz","https://link.springer.com/article/10.1007/s42001-024-00333-z","When can misinformation fail to become viral, and what does this tell us about the things we can do to defeat it? Today, misinformation on social media is a serious problem. Much has been written about misinformation achieving virality, but few explore situations where it fails to become viral to learn from what can defeat it. Here, we argue that the implementation of intrusive policies—measures that temporarily restrict certain rights and freedoms—may catalyze shifts in public priorities, potentially countering the spread of misinformation unrelated to emergent concerns. To test our argument, we design a lexicon that helps us collect 51,970 posts spreading misinformation about refugees on Facebook across 133 countries from January 2020 to April 2021. We combine these posts with daily measures for the stringency of government policies aimed at curbing the coronavirus pandemic for this same timeframe. Results show that implementing intrusive policies against the pandemic help reorient priorities worldwide and yield a net decrease in the virality of misinformation about refugees. These results have important implications for policymakers, engineers of social media algorithms, and IGO/NGO workers who work on fact-checking and fighting misinformation."
"8","2025","Network position and learning dynamics: unveiling the impact of social structure on skill acquisition in online gaming platforms","Gustavo, Landfried; Gustavo, Cairo; Esteban, Mocskos","https://link.springer.com/article/10.1007/s42001-025-00370-2","Understanding how individuals learn and progress within complex social networks is crucial for various fields, from education to online gaming platforms. In this study, we investigate the impact of an individual’s topological position within a network of game interactions on their learning process. Leveraging a novel implementation of the state-of-the-art TrueSkill Through Time model, we accurately estimate the initial abilities of players in an online Go gaming platform. Utilizing dynamic graph analysis techniques, we analyze the centrality measures of individuals, including popularity, closeness, and intermediacy, to characterize their network positions. Our results reveal distinct learning patterns influenced by network centrality, particularly among individuals with intermediate initial abilities. Notably, we find significant differences in learning rates between players with low and high centrality, underscoring the role of network structure in shaping individual learning trajectories. These findings provide valuable insights into the interplay between social network dynamics and individual skill acquisition, with implications for optimizing learning environments and enhancing performance in complex social systems."
"8","2025","On the incidence of depression symptoms on social media","Ríssola, Esteban A.; Aragón, Mario Ezra; Losada, David E.; Crestani, Fabio","https://link.springer.com/article/10.1007/s42001-025-00377-9","Due to their increasing popularity, researchers and health professionals are actively utilizing social media networks as valuable tools to recognize linguistic patterns associated with mental health. In this research, our aim was to better understand to what extent the Beck Depression Inventory (BDI) could undergo automated screening based on users’ social media feeds. To this end, we conducted different experiments to analyze the prevalence of BDI items on social media. We present an approach to categorizing and ranking BDI items considering the quantity of information that can be obtained from social media posts. Given publications written by people who have personally reported being diagnosed with depression, we run different search methods and, based on the number of elements retrieved, we study the prevalence of BDI symptoms at two levels of coverage. Finally, we investigate the impact of prevalence and various characteristics on the efficacy of automated assessment tools. Our analysis indicates that specific elements occur consistently across various search methods and social media platforms, implying a higher prevalence of related symptoms in the data sets analyzed. Interestingly, some items with low incidence in the data sets are those of the BDI questionnaire, whose responses are more accurately estimated using automated methods."
"8","2024","Open-source LLMs for text annotation: a practical guide for model setting and fine-tuning","Alizadeh, Meysam; Kubli, Maël; Samei, Zeynab; Dehghani, Shirin; Zahedivafa, Mohammadmasiha; Bermeo, Juan D.; Korobeynikova, Maria; Gilardi, Fabrizio","https://link.springer.com/article/10.1007/s42001-024-00345-9","This paper studies the performance of open-source Large Language Models (LLMs) in text classification tasks typical for political science research. By examining tasks like stance, topic, and relevance classification, we aim to guide scholars in making informed decisions about their use of LLMs for text analysis and to establish a baseline performance benchmark that demonstrates the models’ effectiveness. Specifically, we conduct an assessment of both zero-shot and fine-tuned LLMs across a range of text annotation tasks using news articles and tweets datasets. Our analysis shows that fine-tuning improves the performance of open-source LLMs, allowing them to match or even surpass zero-shot GPT $$-$$ - 3.5 and GPT-4, though still lagging behind fine-tuned GPT $$-$$ - 3.5. We further establish that fine-tuning is preferable to few-shot training with a relatively modest quantity of annotated text. Our findings show that fine-tuned open-source LLMs can be effectively deployed in a broad spectrum of text annotation applications. We provide a Python notebook facilitating the application of LLMs in text annotation for other researchers."
"8","2025","Outlier mining in criminal networks: the role of machine learning and outlier detection models","Toledo, Alex S. O.; Carpi, Laura C.; Atman, Allbens P. F.; Scarpelli, A. P. Baêta","https://link.springer.com/article/10.1007/s42001-025-00364-0","This study explores the identification and disruption of criminal networks through an innovative approach that combines complex network theory, machine learning, and outlier detection models. Using real data from criminal records provided by the Military Police of Minas Gerais (Brazil), advanced data cleaning and processing techniques were applied, resulting in a robust set of variables that describe interactions within criminal networks. Six outlier detection models were evaluated, including a normalized Euclidean distance-based score, a Jensen-Shannon divergence-based score, Isolation Forest, Local Outlier Factor, Robust Covariance, and SGD One-Class Support Vector Machine. These models were assessed to identify key agents in three disruption approaches: human, social, and mixed capital. The normalized Euclidean distance-based score, which was applied to the social capital approach, proved the most effective, increasing the number of components, reducing network efficiency, and fragmenting the largest connected components. The results demonstrate that the combination of complex networks and outlier detection offers a promising and effective strategy to disrupt criminal networks, emphasizing the importance of interdisciplinary collaboration and advanced technologies in public safety."
"8","2024","Post Covid-19 economic and social impact on international migrant workers employment vulnerability: empirical evidence from Chittagong division, Bangladesh","Majumder, Shapan Chandra; Rahman, Md. Hasanur; Suci, Nisat Akter; Kabir, Luckya","https://link.springer.com/article/10.1007/s42001-024-00337-9","The current study has been conducted with the purpose of investigating the post-Covid-19 economic and social crisis impact on international migrant workers employment vulnerability in Chittagong division, Bangladesh. This study was conducted as a survey on 350 households that have returned from the migrated countries or rejoined their jobs it mean that these are households which experienced the return of a migrant worker post-COVID and that the worker either remains in the household or has returned overseas. However, the structural equation model (SEM) findings imply that the COVID-19 crisis is what makes the labor market more susceptible to shocks from sudden unemployment. Income crises have a positive impact on employment vulnerability. Employment vulnerability can rise by 0.34 percent for every one percent increase in income crisis. Each percentage point of a loan crisis or a lack of loan facilities results in an increase in employment vulnerability of 0.90 percent. Alternatively, a 0.97% increase in employment vulnerability is caused by a lack of healthcare facilities, poor service, and inadequate healthcare facilities. There was a positive effect of migrant worker harassment on employment vulnerability; it was calculated that for every 1 unit increase in harassment, employment vulnerability increased by 0.07 units. The study also suggests that a rise in employment creation is advantageous for this nation, where it is necessary to eliminate employment vulnerability."
"8","2025","Predicting news deserts using supervised machine learning","Paladhi, Arijit","https://link.springer.com/article/10.1007/s42001-025-00379-7","The decline of local newspapers has led to the emergence of news deserts—areas lacking access to critical local information—posing a threat to community engagement and democracy. This study aims to predict which U.S. counties are most at risk of becoming news deserts by developing machine learning models based on socioeconomic, geographic, and circulation data. Addressing class imbalance and data noise, we employed classifiers such as Logistic Regression, Random Forest, XGBoost, Support Vector Machines, K-Nearest Neighbors, and Naive Bayes, combined with resampling techniques like SMOTE, Tomek Links, SMOTETomek, SMOTEENN, and ADASYN. Our analysis found that XGBoost combined with ADASYN performed best, achieving an F2-Score of 0.486 and AUC-PR of 0.467 on test data. These results provide valuable insights for policymakers aiming to develop targeted interventions to preserve local media ecosystems and strengthen democratic processes."
"8","2024","Prefix tuning with prompt augmentation for efficient financial news summarization","Mou, Shangyang; Xue, Qiang; Chen, Xunquan; Chen, Jinhui; Takashima, Ryoichi; Takiguchi, Tetsuya; Ariki, Yasuo","https://link.springer.com/article/10.1007/s42001-024-00352-w","In financial markets, the sentiment expressed in news articles plays a pivotal role in interpreting and forecasting market trends, which also holds true for the task of financial news summarization (FNS). Leveraging AI models to analyze social science data, this paper employs financial sentiment to improve FNS effectiveness by introducing a novel method that combines the sentiment polarity extracted from financial news with prompt augmentation techniques to ensure that the generated summaries are emotionally consistent with the source articles. Specifically, the detected sentiments are embedded into prompts and provide directive instructions to the model to generate summaries. Furthermore, to address the problem of limited large-scale datasets for FNS and ensure more tailored results, we employed prefix tuning as a fine-tuning strategy. Preliminary results indicate that our combined methodology outperforms approaches that use only prefix tuning. The experimental findings further validate the significance of sentiment analysis in FNS, which enhances the accuracy of capturing and reflecting market sentiment, thereby yielding valuable insights into financial markets. This method not only improves the accuracy and relevance of summaries but also ensures that their content is emotionally consistent with the source news, offering a new perspective on financial news summarization."
"8","2025","Quantifying collective attention and fan engagement: a case study of the Japanese professional baseball league","Otomo, Naofumi; Sasahara, Kazutoshi; Mizuno, Makoto; Sano, Yukie","https://link.springer.com/article/10.1007/s42001-025-00380-0","The rise of social media has led to new studies on collective attention in specific events such as elections and sports. In the context of collective attention, phenomena such as rapid increases in the number of posts and the sentiment of the content have been extensively studied. However, microscopic details, like who is participating and the specific words used in posts, are not yet fully understood. Therefore, this study proposes a new indicator to quantify the state where a broad range of participants exhibit their narrow attention. We tested this indicator using over 10 million tweets related to Japanese professional baseball teams, where many participants exhibit their attention towards the team they support. We confirmed that collective attention occurs in both positive events, such as championships, and negative events, such as player injuries. This did not necessarily correspond to the simple post volume. Additionally, an analysis distinguishing between own-team fans and fans of other teams revealed significant collective attention occurred when involving fans of other teams. By employing the microscopic perspective defined in this study, which considers localized attention with a broad range of participants, we elucidate the mechanisms of collective attention and provide insights into the origins of collective attention."
"8","2025","Replacing or enhancing the human coder? Multiclass classification of policy documents with large language models","Gunes, Erkan; Florczak, Christoffer Koch","https://link.springer.com/article/10.1007/s42001-025-00362-2","Classifying policy documents into policy issue topics has been a long-time effort in political science and communication disciplines. In this work, we use the GPT 3.5, 4, 4o, Gemini 1.0 pro, 1.5 pro and 1.5 Flash models from OpenAI and Google respectively, which are pre-trained instruction-tuned Large Language Models (LLM), to classify congressional bills and hearings into the Comparative Agendas Project’s 21 major policy topics. We propose three use-case scenarios and estimate overall weighted F1 scores ranging from 0.44 to 0.82 depending on scenario and LLM models employed. The three scenarios aim at minimal, moderate, and major human interference, respectively. Our results point towards the insufficiency of complete reliance on instruction tuned LLMs, an increasing accuracy along with the human effort exerted, and a surprisingly high accuracy achieved in the most humanly demanding use-case. Our superior use-case, which combined GPT 4 and Gemini 1.5 Pro achieved 0.82 weighted F1 score on the 83% of the data in which the two models agreed. Benchmarking against Babel, a custom trained algorithm for this use case, Babel presents with a 13 and 16 percentage point higher accuracy. Future research, practical considerations, and implications of future LLM developments are discussed."
"8","2025","Semi-supervised self-training for COVID-19 misinformation detection: analyzing Twitter data and alternative news media on Norwegian Twitter","Frisli, Siri","https://link.springer.com/article/10.1007/s42001-025-00367-x","This paper investigates the dissemination of COVID-19 misinformation on Twitter within the context of the Norwegian media landscape, characterized by high levels of trust in the media, yet experiencing an increasing influence of alternative news sources. Using a semi-supervised self-training approach for text classification, a dataset of 426,262 tweets is analyzed, identifying approximately 5.11% as misinformation. The study reveals that misinformation tweets receive heightened engagement, particularly in retweets, and originate predominantly from a small group of users. Furthermore, while misinformation tweets are more likely to link to alternative news media sites, these sites represent only a minor fraction of the overall links shared. The analysis highlights distinct temporal patterns, with misinformation activity spiking during significant events such as the arrival of COVID-19 vaccines in Norway and the emergence of the Omicron variant. This research underscores the complexity of misinformation dynamics in a high-trust media environment and emphasizes the need for effective strategies to combat misinformation, particularly from alternative news media that challenge conventional narratives while often propagating falsehoods. Overall, the findings contribute valuable insights into the interplay between social media, alternative news sources, and misinformation dissemination during a global pandemic."
"8","2025","Sentiment analysis of solar energy in U.S. Cities: a 10-year analysis using transformer-based deep learning","Kim, Serena Y.; Soderman, Crystal; Sang, Lan","https://link.springer.com/article/10.1007/s42001-025-00365-z","This study examines U.S. public sentiment toward solar energy from 2013 to 2022 by analyzing 8 million social media posts using RoBERTa, a transformer-based deep learning algorithm. While sentiment has been generally positive, it has declined since 2016, driven by increasing negativity. The analysis reveals significant and widening regional disparities, with Republican-leaning and Southern U.S. regions showing more pronounced negativity. A two-way fixed-effects panel analysis at the municipality level indicates that positive sentiment is associated with high solar radiation and a larger remote-working population, while negative sentiment is linked to a greater prevalence of multifamily housing. These results highlight the complex interplay of environmental, socioeconomic, political, and technological factors in shaping solar energy sentiment and underscore the need for tailored, region-specific strategies. The computational approach, which combines natural language processing and geospatial analysis of social media data, provides a scalable framework for sentiment analysis across diverse topics and regions, extending beyond the specific case of solar energy in the United States."
"8","2025","SME crisis management and performance: leveraging algorithm supported induction to unravel complexity","Graham, Byron; Matikonis, Karolis","https://link.springer.com/article/10.1007/s42001-025-00383-x","This study contributes to the future directions of SME crisis management literature through algorithm supported induction by exploring the complex relationships between SMEs’ strategic responses to the COVID-19 pandemic and their performance. Using data from the UK Longitudinal Small Business Survey, decision tree algorithms and explainable artificial intelligence techniques reveal how configurations of strategic actions and contextual factors shape performance outcomes. The analysis also uncovers dominant determinants and highlights previously overlooked non-linear and asymmetric relationships. Key findings emphasise the critical roles of responses to lockdown measures, utilization of the furlough scheme, and the interplay of firm size and age, which interact in complex configurations exhibiting asymmetry and non-linearity. This understanding provides a basis for informing future research directions, hypotheses, and strategies for SMEs to navigate crises and enhance resilience."
"8","2025","Stance classification: a comparative study and use case on Australian parliamentary debates","Ng, Stephanie; Zhang, James; Yu, Samson; Bhatti, Asim; Backholer, Kathryn; Lim, C. P.","https://link.springer.com/article/10.1007/s42001-025-00366-y","Hansard, or the official verbatim transcripts of parliamentary debates, contains rich information for analysing discourse and political activities on a wide range of policy issues. A fundamental task in political text analysis is to predict whether a speaker takes on a positive or negative view about a debate topic. Unlike social media data, which has received extensive attention for political text mining, stance analysis on Hansard data remains understudied. The main distinctions between the two include longer text and context dependency related to a motion in the Hansard data. As a result, it is difficult to devise a text mining model for parliamentary debates based on existing studies of other applications. This raises the question of the generalisability of prominent methods for cross-domain classification under low-resourced data situations. To address this issue, we construct and compare various state-of-the-art natural language processing techniques and machine learning models for stance classification, using two benchmark datasets from the UK Hansard. To improve the model accuracy, a hybrid approach is designed, which leverages both text and numerical features in the classification process. The devised method achieves 15–20% improvement in accuracy compared to the baseline methods. Transfer learning of pre-trained language models is further investigated for political text representation and domain adaptation in a new stance classification task: Australian Hansard with debates focusing on the public health issue of obesity and related junk food marketing policies. Then, a feature augmentation technique is employed to optimise the learning model from the source domain for prediction on unseen test data in the target domain. This approach results in approximately 10% improvement in accuracy compared to those from the baseline methods. Finally, an error analysis is conducted to gain further insights into the devised model, which reveals the characteristics of commonly misclassified samples and suggestions for future work."
"8","2024","Substance use prediction using artificial intelligence techniques","Unlu, Ali; Subasi, Abdulhamit","https://link.springer.com/article/10.1007/s42001-024-00356-6","Substance use poses a significant public health challenge worldwide, including in Finland. This study seeks to predict patterns of substance use, aiming to identify the driving factors behind these trends using artificial intelligence techniques. This research utilizes data from the 2022 Finnish National Drug Survey, comprising 3,857 participants, to develop predictive models targeting the use of cannabis, ecstasy, amphetamine, cocaine, and non-prescribed medications. Analysis of 23 questionnaire items yielded 76 features across four substance use dimensions: demographic attributes, experience and preferences of drug use, health-related aspects of drug use, and social attributes of drug use. In addition to traditional machine learning (ML) approaches previously applied in this field, three sophisticated deep learning models—standard LSTM, BiLSTM, and Recursive LSTM—were employed to evaluate their predictive performance. These LSTM models were further augmented with SHAP analysis to identify the primary influences on substance use patterns. While all these artificial intelligence models demonstrated superior predictive performance, our focus was specifically on the outcomes of the LSTM models due to their novel application in this field. The results underscore the exceptional performance of both LSTM and ML models in unraveling complex substance use behaviors, underlining their applicability in diverse public health contexts. This study not only sheds light on the predictors of substance uses but also furthers methodological innovation in drug research, charting new directions for crafting targeted intervention strategies and policies. The observed variability in predictor significance across different substances indicates the necessity for tailored prevention programs catering to particular user groups. Integrating machine learning with social science and public health policy, our research deepens the understanding of the factors influencing substance use and promotes effective strategies for its mitigation. Despite some limitations, this investigation establishes a foundation for future studies and accentuates the critical role of advanced computational techniques in addressing intricate social issues."
"8","2025","Towards fair AI: a review of bias and fairness in machine intelligence","Kurumayya, Venkatesha","https://link.springer.com/article/10.1007/s42001-025-00386-8","As artificial intelligence and machine learning (ML) have grown in popularity over the past few decades, they are now being applied to a multitude of fields. While making decisions in this domain, the limitations of bias and fairness have become very important issues for researchers and engineers. As a result, it is crucial to be concerned about the potential harmfulness of data and algorithms while choosing them for an AI application. In this view, this paper introduces a review of the definition of bias with a few real-life examples in ML, different types of bias, methods to mitigate bias, fairness in ML, some tools to detect bias in ML algorithms, metrics for fairness measurement, and some typical datasets used by researchers to study the fairness of ML algorithms. The main contribution of this paper is to present the concepts of bias and fairness, tools, datasets, and metrics for technical and non-technical people such as philosophers, policymakers, lawyers, and social scientists for further related study and research in their domain of interest relevant to ML algorithms. Some future research directions in the area of fairness in ML algorithms are highlighted."
"8","2024","Traffic management systems: a survey of current solutions and emerging technologies","Etaiwi, Wael; Idwan, Sahar","https://link.springer.com/article/10.1007/s42001-024-00340-0","With the rapid increase in the number of vehicles on the road, the necessity for traffic management systems became apparent. In order to effectively control traffic, a number of technical solutions were proposed to solve traffic issues, such as eliminating traffic congestion and identifying the shortest routes. Researchers are motivated to use various data-driven solutions that assist decision-makers in making timely decisions due to the enormous amount of traffic data that has been gathered by utilizing sensors, traffic signals, and cameras. The primary objective of this research is to analyze the current traffic management systems from several technical perspectives. According to the technology employed, this study reviews recent traffic management system methodologies and classifies them into five main groups: machine learning-based, fuzzy logic-based, statistically-based, graph-based, and hybrid approaches. Each group is presented together with a thorough overview of its scope, main challenges, analysis type, and dataset. Researchers and practitioners are anticipated to use this study as a guide to develop new technical-based traffic management systems, as well as to propose new contributions or enhance current ones."
"8","2025","Unraveling media perspectives: a comprehensive methodology combining large language models, topic modeling, sentiment analysis, and ontology learning to analyse media bias","Jähde, Orlando; Weber, Thorsten; Buchkremer, Rüdiger","https://link.springer.com/article/10.1007/s42001-025-00372-0","Biased news reporting poses a significant threat to informed decision-making and the functioning of democracies. This study introduces a novel methodology for scalable, minimally biased analysis of media bias in political news. The proposed approach examines event selection, labeling, word choice, and commission and omission biases across news sources by leveraging natural language processing techniques, including hierarchical topic modeling, sentiment analysis, and ontology learning with large language models. Through three case studies related to current political events, we demonstrate the methodology’s effectiveness in identifying biases across news sources at various levels of granularity. This work represents a significant step towards scalable, minimally biased media bias analysis, laying the groundwork for tools to help news consumers navigate an increasingly complex media landscape."
"8","2025","ViTHSD: exploiting hatred by targets for hate speech detection on Vietnamese social media texts","Vo, Cuong Nhat; Huynh, Khanh Bao; Luu, Son T.; Do, Trong-Hop","https://link.springer.com/article/10.1007/s42001-024-00348-6","The growth of social networks makes toxic content spread rapidly. Hate speech detection is a task to help decrease the number of harmful comments. With the diversity in the hate speech created by users, it is necessary to interpret the hate speech besides detecting it. Hence, we propose a methodology to construct a system for targeted hate speech detection from online streaming texts from social media. We first introduce the ViTHSD - a targeted hate speech detection dataset for Vietnamese Social Media Texts. The dataset contains 10K comments, each comment is labeled to specific targets with three levels: clean, offensive, and hate. There are 5 targets in the dataset, and each target is labeled with the corresponding level manually by humans with strict annotation guidelines. The inter-annotator agreement obtained from the dataset is 0.45 by Cohen’s Kappa index, which is indicated as a moderate level. Then, we construct a baseline for this task by combining the Bi-GRU-LSTM-CNN with the pre-trained language model to leverage the power of text representation of BERTology. Finally, we suggest a methodology to integrate the baseline model for targeted hate speech detection into the online streaming system for practical application in preventing hateful and offensive content on social media."
"8","2025","Where did you come from, where did you go? News trajectories in Germany and Switzerland","Makhortykh, Mykola; León, Ernesto; Urman, Aleksandra; Gil-López, Teresa","https://link.springer.com/article/10.1007/s42001-025-00361-3","The article examines news trajectories used by individuals to access mainstream journalistic media in Germany and German-speaking Switzerland during the first peak of COVID-19 in Europe. It discusses the role of individual characteristics related to sociodemographics, political, and media attitudes in predisposition towards specific modes of news access. For this aim, it combines survey data with data on individuals’ engagement with news automatically tracked in spring 2020. The findings of the article highlight the prevalence of accessing news via search engines (search trajectory) and by directly going to news websites (routine trajectory). The study also demonstrates the important role of political and media attitudes in the prevalence of specific modes of news access, which, however, differs between the countries, thus emphasizing the importance of conducting more comparative research using tracking data."
